"X","Y","k","annual_ppt","bareground","elevation","occ","ph20","slope","temp_annual_range","topo_pst_index","treecover","valley_depth","veg_index","wetness_index"
34.5776532859746,1.10270171857357,408,1660.96826171875,1,4083,127,60,28,17.3284225463867,-113,50,-1145,1915,69
34.6005699526046,1.02561838536356,386,1887.54431152344,3,3316,34,62,15,17.5597763061523,177,19,970,2138,87
34.6443199525346,1.01103505205356,319,2000.21240234375,0,3150,36,58,24,17.5895233154297,409,44,436,1808,83
34.6172366192446,1.00270171873356,310,1946.35327148438,0,3075,26,58,7,17.5684547424316,106,60,1519,1322,95
34.6297366192246,0.998535052073562,368,2008.15869140625,0,3070,29,58,17,17.5571365356445,457,69,392,1591,91
34.5818199526346,0.992285052083562,403,1956.3671875,0,3140,25,59,21,17.5320682525635,101,37,894,1648,77
34.5901532859546,0.990201718753562,349,1899.40026855469,0,3040,27,57,2,17.5147380828857,110,30,1199,1769,85
34.6401532858746,0.977701718773562,352,2052.76000976562,0,2926,37,54,8,17.5321235656738,130,56,182,1504,96
34.5005699527646,0.938118385503563,411,1681.9873046875,0,2646,50,52,15,17.2497444152832,162,94,5074,2322,89
34.5755699526446,0.896451718903563,347,1730.37097167969,0,2384,30,58,13,17.3345355987549,-1,57,1947,1616,90
34.6068199525946,0.894368385573563,390,1840.5517578125,0,2335,34,58,4,17.3694496154785,-182,63,1847,1761,87
34.7339032857245,0.881868385593563,406,1913.92260742188,4,2144,36,61,6,17.9580974578857,74,16,1505,1147,87
34.6193199525746,0.879785052263563,401,1820.53161621094,0,2237,27,56,15,17.5479488372803,-266,44,1833,1440,85
35.0964032851443,0.879785052263563,305,1168.80700683594,1,1799,22,59,5,18.6786251068115,-74,21,1062,1545,100
35.0130699519444,0.875618385603563,294,1278.41101074219,5,1785,23,61,3,18.6866264343262,-17,12,1264,1590,104
35.0005699519644,0.871451718943563,301,1341.54040527344,6,1813,22,62,4,18.6665878295898,63,8,1092,1080,103
34.7547366190245,0.867285052283563,369,1821.27770996094,3,1998,27,58,11,18.2323226928711,-7,15,1282,1257,91
35.0047366186244,0.865201718953563,251,1335.49523925781,1,1788,21,60,4,18.6771926879883,-3,19,1145,1114,103
35.0339032852444,0.854785052303563,280,1168.91052246094,6,1783,23,58,3,18.6973857879639,-61,11,1216,1509,103
34.4255699528847,0.850618385643563,288,1193.02026367188,1,1490,22,58,7,17.8485813140869,-190,39,13053,1899,92
35.0464032852244,0.850618385643563,306,1211.271484375,0,1794,22,58,1,18.672212600708,-126,23,1143,1359,102
35.0568199518744,0.850618385643563,304,1235.89489746094,1,1805,23,59,5,18.6654453277588,-123,17,1008,1550,102
34.4693199528146,0.848535052313563,366,1341.17858886719,2,1836,35,57,12,17.9163608551025,-209,24,8020,1846,81
34.5964032859446,0.848535052313563,414,1857.99084472656,1,2179,44,60,12,17.7362327575684,166,20,1184,1469,92
34.5464032860246,0.846451718983563,400,1994.98669433594,0,2283,45,59,4,17.468599319458,207,51,1115,1999,86
34.6130699525846,0.846451718983563,402,1791.66528320312,3,2083,39,58,14,17.8504161834717,-226,18,2006,1560,87
34.5276532860546,0.844368385653563,360,1512.486328125,0,2044,33,58,6,17.6793937683105,-246,85,4569,1360,90
34.7005699524445,0.844368385653563,307,1816.55603027344,1,1976,31,60,3,18.1862907409668,-52,31,2439,2199,93
34.6505699525246,0.840201718993563,397,1783.97302246094,3,2019,35,60,11,18.0456352233887,-127,28,1790,1829,88
34.7776532856545,0.836035052333563,371,1313.87451171875,0,1702,18,60,2,18.5726337432861,-115,39,3298,1957,97
34.5797366193046,0.823535052353563,325,1992.89916992188,3,2026,38,59,18,17.8250694274902,-70,13,2106,2088,92
34.7297366190645,0.817285052363563,242,1569.70703125,0,1738,20,59,2,18.5020732879639,63,22,3376,2353,106
34.8630699521845,0.817285052363563,281,1439.66674804688,1,1739,17,59,5,18.6436023712158,-74,20,667,2467,104
34.4922366194446,0.815201719033563,314,1490.25537109375,1,1713,32,58,15,17.974048614502,-183,42,5957,1451,81
34.6047366192646,0.815201719033563,315,1687.25244140625,1,1936,42,59,31,18.1607551574707,154,27,2380,2251,79
34.8109866189345,0.815201719033563,303,1350.72253417969,1,1686,18,60,6,18.5912380218506,20,19,2036,1674,104
34.4151532862347,0.808951719043563,225,1116.38354492188,1,1390,11,57,5,17.7800159454346,-119,19,5533,2025,96
34.6964032857845,0.808951719043563,248,1669.01013183594,1,1729,23,59,6,18.4314804077148,-156,35,3379,1639,94
34.6984866191145,0.808951719043563,240,1669.01013183594,1,1729,23,59,6,18.4314804077148,-156,35,3379,1639,94
34.8401532855545,0.808951719043563,290,1270.46459960938,1,1705,21,60,5,18.6329784393311,-35,16,1234,1757,105
34.8734866188344,0.808951719043563,253,1547.69458007812,5,1776,14,59,3,18.6316833496094,142,7,60,1750,103
34.4068199529147,0.806868385713563,219,1141.20227050781,2,1374,12,60,6,17.7467784881592,-163,16,4350,1313,100
34.7068199524345,0.806868385713563,243,1567.46130371094,1,1711,21,59,1,18.4432048797607,-25,28,3324,1985,99
34.8109866189345,0.806868385713563,293,1298.23864746094,3,1677,20,60,6,18.5809669494629,6,16,1975,1677,105
34.4964032861046,0.804785052383563,245,1425.62573242188,1,1683,20,58,3,17.9721145629883,65,26,6464,1769,91
34.7651532856745,0.804785052383563,247,1333.67614746094,1,1685,19,59,3,18.5235481262207,14,22,2692,1747,106
34.8026532856145,0.800618385723563,222,1415.41247558594,4,1706,17,60,5,18.5754585266113,75,12,1873,1811,108
34.4193199528947,0.798535052393563,218,1176.4755859375,1,1408,13,58,6,17.7226219177246,29,16,2483,1778,105
34.4714032861446,0.798535052393563,221,1328.28466796875,3,1550,17,60,5,17.8292121887207,-168,16,2613,1736,88
34.8547366188645,0.798535052393563,211,1374.94616699219,2,1693,15,60,2,18.6391201019287,-99,16,841,1638,102
34.9234866187544,0.798535052393563,330,1166.97021484375,6,1688,21,60,5,18.7011127471924,-39,14,1533,1561,102
34.6172366192446,0.796451719063563,207,1437.62951660156,0,1656,26,57,6,18.2265338897705,-104,37,5004,1866,90
34.7005699524445,0.796451719063563,238,1493.94396972656,0,1691,21,58,4,18.4119033813477,-53,49,3146,2454,98
34.8568199521945,0.794368385733563,204,1374.94616699219,2,1693,15,60,2,18.6391201019287,-99,16,841,1638,102
34.6505699525246,0.792285052403563,171,1335.81213378906,1,1630,16,57,4,18.2922554016113,-177,26,5022,1839,95
34.7109866190945,0.790201719073563,217,1498.32885742188,0,1708,17,57,3,18.4170169830322,93,29,2704,1763,106
34.8505699522045,0.790201719073563,209,1404.53283691406,2,1717,17,60,4,18.6232891082764,40,17,759,1683,101
34.4734866194746,0.788118385743563,216,1285.05126953125,0,1520,16,57,7,17.797191619873,-206,28,2815,1486,92
34.5776532859746,0.788118385743563,289,1838.62414550781,0,1805,34,57,29,18.0784397125244,-344,43,3513,1526,76
34.4255699528847,0.783951719083563,205,1255.74475097656,4,1469,14,60,3,17.7022972106934,127,9,1494,1918,110
34.4943199527746,0.783951719083563,229,1287.63586425781,3,1606,15,60,7,17.8628387451172,178,11,5054,2050,97
34.9714032853444,0.783951719083563,311,1157.38073730469,0,1701,20,59,2,18.7360801696777,-87,36,1605,1686,104
34.3818199529547,0.781868385753563,213,1071.78063964844,2,1339,9,60,5,17.6538543701172,-8,17,2851,2356,106
34.4401532861947,0.779785052423563,214,1308.49169921875,1,1486,16,60,7,17.7101230621338,33,16,1084,1820,104
34.4714032861446,0.779785052423563,219,1217.86889648438,0,1482,15,58,5,17.7806282043457,-162,28,2829,1936,96
34.3964032862647,0.777701719093563,200,1226.96984863281,1,1405,12,59,7,17.6544284820557,43,17,430,2405,102
34.6464032858646,0.777701719093563,177,1387.0537109375,0,1639,18,58,5,18.2633056640625,114,26,4298,1578,105
34.7984866189545,0.777701719093563,201,1419.44873046875,2,1675,19,59,5,18.5473346710205,19,17,1537,2068,106
35.0026532852944,0.775618385763563,231,1161.47888183594,5,1736,15,59,5,18.7342548370361,-91,11,1142,1419,97
34.8380699522245,0.773535052433563,202,1290.31311035156,2,1656,14,59,4,18.5936336517334,-41,15,1373,1543,104
34.4505699528447,0.771451719103563,226,1346.70275878906,6,1490,17,59,4,17.7063827514648,40,8,1138,1437,104
34.9109866187744,0.769368385773563,233,1429.26379394531,0,1673,21,60,3,18.6744537353516,-108,22,1427,1567,102
34.7547366190245,0.767285052443563,212,1379.20727539062,3,1672,21,60,3,18.468864440918,32,13,1803,1573,109
35.1068199517943,0.767285052443563,396,1156.0400390625,6,1848,16,58,5,18.6564846038818,21,4,1560,1475,106
34.5672366193246,0.765201719113563,217,1551.42517089844,0,1643,22,57,4,18.0472984313965,-116,35,3313,1498,89
34.9568199520344,0.765201719113563,237,1110.62438964844,4,1678,22,60,3,18.7122535705566,28,12,1686,1857,106
34.5943199526146,0.763118385783563,203,1808.19665527344,0,1761,34,57,27,18.125150680542,209,40,2056,1644,83
35.0839032851643,0.761035052453563,351,1090.13122558594,8,1799,21,58,11,18.7091217041016,7,4,1756,1410,100
34.7651532856745,0.758951719123563,160,1303.97692871094,2,1649,22,59,2,18.4668273925781,3,14,1540,1536,112
34.8464032855445,0.758951719123563,195,1175.49584960938,3,1645,15,60,3,18.5922393798828,-95,14,1598,1951,106
34.4964032861046,0.756868385793563,176,1196.06225585938,0,1494,13,59,5,17.7815380096436,-257,19,5086,1350,93
34.5859866192946,0.756868385793563,199,1639.26733398438,0,1621,19,57,3,18.0639476776123,-146,33,2916,1534,92
34.6276532858946,0.756868385793563,125,1583.25854492188,0,1608,15,58,1,18.1524658203125,79,37,3656,1351,113
34.8255699522445,0.756868385793563,235,1219.13012695312,1,1619,15,59,4,18.5452575683594,-129,25,1845,1434,106
34.4943199527746,0.754785052463563,180,1174.61462402344,1,1523,17,58,10,17.7555198669434,49,11,3969,1488,99
34.5776532859746,0.752701719133563,200,1609.86535644531,2,1627,19,58,2,18.0433578491211,-93,18,2817,1711,92
34.9547366187044,0.752701719133563,241,1076.47094726562,4,1646,23,60,3,18.7066955566406,-74,13,1934,1517,107
34.5214032860646,0.750618385803563,188,1418.18872070312,2,1611,20,56,14,17.9010696411133,-22,13,3781,1933,88
34.6172366192446,0.748535052473563,123,1653.57556152344,2,1600,17,59,2,18.1173992156982,-17,17,2561,1793,107
34.6234866192346,0.748535052473563,132,1617.09924316406,0,1594,18,58,2,18.1320819854736,20,28,3276,1531,111
34.7172366190845,0.746451719143563,124,1213.03356933594,1,1627,14,58,4,18.340482711792,57,19,1810,2811,103
34.8901532854744,0.746451719143563,232,1490.82397460938,1,1714,16,59,5,18.6438827514648,-76,21,1080,1769,101
34.4630699528246,0.744368385813563,208,1152.82336425781,1,1468,14,58,6,17.7124767303467,177,30,2016,2105,103
34.5318199527146,0.744368385813563,178,1720.38439941406,1,1704,19,57,9,17.9430732727051,301,22,1765,1619,87
34.7651532856745,0.744368385813563,182,1410.22155761719,0,1622,20,58,1,18.4464092254639,-104,22,1361,3281,112
34.6526532858546,0.742285052483563,124,1290.51538085938,0,1561,16,57,3,18.1642208099365,29,35,3880,1485,103
34.9318199520744,0.742285052483563,224,1221.73400878906,4,1659,20,61,5,18.6801509857178,14,12,1757,1348,100
34.4401532861947,0.740201719153563,210,1248.08520507812,0,1391,12,60,5,17.658935546875,-65,17,2259,1836,107
34.7422366190445,0.740201719153563,130,1395.47668457031,3,1670,17,58,6,18.3976249694824,77,12,1021,2018,105
34.7464032857045,0.740201719153563,154,1531.01489257812,1,1678,20,58,3,18.420482635498,47,28,980,1677,111
34.4589032861646,0.738118385823563,203,1145.07885742188,2,1380,10,58,3,17.6974277496338,-163,15,2616,2554,99
34.4984866194346,0.738118385823563,185,1432.05871582031,2,1626,16,57,9,17.780834197998,318,18,2694,1853,91
34.7964032856245,0.738118385823563,185,1321.85388183594,0,1605,19,59,5,18.4862823486328,-148,22,1371,2044,111
34.9755699520044,0.738118385823563,244,1334.12341308594,1,1705,22,61,4,18.706880569458,-60,23,1368,1865,94
34.8651532855145,0.736035052493563,216,1262.23449707031,7,1683,16,60,4,18.6050682067871,-2,10,1355,2105,103
34.6026532859346,0.731868385833563,117,1586.49487304688,1,1572,16,57,3,18.0308494567871,-48,25,955,1532,105
34.7651532856745,0.731868385833563,184,1595.61511230469,1,1669,18,58,4,18.4416732788086,32,20,669,1704,116
34.8068199522745,0.731868385833563,220,1340.509765625,2,1601,18,61,3,18.492712020874,-106,25,1563,1724,109
34.4380699528647,0.729785052503563,184,1186.75805664062,3,1376,9,61,3,17.6488304138184,-37,11,2482,1982,106
34.8839032854844,0.729785052503563,220,1475.62158203125,2,1720,16,60,4,18.6270999908447,70,18,1147,1336,101
34.4422366195247,0.725618385843563,218,1186.75805664062,3,1376,9,61,3,17.6488304138184,-37,11,2482,1982,106
34.8443199522145,0.725618385843563,213,1164.65222167969,2,1640,14,60,4,18.5479793548584,71,16,1441,2536,109
34.5609866193346,0.721451719183563,168,1350.43713378906,0,1526,14,58,4,17.8779602050781,-204,33,1388,1941,92
35.0526532852144,0.721451719183563,302,1181.39318847656,0,1856,33,59,7,18.6496391296387,158,58,1010,1345,99
34.5339032860446,0.719368385853563,170,1378.31994628906,2,1519,13,58,4,17.7961082458496,-161,12,2054,1433,90
34.7401532857145,0.719368385853563,179,1264.13598632812,1,1627,15,58,4,18.3656234741211,-23,19,980,1905,108
34.6776532858145,0.717285052523563,118,1183.52954101562,1,1507,16,57,4,18.1686534881592,-88,32,2988,1848,110
34.6839032858045,0.717285052523563,132,1136.697265625,1,1508,16,58,4,18.1892433166504,-102,20,2861,1702,106
34.5755699526446,0.715201719193563,119,1641.59350585938,2,1618,16,58,3,17.9428882598877,173,19,456,1831,101
34.8901532854744,0.715201719193563,228,1391.29467773438,3,1680,13,59,3,18.6170349121094,-36,9,1444,1968,99
34.7630699523445,0.713118385863563,168,1588.50183105469,1,1661,17,58,2,18.4216194152832,-53,27,484,1337,118
34.5901532859546,0.711035052533563,121,1668.54418945312,0,1577,15,59,2,17.9752368927002,-7,11,788,1564,106
34.4547366195047,0.708951719203563,195,1190.91711425781,0,1373,15,56,3,17.6393089294434,-99,21,3024,1671,108
34.6714032858245,0.708951719203563,116,1256.80969238281,3,1502,16,57,3,18.1568641662598,-59,15,2781,1767,110
35.0484866185544,0.708951719203563,279,1188.83435058594,0,1855,26,59,3,18.6405811309814,54,82,612,1664,105
34.5193199527346,0.706868385873563,160,1275.0830078125,2,1493,11,59,5,17.7126960754395,42,11,2771,1501,99
34.7880699523045,0.706868385873563,215,1601.40588378906,3,1670,18,58,1,18.4547290802002,41,16,204,2782,115
34.8734866188344,0.702701719213564,215,1349.63269042969,3,1681,14,60,4,18.5865535736084,88,11,1285,1975,104
34.9255699520844,0.702701719213564,234,1121.61975097656,2,1638,21,61,4,18.6429004669189,22,14,2015,1509,101
34.7214032857445,0.700618385883564,158,1214.68603515625,2,1638,15,57,7,18.295316696167,235,9,733,1842,99
34.8359866188945,0.700618385883564,178,1158.2216796875,1,1579,14,60,4,18.4989185333252,-121,22,1937,1705,107
34.6380699525446,0.698535052553564,117,1520.59143066406,1,1536,18,59,2,18.0545406341553,-42,16,2151,1743,115
34.4839032861246,0.694368385893564,198,1189.20837402344,2,1393,9,59,3,17.6586971282959,-92,9,3253,1477,101
34.5130699527446,0.694368385893564,170,1203.0947265625,2,1490,13,59,6,17.7048053741455,164,9,2486,1538,100
34.8984866187944,0.694368385893564,194,1174.4716796875,1,1627,18,61,4,18.6035499572754,-78,22,2013,1646,102
35.0630699518644,0.692285052563564,383,1250.0498046875,3,1883,18,58,2,18.620189666748,-38,6,858,1597,115
34.5693199526546,0.690201719233564,144,1493.86975097656,0,1541,19,57,2,17.8372135162354,-72,17,1552,1753,105
34.7464032857045,0.690201719233564,165,1524.81921386719,5,1668,20,57,4,18.3562660217285,149,15,311,1679,117
34.8297366189045,0.690201719233564,187,1199.98046875,1,1589,15,60,4,18.4805946350098,-54,31,1797,1761,106
34.8839032854844,0.688118385903564,206,1192.64807128906,2,1636,19,61,4,18.571849822998,14,14,1772,1532,102
34.7922366189645,0.686035052573564,161,1501.72680664062,1,1639,18,58,3,18.425464630127,-27,19,559,2085,108
34.4401532861947,0.683951719243564,180,1157.01403808594,0,1339,12,56,3,17.562593460083,-46,20,2650,1995,110
34.6297366192246,0.681868385913564,123,1583.81213378906,2,1560,18,57,2,18.0070781707764,116,15,1170,2033,112
34.8089032856045,0.681868385913564,159,1563.49389648438,3,1643,15,58,1,18.4472827911377,58,20,726,1641,112
35.0609866185344,0.681868385913564,405,1251.41088867188,3,1879,20,58,3,18.6205596923828,30,14,594,1469,117
34.4568199528346,0.679785052583564,173,1170.11730957031,0,1345,11,57,2,17.5761451721191,-82,26,2898,2008,111
34.6130699525846,0.679785052583564,126,1512.23852539062,2,1528,18,57,4,17.9536724090576,1,15,1539,1941,112
34.7193199524145,0.679785052583564,137,1085.01904296875,0,1470,15,58,1,18.2133102416992,-98,18,2300,1865,104
34.4568199528346,0.677701719253564,165,1170.11730957031,0,1345,11,57,2,17.5761451721191,-82,26,2898,2008,111
35.0964032851443,0.677701719253564,407,1278.87121582031,2,1914,18,58,3,18.6138706207275,-15,11,1132,991,115
34.8318199522345,0.675618385923564,193,1227.14233398438,3,1569,16,60,4,18.4698505401611,-127,16,1905,1643,105
34.8505699522045,0.675618385923564,183,1179.81970214844,0,1600,15,60,5,18.5035552978516,6,33,1828,1602,102
34.9109866187744,0.675618385923564,206,1135.36999511719,0,1604,20,58,2,18.6031303405762,-133,19,2171,1538,104
34.5505699526846,0.673535052593564,158,1410.13525390625,1,1544,18,60,5,17.7379245758057,25,14,1785,2120,98
34.5589032860046,0.673535052593564,147,1431.22692871094,0,1520,17,58,1,17.7636947631836,-117,27,2044,2125,102
34.6214032859046,0.665201719273564,107,1501.79821777344,0,1507,17,56,5,17.9360275268555,-121,27,1142,1588,107
34.8151532855945,0.663118385943564,192,1566.84106445312,1,1640,17,58,2,18.4427814483643,123,19,0,1628,110
35.0526532852144,0.663118385943564,313,1348.91625976562,4,1894,21,58,3,18.6076927185059,53,9,272,1617,112
34.9943199519744,0.661035052613564,410,1193.74340820312,6,1807,22,59,2,18.6358833312988,-34,12,208,1920,97
34.7630699523445,0.656868385953564,171,1692.30554199219,1,1664,16,56,5,18.3509159088135,129,19,34,1885,103
34.8484866188745,0.656868385953564,181,1089.30358886719,0,1564,15,60,4,18.4681701660156,-23,21,2077,1662,102
34.9047366187844,0.656868385953564,223,1150.67492675781,2,1640,18,59,7,18.5879135131836,-31,20,1406,1868,99
35.1068199517943,0.656868385953564,398,1207.14965820312,6,1886,27,62,3,18.6456336975098,-3,8,1622,1476,112
34.9922366186444,0.654785052623564,395,1248.22790527344,3,1807,23,61,4,18.6121940612793,6,15,192,2699,98
34.6026532859346,0.648535052633564,147,1720.3505859375,3,1553,19,56,3,17.8465366363525,74,13,930,2037,102
34.6651532858345,0.648535052633564,119,1479.6494140625,1,1496,16,57,4,18.0253124237061,56,15,80,1736,112
34.6880699524645,0.648535052633564,112,1334.47473144531,1,1497,17,57,2,18.0970821380615,72,19,55,2486,111
34.4089032862447,0.644368385973564,183,1200.29333496094,0,1294,14,55,10,17.3818168640137,-114,17,2609,1865,103
34.5464032860246,0.644368385973564,153,1513.85400390625,2,1597,19,54,7,17.698070526123,207,16,1289,1497,87
34.6797366191445,0.644368385973564,110,1298.05993652344,0,1478,16,57,3,18.0814361572266,-37,25,336,2583,109
34.7339032857245,0.642285052643564,111,1103.01501464844,0,1484,16,58,3,18.2058544158936,-39,34,2060,1858,102
34.5443199526946,0.638118385983564,174,1413.29870605469,0,1465,17,56,2,17.63796043396,-187,30,1992,1680,101
34.6693199524945,0.638118385983564,113,1518.54467773438,0,1495,15,57,4,18.0110836029053,57,37,88,1840,112
34.4255699528847,0.636035052653564,167,1335.05834960938,2,1341,9,58,1,17.3864002227783,82,10,2037,1946,113
34.6214032859046,0.636035052653564,142,1617.95568847656,1,1517,18,58,4,17.8911590576172,62,18,304,1790,106
35.0547366185444,0.636035052653564,377,1246.69934082031,7,1885,16,59,3,18.6422672271729,169,7,544,1394,101
34.5818199526346,0.633951719323564,155,1728.8046875,2,1524,16,58,6,17.7769355773926,-29,11,1607,1973,92
34.7339032857245,0.633951719323564,115,1099.35693359375,0,1473,15,59,1,18.1970233917236,-38,15,1981,1443,102
34.7339032857245,0.631868385993564,110,1106.09704589844,0,1474,17,58,2,18.1858749389648,-4,22,1723,1684,106
34.6255699525646,0.625618386003564,127,1632.06396484375,1,1506,18,57,4,17.8743133544922,31,15,330,1771,106
34.6922366191245,0.623535052673564,121,1246.08581542969,2,1464,16,58,3,18.0706920623779,10,16,738,1932,113
34.5339032860446,0.621451719343564,132,1607.04016113281,1,1505,16,57,5,17.5709037780762,105,12,593,2338,103
34.4484866195147,0.619368386013564,175,1291.45874023438,3,1323,11,57,4,17.427038192749,-83,11,2387,1578,106
34.4630699528246,0.619368386013564,176,1324.66479492188,0,1374,16,55,13,17.45556640625,-33,12,1896,1352,99
34.7380699523845,0.619368386013564,118,1128.25317382812,1,1487,16,57,2,18.191032409668,3,16,1318,1620,105
34.8901532854744,0.619368386013564,227,1312.15246582031,3,1704,17,58,4,18.5573654174805,154,13,455,2008,98
34.9651532853544,0.619368386013564,300,1107.90991210938,3,1702,21,60,6,18.6538848876953,-29,21,1046,1372,102
34.4839032861246,0.617285052683564,196,1318.73596191406,1,1371,13,56,7,17.4866142272949,-106,15,1711,2283,99
34.8484866188745,0.617285052683564,194,1155.85144042969,4,1600,18,59,4,18.4421691894531,113,13,1526,1587,100
34.8776532854944,0.617285052683564,164,1162.00341796875,0,1613,17,59,5,18.4995594024658,-177,22,1319,2006,93
34.7776532856545,0.608951719363564,140,1354.39147949219,8,1529,22,56,10,18.2468757629395,-171,17,1490,1120,91
34.3922366196047,0.602701719373564,164,1304.02661132812,2,1280,9,58,4,17.222635269165,-30,8,2203,2160,108
34.7901532856345,0.602701719373564,142,1462.84326171875,1,1555,18,57,8,18.3017959594727,73,14,1279,1559,92
34.4297366195447,0.600618386043564,149,1296.634765625,1,1288,9,57,3,17.3285388946533,-29,10,2321,1850,112
34.5693199526546,0.600618386043564,125,1403.55944824219,0,1425,19,57,1,17.6489238739014,-87,39,1424,1812,105
34.7630699523445,0.600618386043564,136,1293.81164550781,1,1502,14,59,1,18.2101783752441,-33,19,1674,2027,103
34.8339032855645,0.596451719383564,156,1141.06262207031,1,1569,14,58,3,18.3722820281982,81,18,1634,1835,101
34.7005699524445,0.592285052723564,113,1233.79235839844,1,1468,14,57,2,18.0407943725586,55,13,1417,1629,114
34.3755699529647,0.590201719393564,204,1391.97778320312,0,1275,13,55,1,17.1120567321777,75,28,2259,1948,116
34.4797366194646,0.590201719393564,150,1218.46740722656,1,1320,13,57,3,17.4513339996338,-47,17,1986,1704,107
34.7401532857145,0.590201719393564,152,1375.78942871094,0,1494,15,57,1,18.1352481842041,-51,24,1546,1665,113
34.7609866190145,0.590201719393564,148,1420.33068847656,1,1503,14,57,4,18.1759452819824,29,18,1531,3079,108
34.6339032858846,0.586035052733564,112,1636.88391113281,1,1492,19,58,3,17.826868057251,70,16,88,2126,109
34.6651532858345,0.583951719403564,141,1476.10864257812,1,1455,17,56,3,17.9295024871826,-3,20,844,1622,112
34.4734866194746,0.579785052743564,189,1176.84313964844,0,1308,13,56,3,17.4153804779053,17,18,1980,2197,110
34.5734866193146,0.575618386083564,127,1353.2333984375,1,1418,18,56,4,17.6332588195801,-101,20,918,1133,108
34.4964032861046,0.571451719423564,161,1121.78405761719,1,1313,16,56,2,17.4670333862305,-66,13,1836,1698,105
34.5193199527346,0.569368386093564,122,1166.94299316406,1,1347,13,56,3,17.5012683868408,-73,11,1588,1743,101
34.6464032858646,0.567285052763564,114,1519.19201660156,0,1482,15,57,3,17.8434677124023,54,22,575,2678,108
34.7859866189745,0.567285052763564,117,1092.44396972656,2,1461,16,58,2,18.2286128997803,3,15,2479,1357,105
34.5797366193046,0.563118386103564,134,1330.38671875,2,1429,19,55,2,17.6426658630371,24,17,679,1904,111
34.8047366189445,0.563118386103564,118,1098.2431640625,1,1499,15,59,2,18.2730884552002,65,29,2247,1456,110
34.3755699529647,0.561035052773564,167,1359.85766601562,2,1250,11,57,1,17.050142288208,-50,14,2139,2258,116
34.3755699529647,0.558951719443564,150,1334.07727050781,3,1246,13,56,2,17.0279579162598,-51,14,2080,1807,116
34.6672366191645,0.558951719443564,172,1617.72644042969,0,1475,16,56,3,17.8794136047363,63,26,939,1500,111
34.7922366189645,0.558951719443564,120,1122.01843261719,1,1465,16,57,4,18.2347602844238,-47,19,2400,1656,105
34.4734866194746,0.556868386113564,169,1190.87231445312,3,1298,14,57,2,17.3515243530273,-59,12,1649,2395,108
34.6672366191645,0.556868386113564,159,1617.72644042969,0,1475,16,56,3,17.8794136047363,63,26,939,1500,111
34.7089032857645,0.556868386113564,157,1389.6591796875,0,1480,15,57,3,18.0080261230469,45,17,1685,2752,111
34.7859866189745,0.554785052783564,99,1120.673828125,3,1448,15,57,1,18.2172908782959,-79,14,2548,1612,106
34.7047366191045,0.552701719453564,209,1389.6591796875,0,1480,15,57,3,18.0080261230469,45,17,1685,2752,111
34.7401532857145,0.550618386123564,117,1374.39965820312,0,1489,17,57,3,18.0901317596436,120,16,1954,1874,111
34.7359866190545,0.546451719463564,109,1383.3154296875,1,1478,14,57,2,18.0677433013916,49,22,2022,1892,110
34.5005699527646,0.544368386133564,116,1270.82849121094,0,1339,16,55,4,17.3921985626221,-61,19,1272,2196,104
34.4693199528146,0.542285052803564,172,1276.85437011719,0,1321,16,55,4,17.274471282959,-51,20,1079,1394,107
34.5130699527446,0.542285052803564,128,1312.20166015625,1,1366,16,55,2,17.4171257019043,-44,12,852,2505,104
34.5818199526346,0.542285052803564,122,1325.43896484375,1,1401,18,55,4,17.6006145477295,-93,21,850,1867,105
34.5401532860346,0.540201719473564,153,1550.41967773438,2,1440,19,53,4,17.4578266143799,104,12,388,1385,99
34.6464032858646,0.540201719473564,112,1626.67517089844,2,1489,16,56,1,17.7943248748779,78,16,785,1677,117
34.5276532860546,0.536035052813564,116,1334.8212890625,1,1380,15,55,3,17.4331760406494,-54,13,789,1895,101
34.5609866193346,0.536035052813564,128,1590.12268066406,7,1430,17,55,6,17.5093231201172,109,5,355,1626,96
34.4484866195147,0.531868386153564,173,1316.9736328125,0,1320,15,55,3,17.1936283111572,61,16,944,1531,108
34.5234866193946,0.531868386153564,111,1346.89013671875,3,1395,17,56,5,17.4168319702148,36,10,571,2105,100
34.8047366189445,0.529785052823564,133,1172.26794433594,1,1503,16,57,1,18.2300186157227,51,15,2496,2122,113
34.4151532862347,0.527701719493564,212,1263.54943847656,1,1271,12,56,3,17.0985145568848,-11,11,1142,1793,113
34.4401532861947,0.525618386163564,166,1324.30444335938,0,1317,13,54,4,17.1485996246338,56,14,303,1412,110
34.6734866191545,0.523535052833564,112,1447.74926757812,2,1439,14,56,2,17.867639541626,21,14,1765,1883,110
34.6047366192646,0.521451719503564,145,1554.04467773438,1,1486,17,52,5,17.6376399993896,250,27,0,1250,103
34.4172366195647,0.519368386173564,182,1260.70471191406,2,1272,13,56,2,17.0749778747559,12,12,1024,1886,113
34.8109866189345,0.519368386173564,113,1172.44482421875,2,1485,16,58,2,18.2242031097412,-87,16,2802,1670,108
34.8234866189145,0.519368386173564,109,1128.892578125,3,1503,15,59,2,18.2588939666748,40,11,2972,1762,110
34.7401532857145,0.517285052843564,104,1161.84423828125,0,1433,15,57,2,18.0576553344727,-71,22,2834,1441,109
34.5839032859646,0.515201719513564,131,1451.83361816406,0,1421,17,54,3,17.5471687316895,72,26,437,1575,107
34.5005699527646,0.513118386183564,133,1405.89074707031,1,1356,18,56,3,17.3160381317139,10,15,360,1560,106
34.7047366191045,0.500618386203564,106,1204.36083984375,1,1431,15,57,4,17.9374809265137,44,11,2707,1339,109
34.6359866192146,0.492285052883564,109,1478.03857421875,0,1437,14,54,4,17.6788272857666,85,21,1382,1899,107
34.4234866195547,0.481868386233564,135,1242.08178710938,1,1254,11,55,3,16.9980602264404,-54,13,1088,1955,110
34.8109866189345,0.481868386233564,119,1328.63159179688,1,1540,13,56,4,18.1802711486816,18,19,3254,2049,100
34.6151532859146,0.475618386243564,115,1290.1494140625,0,1379,14,56,3,17.6150608062744,50,26,1659,1822,111
34.5297366193846,0.473535052913564,116,1599.82238769531,0,1384,18,56,3,17.3234901428223,54,36,169,1604,105
34.7193199524145,0.473535052913564,104,1228.63732910156,1,1455,13,56,2,17.9158096313477,18,19,2790,1592,110
34.7547366190245,0.473535052913564,105,1273.36779785156,1,1514,12,55,3,18.0215682983398,38,14,2756,1460,104
34.8339032855645,0.473535052913564,140,1200.92529296875,0,1558,15,55,2,18.2371387481689,39,20,3855,2280,107
34.4109866195747,0.469368386253564,133,1234.4990234375,0,1237,13,57,1,16.9135341644287,-93,37,1242,1397,109
34.6214032859046,0.469368386253564,101,1278.37451171875,0,1366,15,56,4,17.646764755249,0,25,1802,1894,108
34.7089032857645,0.469368386253564,102,1223.84692382812,2,1447,12,57,2,17.8939552307129,47,14,2714,1730,111
34.8443199522145,0.467285052923564,126,1204.08618164062,1,1559,18,55,2,18.2581939697266,-60,18,4218,1797,97
34.5005699527646,0.465201719593564,127,1317.94506835938,1,1313,15,54,2,17.2101593017578,-91,15,807,1694,109
34.5526532860146,0.465201719593564,114,1429.98828125,1,1337,17,56,4,17.3785285949707,-103,24,642,1318,108
34.6589032858446,0.463118386263564,115,1168.45983886719,2,1397,12,58,3,17.7439880371094,97,11,2310,1491,108
34.9214032854244,0.463118386263564,207,1132.73449707031,1,1655,19,57,5,18.4667797088623,-425,22,4235,1499,81
34.7943199522945,0.461035052933564,144,1463.6630859375,0,1616,15,53,8,18.1385593414307,241,44,2703,2366,97
34.7068199524345,0.452701719613564,111,1203.99829101562,1,1430,13,56,2,17.8726711273193,-90,11,2963,1612,106
34.3880699529447,0.450618386283564,131,1269.748046875,0,1253,10,56,3,16.760217666626,19,19,1009,1750,107
34.4339032862047,0.450618386283564,128,1224.59875488281,2,1269,11,55,2,16.9330368041992,-26,11,984,1846,112
34.8443199522145,0.450618386283564,186,1261.78381347656,1,1624,18,55,2,18.258695602417,135,17,4047,1519,98
34.5068199527546,0.448535052953564,174,1591.56689453125,0,1368,16,55,1,17.1823596954346,52,18,178,1891,109
34.6505699525246,0.444368386293564,145,1177.25659179688,7,1346,15,57,5,17.6922760009766,-166,12,2748,1011,104
34.5214032860646,0.442285052963564,138,1650.92358398438,8,1358,18,55,4,17.2299423217773,39,4,196,1772,108
34.5964032859446,0.442285052963564,134,1164.5146484375,0,1328,16,58,2,17.5135078430176,23,18,1712,1325,114
34.9255699520844,0.440201719633564,211,1115.90612792969,1,1617,16,58,3,18.4413070678711,-103,13,4483,2036,88
34.4151532862347,0.438118386303564,139,1231.92980957031,2,1259,11,57,2,16.8418750762939,-42,16,1143,1981,108
34.5859866192946,0.438118386303564,128,1289.68811035156,0,1312,16,57,2,17.4557209014893,-74,19,1340,2010,112
34.8693199521745,0.438118386303564,122,1373.2587890625,0,1613,20,57,1,18.3164253234863,-105,14,4524,2163,103
34.6568199525146,0.436035052973564,151,1257.55700683594,1,1396,14,55,3,17.6881160736084,-10,12,2444,1784,102
34.8005699522845,0.436035052973564,136,1187.451171875,1,1514,14,56,5,18.0959396362305,-62,13,4383,2119,102
34.5380699527046,0.433951719643564,124,1427.88500976562,1,1323,16,55,3,17.2910861968994,-90,18,680,2353,108
34.6026532859346,0.431868386313565,116,1145.34875488281,0,1311,14,58,3,17.5022583007812,-56,18,1697,1495,111
34.8068199522745,0.431868386313565,139,1197.34643554688,0,1545,13,55,4,18.1139221191406,22,18,4396,2392,104
34.7130699524245,0.429785052983565,117,1285.44055175781,2,1475,11,56,2,17.8489189147949,43,12,2926,1922,110
34.8255699522445,0.429785052983565,138,1216.8994140625,1,1575,15,55,4,18.1736793518066,55,15,4409,2330,100
34.8401532855545,0.429785052983565,131,1225.04833984375,2,1575,14,55,2,18.2264080047607,-71,15,4809,1848,99
34.5255699527246,0.427701719653565,122,1618.66101074219,2,1352,15,56,2,17.2169361114502,34,14,265,1518,107
34.8255699522445,0.427701719653565,140,1216.8994140625,1,1575,15,55,4,18.1736793518066,55,15,4409,2330,100
34.3984866195947,0.425618386323565,114,1350.44970703125,3,1279,9,56,3,16.7099609375,20,11,702,1478,110
34.4547366195047,0.425618386323565,131,1562.91223144531,0,1347,12,54,1,16.9317398071289,100,23,373,2159,108
34.8214032855845,0.423535052993565,142,1204.68994140625,1,1544,15,55,4,18.1571464538574,-52,15,4649,1687,102
34.9047366187844,0.423535052993565,148,1156.34484863281,2,1616,16,57,5,18.3837642669678,20,13,4461,1993,102
34.4797366194646,0.421451719663565,131,1582.12463378906,1,1334,13,56,4,17.0392322540283,26,15,417,1774,109
34.5234866193946,0.421451719663565,113,1554.79565429688,0,1334,16,56,2,17.2081851959229,-9,16,501,1608,106
34.9089032854444,0.421451719663565,154,1156.34484863281,2,1616,16,57,5,18.3837642669678,20,13,4461,1993,102
34.5422366193646,0.419368386333565,130,1410.14709472656,1,1315,16,56,3,17.2769412994385,-103,17,776,1632,108
34.5484866193546,0.417285053003565,127,1400.9560546875,3,1334,15,57,3,17.2883186340332,65,12,644,1795,111
34.5880699526246,0.417285053003565,120,1144.14221191406,1,1299,17,58,1,17.4464130401611,-52,18,1624,1161,112
34.7026532857745,0.417285053003565,98,1458.02600097656,1,1464,12,55,2,17.7624359130859,-23,18,2966,1560,106
34.8130699522645,0.417285053003565,134,1245.57531738281,1,1530,13,55,4,18.1255702972412,-103,27,4869,2085,102
34.4609866194946,0.415201719673565,122,1596.59985351562,0,1349,13,54,3,16.9111251831055,115,23,224,1473,108
34.4734866194746,0.415201719673565,132,1612.00903320312,0,1345,12,55,3,16.9852600097656,30,30,388,1776,106
34.6130699525846,0.415201719673565,106,1163.13562011719,2,1343,18,55,4,17.5229816436768,-44,13,1465,2165,105
34.8964032854644,0.413118386343565,122,1180.75842285156,1,1598,14,57,3,18.355131149292,-7,11,4812,2287,106
34.8359866188945,0.411035053013565,133,1211.66809082031,0,1567,15,55,3,18.1789512634277,22,17,4872,1376,103
34.6609866191746,0.408951719683565,114,1342.44140625,0,1474,15,53,7,17.6137733459473,80,24,1378,1419,95
34.7401532857145,0.406868386353565,117,1235.28503417969,0,1478,15,55,1,17.8883666992188,-52,28,3889,2597,107
34.5505699526846,0.402701719693565,127,1326.67626953125,1,1316,15,58,3,17.2782802581787,27,11,863,2336,111
34.9359866187344,0.402701719693565,157,1116.51013183594,0,1624,16,59,3,18.4300537109375,-73,16,4387,2189,92
34.6214032859046,0.400618386363565,119,1154.79113769531,2,1351,13,55,2,17.521858215332,-7,15,934,1686,108
34.5859866192946,0.398535053033565,123,1178.46435546875,3,1298,17,56,6,17.38401222229,-87,16,1519,1813,110
34.7047366191045,0.398535053033565,121,1256.8818359375,0,1441,15,54,2,17.7807559967041,-60,33,3829,1392,107
34.4443199528547,0.396451719703565,129,1511.25695800781,1,1301,9,55,2,16.8094005584717,-71,16,710,2523,107
34.6422366192046,0.394368386373565,116,1175.12963867188,0,1356,14,55,4,17.5764446258545,-145,18,1037,1618,101
34.8672366188445,0.392285053043565,105,1419.77624511719,0,1603,13,56,3,18.2557411193848,37,15,4823,3269,101
34.6401532858746,0.390201719713565,125,1194.84118652344,0,1371,16,56,3,17.5542163848877,-40,28,1007,1631,103
34.6443199525346,0.390201719713565,130,1194.84118652344,0,1371,16,56,3,17.5542163848877,-40,28,1007,1631,103
34.4651532861546,0.386035053053565,125,1541.39208984375,1,1310,14,56,2,16.8992595672607,-49,17,595,2318,106
34.6651532858345,0.386035053053565,110,1374.98205566406,0,1461,15,54,5,17.6147689819336,49,24,1600,1667,97
34.4734866194746,0.383951719723565,120,1617.11791992188,1,1325,13,55,1,16.911111831665,24,28,519,2453,112
34.5547366193446,0.383951719723565,136,1214.79772949219,4,1301,18,56,3,17.2616157531738,-8,10,1337,1359,110
34.4401532861947,0.381868386393565,113,1455.72290039062,5,1295,14,56,1,16.7707042694092,-34,9,663,2359,105
34.4651532861546,0.379785053063565,121,1584.64904785156,0,1307,11,56,2,16.8760757446289,-34,17,688,2077,109
34.9234866187544,0.379785053063565,137,1137.72802734375,0,1626,16,56,7,18.389684677124,-13,20,4527,2655,98
34.8359866188945,0.375618386403565,135,1402.88586425781,1,1603,16,54,3,18.1486701965332,48,14,4513,1613,98
34.8464032855445,0.371451719743565,123,1507.67541503906,0,1609,14,54,4,18.1979560852051,12,20,4665,1644,99
34.8359866188945,0.369368386413565,127,1402.88586425781,1,1603,16,54,3,18.1486701965332,48,14,4513,1613,98
34.5047366194246,0.367285053083565,146,1257.67736816406,6,1289,13,56,2,17.032039642334,-14,10,1061,1063,109
34.6609866191746,0.367285053083565,120,1334.96557617188,0,1429,15,55,2,17.553014755249,47,18,1486,2024,106
34.9151532854344,0.367285053083565,141,1115.96533203125,0,1567,17,57,2,18.3382015228271,-84,18,5053,2140,100
34.5734866193146,0.365201719753565,119,1269.59106445312,0,1330,15,54,4,17.2756519317627,-38,24,1240,2353,107
34.6818199524745,0.365201719753565,137,1284.01892089844,1,1453,14,55,4,17.6427364349365,37,18,2852,2370,99
34.7234866190745,0.365201719753565,106,1355.29736328125,0,1502,15,54,3,17.7595634460449,28,36,4166,2135,106
34.7714032856645,0.365201719753565,114,1272.83972167969,2,1537,13,55,3,17.9301414489746,51,13,4556,1961,109
34.8609866188545,0.363118386423565,205,1511.06188964844,0,1612,16,56,1,18.209005355835,31,24,4642,1203,102
34.6047366192646,0.361035053093565,123,1274.54821777344,0,1360,13,55,3,17.3817596435547,-54,23,766,2036,106
34.4234866195547,0.354785053103565,131,1491.76843261719,3,1287,13,56,4,16.6281757354736,-56,13,832,1936,106
34.5214032860646,0.352701719773565,197,1298.21447753906,4,1324,15,56,1,17.071268081665,66,11,898,1647,108
34.7901532856345,0.352701719773565,130,1296.48205566406,0,1552,15,54,5,17.9830913543701,81,28,4593,2282,104
34.4880699527846,0.350618386443565,120,1297.86389160156,3,1289,9,57,3,16.9193382263184,-54,15,980,1431,106
34.5255699527246,0.350618386443565,169,1330.67919921875,0,1308,15,55,0,17.0505485534668,-71,50,942,1454,107
34.9380699520644,0.350618386443565,191,1139.6455078125,0,1725,26,56,24,18.4091777801514,-218,39,4016,1680,74
34.4130699529047,0.348535053113565,124,1562.39123535156,2,1286,13,56,4,16.5608043670654,-5,16,708,1510,104
34.5214032860646,0.348535053113565,186,1330.67919921875,0,1308,15,55,0,17.0505485534668,-71,50,942,1454,107
34.5464032860246,0.348535053113565,141,1278.2216796875,1,1313,14,55,1,17.1508445739746,-82,29,1181,1941,107
34.8589032855245,0.348535053113565,177,1455.58911132812,0,1587,14,50,3,18.1835041046143,-70,99,5045,2105,99
34.6193199525746,0.346451719783565,126,1325.79797363281,1,1390,15,55,4,17.3750896453857,41,21,438,1736,106
34.5797366193046,0.344368386453565,151,1362.98352050781,1,1377,15,55,4,17.2550315856934,90,22,703,1826,104
34.8818199521544,0.344368386453565,214,1245.44653320312,0,1560,14,50,5,18.23850440979,-12,98,5236,1397,105
34.4359866195347,0.340201719793565,149,1374.9580078125,3,1277,13,58,2,16.631233215332,-15,14,593,1785,106
34.6443199525346,0.340201719793565,119,1363.30712890625,0,1419,12,55,5,17.4499835968018,2,39,675,1731,101
34.7130699524245,0.338118386463565,107,1259.86608886719,0,1452,14,54,3,17.721097946167,-62,23,5017,2457,103
34.7047366191045,0.331868386473565,108,1247.3603515625,3,1441,15,55,4,17.6831836700439,-38,9,5400,1993,103
34.6359866192146,0.329785053143565,116,1350.62097167969,0,1423,14,54,2,17.4048595428467,112,19,375,1479,104
34.9068199521144,0.329785053143565,246,1179.48510742188,0,1574,14,53,4,18.2883052825928,17,97,5150,1527,103
34.5464032860246,0.327701719813565,109,1377.28442382812,2,1347,16,56,4,17.1003456115723,36,15,840,1552,105
34.9380699520644,0.327701719813565,189,1132.37084960938,1,1664,23,55,28,18.392541885376,-285,26,4563,2928,78
34.9255699520844,0.325618386483565,155,1136.41711425781,0,1576,18,55,3,18.3214473724365,-105,37,5146,1683,93
34.8734866188344,0.323535053153565,202,1255.06188964844,0,1576,15,48,0,18.1894092559814,19,98,5171,2803,101
34.9047366187844,0.323535053153565,222,1203.44372558594,0,1596,15,52,6,18.2849559783936,28,96,4950,1638,101
34.7193199524145,0.319368386493565,116,1237.98742675781,0,1448,12,54,1,17.6989307403564,-3,24,5391,2349,105
34.8734866188344,0.319368386493565,210,1255.06188964844,0,1576,15,48,0,18.1894092559814,19,98,5171,2803,101
34.6234866192346,0.317285053163565,108,1322.20935058594,0,1367,16,54,9,17.3531227111816,-92,17,921,1466,102
34.7797366189845,0.315201719833565,115,1441.65454101562,2,1556,18,54,4,17.9058895111084,20,14,4877,1410,103
34.7901532856345,0.315201719833565,126,1469.59716796875,0,1557,16,54,4,17.9340953826904,39,13,4787,1265,102
34.8109866189345,0.315201719833565,162,1405.54870605469,1,1552,18,55,3,17.9837913513184,-36,13,5146,1741,100
34.8151532855945,0.315201719833565,191,1401.54772949219,1,1570,20,55,5,18.0130825042725,58,13,4940,1563,101
34.4172366195647,0.313118386503565,125,1328.06274414062,1,1253,14,57,5,16.4876556396484,-87,15,740,1519,104
34.7234866190745,0.311035053173565,121,1244.58435058594,0,1476,15,54,5,17.7075614929199,16,14,5388,1815,97
34.7568199523545,0.311035053173565,108,1291.68127441406,1,1498,14,55,2,17.8024768829346,-63,14,5420,1954,104
34.9318199520744,0.311035053173565,179,1130.95678710938,0,1592,18,55,4,18.3385028839111,-59,23,5105,2542,96
34.5005699527646,0.306868386513565,109,1253.71130371094,2,1307,13,54,4,16.8579349517822,-3,15,738,2466,102
34.7797366189845,0.306868386513565,181,1465.76196289062,0,1553,21,54,4,17.8926906585693,-5,38,5081,1122,104
34.8026532856145,0.306868386513565,201,1425.93896484375,0,1530,19,54,2,17.9431476593018,-103,57,5325,1757,101
34.9443199520544,0.306868386513565,198,1125.79577636719,0,1601,17,56,3,18.3519020080566,-132,24,4968,2001,87
34.8609866188545,0.304785053183565,208,1278.36975097656,0,1547,17,48,4,18.1229782104492,-63,98,5234,1653,102
34.5839032859646,0.300618386523565,120,1334.31604003906,2,1350,11,55,4,17.1745433807373,-19,14,996,1821,104
34.9214032854244,0.300618386523565,221,1177.81799316406,0,1598,15,49,5,18.3066692352295,-14,100,5144,2527,98
34.5547366193446,0.298535053193565,101,1522.86853027344,1,1364,11,53,3,17.0610389709473,45,14,446,1578,102
34.4818199527946,0.294368386533565,122,1306.05871582031,0,1286,11,55,3,16.7596054077148,-12,20,839,1389,102
34.4859866194546,0.292285053203565,123,1390.8974609375,0,1307,8,55,3,16.7312526702881,38,21,661,1328,101
34.4193199528947,0.290201719873565,138,1200.04602050781,1,1237,13,56,2,16.4243927001953,-34,17,826,1890,106
34.8672366188445,0.290201719873565,190,1294.74145507812,0,1574,15,50,5,18.1389636993408,19,99,5144,2821,99
34.8943199521344,0.290201719873565,188,1240.681640625,0,1568,24,48,3,18.2044296264648,-108,100,5326,2701,101
34.4026532862547,0.288118386543565,132,1346.06726074219,3,1263,11,55,3,16.3250942230225,46,13,567,1670,107
34.5214032860646,0.288118386543565,108,1254.85327148438,1,1303,10,55,3,16.9245872497559,-44,14,824,3321,102
34.6755699524845,0.288118386543565,146,1229.68444824219,0,1404,13,55,3,17.5065021514893,35,22,3596,2194,102
34.7339032857245,0.288118386543565,122,1305.72631835938,0,1475,15,54,2,17.6854629516602,-95,16,5962,1487,98
34.7943199522945,0.288118386543565,197,1387.82763671875,0,1537,19,53,7,17.8879833221436,1,93,5228,1459,97
34.8464032855445,0.288118386543565,239,1264.88806152344,0,1548,21,54,3,18.08034324646,-85,58,5414,1758,100
34.8922366188044,0.288118386543565,196,1240.681640625,0,1568,24,48,3,18.2044296264648,-108,100,5326,2701,101
34.5672366193246,0.283951719883565,111,1265.37561035156,1,1322,10,56,3,17.0846157073975,-74,21,1251,1527,103
34.6797366191445,0.283951719883565,126,1252.08374023438,1,1415,11,54,6,17.5183925628662,-40,14,4098,1712,104
34.7880699523045,0.283951719883565,135,1338.05200195312,1,1513,17,55,4,17.8720436096191,-113,28,5605,1328,102
34.6359866192146,0.281868386553565,143,1204.19201660156,1,1357,13,55,5,17.3435077667236,-60,22,1309,1568,103
34.5776532859746,0.279785053223565,113,1244.89770507812,0,1320,12,55,6,17.1168060302734,-91,17,1285,1461,104
34.5422366193646,0.277701719893565,100,1304.59509277344,0,1336,10,54,2,16.9740047454834,56,11,730,1790,107
34.7422366190445,0.277701719893565,111,1400.26049804688,2,1530,14,55,3,17.7014350891113,69,13,4251,1126,101
34.4839032861246,0.273535053233565,129,1399.72058105469,0,1298,12,53,3,16.6893310546875,-103,17,757,2175,101
34.4880699527846,0.273535053233565,124,1294.52026367188,1,1293,11,55,1,16.7354431152344,-40,16,975,2071,102
34.6714032858245,0.273535053233565,124,1253.71105957031,1,1415,12,54,3,17.4752178192139,-18,13,3397,1962,103
34.7464032857045,0.273535053233565,156,1453.95141601562,0,1530,16,54,4,17.7211647033691,-19,44,2558,1499,101
34.9255699520844,0.271451719903565,236,1181.09924316406,0,1604,15,50,5,18.2793006896973,-3,98,4881,1791,99
34.9068199521144,0.269368386573565,199,1226.89624023438,0,1596,17,50,5,18.2374401092529,-31,97,4975,2228,100
34.4839032861246,0.265201719913565,118,1395.74145507812,0,1329,10,54,3,16.6636047363281,-17,20,723,1703,104
34.8047366189445,0.265201719913565,139,1332.73876953125,0,1535,16,55,4,17.916805267334,-18,23,5298,2208,103
34.4505699528447,0.263118386583565,126,1447.83264160156,1,1327,10,54,5,16.4863624572754,6,28,587,2229,96
34.5526532860146,0.263118386583565,104,1333.58435058594,1,1325,10,54,4,16.9716014862061,-74,24,1215,2170,100
34.7714032856645,0.263118386583565,117,1335.29760742188,2,1513,15,55,5,17.7944412231445,9,16,4168,1863,101
34.9234866187544,0.261035053253565,187,1187.5263671875,0,1590,19,55,5,18.2718868255615,-102,28,5187,1196,99
34.5672366193246,0.258951719923565,115,1357.22314453125,1,1340,12,54,3,17.0173931121826,-41,26,1129,1716,103
34.9422366187244,0.258951719923565,162,1168.81481933594,2,1621,19,54,5,18.3163509368896,-57,14,4794,1764,98
34.7526532856945,0.254785053263565,137,1319.58825683594,0,1480,15,56,1,17.7051734924316,-114,34,1954,1903,104
34.6755699524845,0.252701719933565,109,1289.42785644531,0,1457,17,53,3,17.440128326416,93,21,2694,1459,95
34.8068199522745,0.252701719933565,135,1363.53735351562,3,1542,15,54,3,17.9114646911621,21,10,4893,2486,103
34.6589032858446,0.250618386603565,128,1233.44885253906,0,1428,12,54,0,17.3700504302979,159,22,2174,1962,99
34.5464032860246,0.248535053273565,117,1508.32604980469,0,1385,14,53,5,16.9074058532715,43,24,882,2069,97
34.5755699526446,0.248535053273565,123,1419.45581054688,0,1378,14,54,5,17.0210819244385,-14,20,923,2080,103
34.8547366188645,0.248535053273565,192,1312.322265625,0,1600,13,50,3,18.0733470916748,93,98,4729,1742,104
34.4443199528547,0.246451719943565,106,1322.93896484375,0,1299,9,56,3,16.4116859436035,-48,17,699,2198,101
34.5484866193546,0.246451719943565,128,1508.32604980469,0,1385,14,53,5,16.9074058532715,43,24,882,2069,97
34.7651532856745,0.246451719943565,111,1294.99597167969,3,1477,15,54,2,17.7492790222168,-122,13,4005,1819,104
34.8443199522145,0.246451719943565,163,1350.52661132812,2,1575,18,53,2,18.0195693969727,39,16,4979,1635,99
34.4130699529047,0.244368386613565,124,1351.15148925781,1,1298,10,54,1,16.2778816223145,99,15,655,1563,109
34.4464032861847,0.244368386613565,113,1337.78540039062,0,1311,10,54,4,16.4529056549072,-27,13,499,1834,99
34.5005699527646,0.244368386613565,112,1406.19982910156,0,1342,11,59,4,16.6912364959717,-57,23,693,2670,96
34.6880699524645,0.242285053283565,125,1306.30590820312,3,1443,16,55,4,17.4778671264648,1,14,2438,1637,105
34.4234866195547,0.238118386623565,118,1320.20910644531,0,1299,12,55,6,16.3014545440674,51,20,552,1342,100
34.4568199528346,0.236035053293565,120,1371.77124023438,0,1323,13,58,3,16.4664783477783,-33,18,662,1822,96
34.5193199527346,0.233951719963565,130,1510.99169921875,5,1394,12,56,3,16.7161350250244,43,7,438,1439,104
34.6464032858646,0.233951719963565,193,1422.01196289062,0,1425,15,55,4,17.2885246276855,4,16,2062,1417,97
34.8714032855044,0.233951719963565,230,1366.55578613281,0,1598,16,50,4,18.1112022399902,24,99,4657,1813,102
34.5776532859746,0.231868386633565,129,1454.25219726562,1,1432,15,54,4,16.9731826782227,116,29,551,2387,111
34.6401532858746,0.229785053303565,190,1505.55090332031,0,1442,16,54,5,17.2410507202148,12,44,1864,1242,95
34.7526532856945,0.227701719973565,143,1372.88488769531,1,1511,15,54,2,17.658317565918,-29,17,2218,1768,106
34.8214032855845,0.225618386643565,133,1571.60095214844,0,1575,18,54,4,17.9369659423828,17,50,4401,2491,100
34.4901532861146,0.221451719983565,104,1428.41589355469,0,1362,15,56,5,16.5856819152832,-51,30,517,1399,99
34.7880699523045,0.221451719983565,134,1413.50695800781,1,1537,16,54,5,17.8117847442627,-32,25,4450,3127,99
34.4984866194346,0.217285053323565,100,1407.25964355469,1,1381,9,56,1,16.6031093597412,96,14,606,1310,102
34.6609866191746,0.217285053323565,175,1579.46875,2,1474,17,56,6,17.2681827545166,14,15,1511,1512,96
34.6922366191245,0.217285053323565,118,1310.451171875,3,1456,16,57,3,17.4342174530029,22,14,1465,1889,102
34.7443199523745,0.217285053323565,138,1371.85375976562,0,1532,18,54,4,17.6051273345947,-1,37,2202,1666,98
34.4484866195147,0.215201719993565,112,1386.44323730469,1,1344,10,56,1,16.3526020050049,48,15,451,2020,104
34.8318199522345,0.215201719993565,129,1375.33825683594,0,1539,15,53,4,17.9358997344971,36,26,4840,2753,97
34.4901532861146,0.213118386663565,110,1389.5791015625,1,1362,12,56,5,16.5655384063721,-25,20,758,1377,99
34.5255699527246,0.213118386663565,114,1377.80249023438,2,1381,13,56,4,16.7314720153809,14,14,684,1980,100
34.7589032856845,0.206868386673565,119,1490.15576171875,0,1528,17,54,2,17.668586730957,-114,28,3020,2299,99
34.5922366192846,0.204785053343565,110,1287.13500976562,2,1396,17,56,2,17.0086116790771,-102,14,1390,2564,103
34.4068199529147,0.202701720013565,108,1400.13256835938,1,1309,10,56,2,16.1060886383057,76,13,756,2281,109
34.7568199523545,0.202701720013565,121,1490.15576171875,0,1528,17,54,2,17.668586730957,-114,28,3020,2299,99
34.8276532855745,0.200618386683565,136,1246.4765625,1,1510,15,54,5,17.8899574279785,8,19,4782,2660,96
34.6714032858245,0.196451720023565,129,1560.30981445312,1,1512,15,55,1,17.3082103729248,86,16,930,1769,105
34.6109866192546,0.194368386693565,119,1391.70910644531,1,1456,16,54,5,17.0357723236084,-1,19,1184,2096,96
34.6339032858846,0.194368386693565,152,1581.52062988281,1,1512,18,55,3,17.1213607788086,106,26,1033,2579,99
34.4464032861847,0.192285053363565,107,1373.07495117188,0,1350,10,58,4,16.2836570739746,103,16,553,1495,103
34.5943199526146,0.192285053363565,120,1327.53881835938,2,1399,14,55,2,16.9693946838379,-124,15,1265,2748,100
34.6943199524545,0.192285053363565,132,1480.81628417969,1,1503,16,54,8,17.3665313720703,148,21,747,1546,98
34.4276532862147,0.186035053373565,110,1291.16528320312,1,1314,9,56,4,16.1610946655273,36,17,899,1741,101
34.6130699525846,0.186035053373565,118,1522.18432617188,2,1492,17,54,6,17.0413513183594,139,17,706,1662,104
34.4297366195447,0.183951720043565,105,1328.9560546875,6,1305,9,57,3,16.1803321838379,-96,8,1005,1641,102
34.4714032861446,0.183951720043565,105,1504.96765136719,1,1394,9,57,3,16.38303565979,71,11,361,1980,97
34.6276532858946,0.183951720043565,124,1567.146484375,4,1459,18,55,4,17.067798614502,-102,12,1100,2020,98
34.6714032858245,0.179785053383565,163,1412.70007324219,0,1447,16,54,2,17.3078651428223,-103,18,1337,1456,101
34.5130699527446,0.175618386723565,166,1420.11242675781,2,1395,11,55,4,16.5828666687012,52,19,664,2503,98
34.8047366189445,0.175618386723565,144,1259.21948242188,2,1513,13,53,3,17.7966079711914,30,13,4251,1804,99
34.5714032859846,0.171451720063565,121,1512.34851074219,1,1462,15,54,2,16.845775604248,112,17,299,1808,102
34.5255699527246,0.169368386733565,102,1358.20031738281,1,1365,12,56,3,16.633373260498,-129,16,1054,1616,99
34.5172366194046,0.167285053403565,103,1442.68237304688,3,1425,10,55,3,16.5584335327148,157,12,327,1606,101
34.6797366191445,0.165201720073565,129,1310.25280761719,1,1457,16,56,5,17.3274307250977,-6,15,1531,1509,101
34.7755699523245,0.165201720073565,115,1222.92639160156,5,1447,16,56,1,17.6909351348877,-171,9,3597,1477,97
34.5505699526846,0.158951720083566,107,1508.64208984375,1,1446,16,54,8,16.6955585479736,-47,31,581,1833,93
34.5464032860246,0.154785053423566,118,1508.64208984375,1,1446,16,54,8,16.6955585479736,-47,31,581,1833,93
34.6693199524945,0.154785053423566,130,1448.29650878906,1,1454,15,55,10,17.2193450927734,-63,24,1220,2058,87
34.5797366193046,0.144368386773566,115,1476.67517089844,4,1419,13,55,2,16.8476238250732,-71,9,824,1695,97
34.6505699525246,0.140201720113566,126,1328.99401855469,1,1439,13,56,6,17.1271553039551,-73,22,1209,1890,97
34.6422366192046,0.138118386783566,125,1327.79235839844,0,1445,13,57,5,17.0887794494629,-6,29,1122,1684,100
34.5797366193046,0.133951720123566,121,1370.99145507812,0,1411,14,55,1,16.8229846954346,-125,22,1189,1642,95
34.6797366191445,0.133951720123566,123,1494.74060058594,3,1521,13,56,8,17.2429981231689,93,14,670,2394,99
34.6276532858946,0.129785053463566,103,1443.185546875,1,1466,15,56,7,16.9875564575195,60,17,782,2278,96
34.4589032861646,0.127701720133566,127,1385.259765625,1,1361,14,55,7,16.1753215789795,-124,18,590,1534,98
