"annual_ppt","elevation","occ","ph20","slope","temp_annual_range","treecover","wetness_index","X","Y","k"
1662.52514648438,4132,82,60,16,17.302770614624,24,73,34.5609866193346,1.10270171857357,430
1823.12109375,3888,105,61,24,17.3570079803467,26,70,34.5964032859446,1.09436838525357,449
1742.11865234375,4129,59,59,19,17.2752590179443,20,69,34.5651532859946,1.09228505192357,459
1807.57116699219,4043,58,61,27,17.3042984008789,14,69,34.5859866192946,1.09020171859357,466
1506.11853027344,3986,50,59,21,17.3125877380371,17,72,34.5359866193746,1.08811838526357,458
1991.39196777344,3255,30,62,6,17.609037399292,21,91,34.6484866191946,1.04228505200356,405
1898.81262207031,3322,32,62,7,17.5576438903809,32,85,34.6026532859346,1.04020171867356,454
1567.19763183594,3313,42,58,32,17.4763870239258,22,71,34.4943199527746,1.03603505201356,460
1926.04455566406,3342,32,61,9,17.565034866333,28,82,34.6047366192646,1.03395171868356,413
1981.72424316406,3274,25,60,6,17.5882091522217,17,83,34.6318199525546,1.02770171869356,362
2032.02209472656,3025,35,57,11,17.6110553741455,58,85,34.6589032858446,1.02770171869356,344
1887.54431152344,3316,34,62,15,17.5597763061523,19,87,34.6005699526046,1.02561838536356,386
2068.79321289062,2812,44,55,18,17.5836658477783,87,86,34.6776532858145,1.02145171870356,287
1602.89074707031,2900,57,54,9,17.4299449920654,79,85,34.4922366194446,1.00686838539356,433
1946.35327148438,3075,26,58,7,17.5684547424316,60,95,34.6172366192446,1.00270171873356,310
2070.24780273438,2987,42,57,10,17.5887031555176,34,80,34.6693199524945,1.00061838540356,361
1520.77697753906,3008,50,54,27,17.4568614959717,86,76,34.5234866193946,0.998535052073562,420
2008.15869140625,3070,29,58,17,17.5571365356445,69,91,34.6297366192246,0.998535052073562,368
1946.1943359375,3137,26,60,9,17.5290679931641,22,87,34.5776532859746,0.994368385413562,409
1986.017578125,3035,29,56,15,17.5592994689941,66,91,34.6234866192346,0.994368385413562,331
1946.1943359375,3137,26,60,9,17.5290679931641,22,87,34.5714032859846,0.992285052083562,435
1956.3671875,3140,25,59,21,17.5320682525635,37,77,34.5818199526346,0.992285052083562,403
1899.40026855469,3040,27,57,2,17.5147380828857,30,85,34.5901532859546,0.990201718753562,349
1925.81640625,3079,23,58,14,17.4957847595215,51,82,34.5734866193146,0.979785052103562,440
1583.14086914062,2943,55,55,14,17.415922164917,95,81,34.5234866193946,0.977701718773562,394
2052.76000976562,2926,37,54,8,17.5321235656738,56,96,34.6401532858746,0.977701718773562,352
2074.43090820312,2753,31,55,13,17.5291576385498,93,90,34.6839032858045,0.977701718773562,328
2078.9580078125,2765,22,54,18,17.5206699371338,95,95,34.6734866191545,0.973535052113563,323
1573.01086425781,2696,55,52,21,17.3058948516846,83,91,34.4984866194346,0.965201718793563,414
1962.08569335938,2887,32,54,3,17.5035152435303,18,96,34.6339032858846,0.965201718793563,337
2105.64428710938,2770,29,55,7,17.5205154418945,96,93,34.6672366191645,0.965201718793563,300
2105.64428710938,2770,29,55,7,17.5205154418945,96,93,34.6693199524945,0.965201718793563,296
1893.98901367188,2959,34,54,7,17.4788131713867,30,84,34.5964032859446,0.963118385463563,339
1962.08569335938,2887,32,54,3,17.5035152435303,18,96,34.6339032858846,0.961035052133563,357
1599.14013671875,2697,51,52,22,17.2901210784912,91,87,34.4943199527746,0.958951718803563,444
2094.24169921875,2802,37,53,13,17.5091724395752,93,88,34.6589032858446,0.952701718813563,297
1729.80090332031,2640,44,53,15,17.2805519104004,97,88,34.5172366194046,0.940201718833563,416
1738.98461914062,2633,46,52,19,17.3430004119873,97,84,34.5547366193446,0.938118385503563,421
1647.11413574219,2693,41,52,24,17.3614063262939,79,84,34.5755699526446,0.938118385503563,408
1986.30163574219,2623,48,52,23,17.456714630127,72,84,34.6630699525046,0.931868385513563,305
2008.65319824219,2293,30,60,8,17.6345539093018,17,87,34.7547366190245,0.929785052183563,371
1859.810546875,2676,31,52,6,17.4022006988525,80,82,34.6089032859246,0.925618385523563,353
1908.40869140625,2447,48,52,7,17.4504203796387,98,82,34.6859866191345,0.923535052193563,351
2024.74523925781,2607,36,52,5,17.4278907775879,73,76,34.6422366192046,0.919368385533563,291
2027.4892578125,2482,30,54,18,17.4814605712891,68,88,34.7068199524345,0.917285052203563,315
1828.02526855469,2486,41,51,13,17.3504848480225,61,83,34.6089032859246,0.913118385543563,334
1513.93981933594,2376,44,54,24,17.2743072509766,98,88,34.4630699528246,0.911035052213563,377
1713.06860351562,2426,32,54,9,17.2817859649658,90,88,34.5672366193246,0.908951718883563,365
1926.45263671875,2543,33,55,12,17.2529430389404,98,87,34.5380699527046,0.906868385553563,387
1455.31921386719,2173,34,54,21,17.4703769683838,95,90,34.4568199528346,0.898535052233563,452
1730.37097167969,2384,30,58,13,17.3345355987549,57,90,34.5755699526446,0.896451718903563,347
1799.5810546875,2357,34,58,7,17.3409271240234,40,90,34.5943199526146,0.896451718903563,380
1511.92565917969,2377,36,52,14,17.3150329589844,97,84,34.4693199528146,0.892285052243563,385
1799.5810546875,2357,34,58,7,17.3409271240234,40,90,34.5943199526146,0.892285052243563,366
1881.42639160156,2383,35,57,12,17.3937759399414,15,93,34.6068199525946,0.890201718913563,356
1581.9541015625,2204,33,55,12,17.4211177825928,95,84,34.5193199527346,0.888118385583563,448
1739.87097167969,2199,27,54,15,17.791072845459,97,87,34.6859866191345,0.888118385583563,401
1196.04016113281,1771,23,61,2,18.698184967041,26,108,35.0234866185944,0.888118385583563,320
1892.5517578125,2098,31,60,4,18.1134147644043,19,89,34.7776532856545,0.883951718923563,432
1913.92260742188,2144,36,61,6,17.9580974578857,16,87,34.7339032857245,0.881868385593563,406
1768.34985351562,1950,25,60,5,18.3152503967285,15,91,34.7880699523045,0.881868385593563,359
1820.53161621094,2237,27,56,15,17.5479488372803,44,85,34.6193199525746,0.879785052263563,401
1168.80700683594,1799,22,59,5,18.6786251068115,21,100,35.0964032851443,0.879785052263563,305
1413.43762207031,1843,20,60,3,18.6335163116455,11,102,35.0630699518644,0.877701718933563,336
1852.38635253906,2190,23,55,12,17.8530769348145,97,88,34.7089032857645,0.875618385603563,393
1969.23059082031,2285,26,54,5,17.59494972229,99,80,34.6589032858446,0.873535052273563,410
1766.4619140625,1994,28,60,11,18.3233318328857,18,90,34.7797366189845,0.873535052273563,360
1466.57348632812,2172,43,58,21,17.5989665985107,16,78,34.4568199528346,0.867285052283563,389
1724.41357421875,2251,40,59,16,17.5453968048096,18,91,34.5797366193046,0.867285052283563,390
1821.27770996094,1998,27,58,11,18.2323226928711,15,91,34.7547366190245,0.867285052283563,369
1151.13891601562,1744,20,60,5,18.7202472686768,15,109,34.9714032853444,0.867285052283563,284
1116.36950683594,1784,23,59,2,18.6826839447021,18,101,35.1047366184643,0.867285052283563,276
1564.51013183594,2173,29,55,21,17.516284942627,98,84,34.4734866194746,0.865201718953563,349
1335.49523925781,1788,21,60,4,18.6771926879883,19,103,35.0047366186244,0.865201718953563,251
1377.94287109375,1849,23,62,3,18.627571105957,8,107,35.0776532851743,0.861035052293563,400
1204.79113769531,1754,19,60,1,18.6995506286621,27,106,34.9797366186644,0.858951718963563,233
1149.20971679688,1823,21,57,16,18.6482219696045,12,100,35.1089032851243,0.856868385633563,313
1947.56115722656,2234,44,57,13,17.5299377441406,19,90,34.5589032860046,0.854785052303563,412
1211.271484375,1794,22,58,1,18.672212600708,23,102,35.0484866185544,0.854785052303563,302
1261.0810546875,1818,18,59,5,18.6576728820801,14,102,35.0651532851944,0.854785052303563,310
1193.02026367188,1490,22,58,7,17.8485813140869,39,92,34.4255699528847,0.850618385643563,288
1790.08447265625,2077,31,61,22,17.885232925415,34,87,34.6484866191946,0.850618385643563,455
1235.89489746094,1805,23,59,5,18.6654453277588,17,102,35.0568199518744,0.850618385643563,304
1341.17858886719,1836,35,57,12,17.9163608551025,24,81,34.4693199528146,0.848535052313563,366
1586.14025878906,2169,27,53,13,17.6673202514648,98,90,34.5193199527346,0.848535052313563,364
1857.99084472656,2179,44,60,12,17.7362327575684,20,92,34.5964032859446,0.848535052313563,414
1994.98669433594,2283,45,59,4,17.468599319458,51,86,34.5464032860246,0.846451718983563,400
1791.66528320312,2083,39,58,14,17.8504161834717,18,87,34.6130699525846,0.846451718983563,402
1415.25354003906,1809,15,59,4,18.654712677002,13,103,34.9880699519844,0.846451718983563,288
1512.486328125,2044,33,58,6,17.6793937683105,85,90,34.5276532860546,0.844368385653563,360
1997.80456542969,2209,46,58,19,17.523006439209,24,86,34.5547366193446,0.844368385653563,375
1817.36206054688,2068,37,60,12,18.0085926055908,16,88,34.6672366191645,0.842285052323563,383
1251.97277832031,1659,29,57,8,17.9296932220459,20,84,34.4547366195047,0.840201718993563,263
1919.49926757812,2177,49,59,15,17.7010593414307,26,95,34.5734866193146,0.840201718993563,392
1743.59497070312,2003,30,60,10,18.0930976867676,24,89,34.6589032858446,0.840201718993563,398
1230.74584960938,1771,20,60,4,18.6995697021484,21,103,35.0276532852544,0.840201718993563,295
1215.11389160156,1435,12,58,3,17.8101196289062,11,101,34.4172366195647,0.836035052333563,240
1156.05603027344,1531,16,57,12,17.8236408233643,18,96,34.4318199528747,0.836035052333563,227
1166.52258300781,1563,22,57,7,17.8446254730225,22,94,34.4401532861947,0.836035052333563,265
1313.87451171875,1702,18,60,2,18.5726337432861,39,97,34.7776532856545,0.836035052333563,371
1773.82165527344,2126,41,59,18,17.6127090454102,18,76,34.4984866194346,0.833951719003563,363
1855.89440917969,2046,50,58,5,17.7856540679932,38,92,34.5797366193046,0.833951719003563,391
1548.97827148438,1744,21,60,4,18.5187339782715,12,91,34.7464032857045,0.833951719003563,259
1651.56909179688,2070,46,58,26,17.7806072235107,26,72,34.4880699527846,0.831868385673563,316
1387.70397949219,1835,42,58,27,17.94482421875,16,87,34.5214032860646,0.831868385673563,397
1731.83642578125,1932,33,59,13,18.1604518890381,19,88,34.6547366191846,0.831868385673563,332
1375.94653320312,1808,13,57,7,18.6681957244873,13,95,34.9776532853344,0.831868385673563,272
1168.69409179688,1727,20,60,6,18.7141952514648,14,101,34.9318199520744,0.825618385683563,277
1992.89916992188,2026,38,59,18,17.8250694274902,13,92,34.5797366193046,0.823535052353563,325
1536.68786621094,1739,21,58,3,18.485050201416,16,96,34.7276532857345,0.823535052353563,252
1250.7568359375,1754,18,59,3,18.7174301147461,9,98,34.9859866186544,0.823535052353563,318
1158.62231445312,1775,19,60,4,18.7121772766113,16,106,35.0443199518944,0.821451719023563,271
1129.00122070312,1839,12,60,4,18.6603889465332,0,109,35.1276532850943,0.821451719023563,370
1699.7626953125,1855,36,58,17,18.3136234283447,18,83,34.6839032858045,0.819368385693563,274
1431.28369140625,1728,18,59,3,18.5375843048096,17,114,34.7609866190145,0.819368385693563,307
1569.70703125,1738,20,59,2,18.5020732879639,22,106,34.7297366190645,0.817285052363563,242
1439.66674804688,1739,17,59,5,18.6436023712158,20,104,34.8630699521845,0.817285052363563,281
1522.1259765625,1736,16,59,4,18.6745777130127,40,103,34.8943199521344,0.817285052363563,255
1192.62854003906,1816,22,60,1,18.6663436889648,16,110,35.1089032851243,0.817285052363563,373
1280.6416015625,1639,20,59,3,18.0289096832275,25,90,34.5172366194046,0.815201719033563,341
1687.25244140625,1936,42,59,31,18.1607551574707,27,79,34.6047366192646,0.815201719033563,315
1350.72253417969,1686,18,60,6,18.5912380218506,19,104,34.8109866189345,0.815201719033563,303
1276.99914550781,1761,17,57,8,18.7055149078369,24,95,34.9547366187044,0.815201719033563,280
1242.13562011719,1832,17,60,3,18.6618518829346,15,108,35.0839032851643,0.815201719033563,382
1624.18017578125,1810,34,58,20,18.324333190918,14,87,34.6651532858345,0.813118385703563,290
1254.04382324219,1783,19,58,4,18.6907691955566,10,104,35.0339032852444,0.813118385703563,308
1330.05651855469,1630,20,58,8,17.8733196258545,16,86,34.4651532861546,0.811035052373563,248
1244.763671875,1837,17,60,3,18.657995223999,9,111,35.0984866184743,0.811035052373563,417
1116.38354492188,1390,11,57,5,17.7800159454346,19,96,34.4151532862347,0.808951719043563,225
1502.97509765625,1736,29,59,19,17.9988346099854,22,81,34.5026532860946,0.808951719043563,282
1669.01013183594,1729,23,59,6,18.4314804077148,35,94,34.6964032857845,0.808951719043563,248
1669.01013183594,1729,23,59,6,18.4314804077148,35,94,34.6984866191145,0.808951719043563,240
1270.46459960938,1705,21,60,5,18.6329784393311,16,105,34.8401532855545,0.808951719043563,290
1109.21496582031,1825,22,62,4,18.656322479248,9,111,35.1339032850843,0.808951719043563,358
1551.6669921875,1744,39,57,17,18.2795467376709,15,84,34.6255699525646,0.806868385713563,238
1518.91772460938,1733,23,58,3,18.4131507873535,26,97,34.6922366191245,0.806868385713563,275
1567.46130371094,1711,21,59,1,18.4432048797607,28,99,34.7068199524345,0.806868385713563,243
1298.23864746094,1677,20,60,6,18.5809669494629,16,105,34.8109866189345,0.806868385713563,293
1162.29907226562,1712,22,60,1,18.7419414520264,21,101,34.9839032853244,0.806868385713563,367
1285.91284179688,1808,20,60,2,18.6827049255371,10,104,35.0234866185944,0.806868385713563,273
1425.62573242188,1683,20,58,3,17.9721145629883,26,91,34.4964032861046,0.804785052383563,245
1946.74829101562,2099,39,59,13,17.7646999359131,27,72,34.5547366193446,0.804785052383563,343
1518.91772460938,1733,23,58,3,18.4131507873535,26,97,34.6880699524645,0.804785052383563,260
1333.67614746094,1685,19,59,3,18.5235481262207,22,106,34.7651532856745,0.804785052383563,247
1141.20227050781,1374,12,60,6,17.7467784881592,16,100,34.4047366195847,0.802701719053563,219
1415.41247558594,1706,17,60,5,18.5754585266113,12,108,34.8026532856145,0.800618385723563,222
1113.18737792969,1847,20,58,4,18.6465644836426,9,111,35.1443199517343,0.800618385723563,428
1176.4755859375,1408,13,58,6,17.7226219177246,16,105,34.4193199528947,0.798535052393563,218
1328.28466796875,1550,17,60,5,17.8292121887207,16,88,34.4714032861446,0.798535052393563,221
1374.94616699219,1693,15,60,2,18.6391201019287,16,102,34.8547366188645,0.798535052393563,211
1166.97021484375,1688,21,60,5,18.7011127471924,14,102,34.9234866187544,0.798535052393563,330
1389.21862792969,1800,18,59,4,18.6715774536133,12,107,35.0339032852444,0.798535052393563,285
1437.62951660156,1656,26,57,6,18.2265338897705,37,90,34.6172366192446,0.796451719063563,207
1154.64367675781,1747,15,58,4,18.7241363525391,13,102,35.0026532852944,0.796451719063563,246
1374.94616699219,1693,15,60,2,18.6391201019287,16,102,34.8568199521945,0.794368385733563,204
1279.70483398438,1684,19,59,4,18.6874866485596,24,104,34.9068199521144,0.794368385733563,312
1233.92846679688,1710,18,61,3,18.7218036651611,13,105,34.9484866187144,0.794368385733563,279
1499.71655273438,1690,18,58,5,18.442455291748,19,107,34.7193199524145,0.792285052403563,218
1376.42065429688,1794,16,60,4,18.679220199585,15,105,35.0380699519044,0.792285052403563,329
1116.24792480469,1852,16,59,3,18.6542358398438,7,111,35.1297366184243,0.792285052403563,442
1273.70495605469,1495,16,59,4,17.7245845794678,21,104,34.4380699528647,0.790201719073563,199
1868.63122558594,1699,38,57,10,18.1488723754883,22,80,34.5943199526146,0.790201719073563,309
1498.32885742188,1708,17,57,3,18.4170169830322,29,106,34.7109866190945,0.790201719073563,217
1404.53283691406,1717,17,60,4,18.6232891082764,17,101,34.8505699522045,0.790201719073563,209
1285.05126953125,1520,16,57,7,17.797191619873,28,92,34.4734866194746,0.788118385743563,216
1838.62414550781,1805,34,57,29,18.0784397125244,43,76,34.5776532859746,0.788118385743563,289
1453.38757324219,1602,18,58,3,18.1783962249756,44,95,34.6109866192546,0.786035052413563,191
1255.74475097656,1469,14,60,3,17.7022972106934,9,110,34.4255699528847,0.783951719083563,205
1287.63586425781,1606,15,60,7,17.8628387451172,11,97,34.4943199527746,0.783951719083563,229
1404.53283691406,1717,17,60,4,18.6232891082764,17,101,34.8484866188745,0.783951719083563,212
1157.38073730469,1701,20,59,2,18.7360801696777,36,104,34.9714032853444,0.783951719083563,311
1071.78063964844,1339,9,60,5,17.6538543701172,17,106,34.3818199529547,0.781868385753563,213
1362.23254394531,1644,26,57,7,18.0137348175049,27,83,34.5422366193646,0.781868385753563,234
1308.49169921875,1486,16,60,7,17.7101230621338,16,104,34.4401532861947,0.779785052423563,214
1217.86889648438,1482,15,58,5,17.7806282043457,28,96,34.4714032861446,0.779785052423563,219
1111.59545898438,1782,15,58,2,18.7026805877686,13,108,35.0922366184843,0.779785052423563,434
1078.06994628906,1306,8,59,7,17.6294174194336,16,103,34.3693199529747,0.777701719093563,225
1387.0537109375,1639,18,58,5,18.2633056640625,26,105,34.6464032858646,0.777701719093563,177
1447.99462890625,1672,21,58,4,18.4698734283447,21,113,34.7464032857045,0.777701719093563,242
1472.06884765625,1667,29,57,8,18.048957824707,31,81,34.5505699526846,0.775618385763563,220
1195.21447753906,1774,18,58,7,18.7154026031494,12,96,35.0047366186244,0.773535052433563,239
1086.72180175781,1768,22,60,3,18.7307415008545,10,106,35.0755699518444,0.773535052433563,424
1100.1279296875,1797,18,58,3,18.7063636779785,11,105,35.0797366185043,0.773535052433563,419
1346.70275878906,1490,17,59,4,17.7063827514648,8,104,34.4505699528447,0.771451719103563,226
1217.7763671875,1579,14,58,9,17.8632431030273,17,95,34.5047366194246,0.771451719103563,210
1377.41796875,1617,17,57,5,18.2423686981201,18,106,34.6464032858646,0.771451719103563,147
1217.7763671875,1579,14,58,9,17.8632431030273,17,95,34.5047366194246,0.769368385773563,205
1480.40393066406,1726,18,60,4,18.6502647399902,11,99,34.8839032854844,0.769368385773563,245
1429.26379394531,1673,21,60,3,18.6744537353516,22,102,34.9109866187744,0.769368385773563,233
1379.20727539062,1672,21,60,3,18.468864440918,13,109,34.7547366190245,0.767285052443563,212
1551.42517089844,1643,22,57,4,18.0472984313965,35,89,34.5672366193246,0.765201719113563,217
1110.62438964844,1678,22,60,3,18.7122535705566,12,106,34.9568199520344,0.765201719113563,237
1808.19665527344,1761,34,57,27,18.125150680542,40,83,34.5943199526146,0.763118385783563,203
1113.78100585938,1719,16,58,5,18.7422943115234,11,98,34.9964032853044,0.763118385783563,258
1177.16345214844,1872,17,60,5,18.6365947723389,7,106,35.1047366184643,0.763118385783563,431
1090.13122558594,1799,21,58,11,18.7091217041016,4,100,35.0839032851643,0.761035052453563,351
1303.97692871094,1649,22,59,2,18.4668273925781,14,112,34.7651532856745,0.758951719123563,160
1124.12768554688,1708,16,58,5,18.7267475128174,8,102,34.9734866186744,0.758951719123563,256
1090.13122558594,1799,21,58,11,18.7091217041016,4,100,35.0797366185043,0.758951719123563,350
1236.67492675781,1895,20,58,5,18.613109588623,8,108,35.1214032851043,0.758951719123563,443
1228.69360351562,1424,12,59,7,17.7145118713379,13,97,34.4568199528346,0.756868385793563,222
1196.06225585938,1494,13,59,5,17.7815380096436,19,93,34.4964032861046,0.756868385793563,176
1583.25854492188,1608,15,58,1,18.1524658203125,37,113,34.6276532858946,0.756868385793563,125
1174.61462402344,1523,17,58,10,17.7555198669434,11,99,34.4943199527746,0.754785052463563,180
1058.19873046875,1689,15,58,2,18.7557945251465,14,99,35.0276532852544,0.754785052463563,301
1418.18872070312,1611,20,56,14,17.9010696411133,13,88,34.5214032860646,0.750618385803563,188
1572.48400878906,1678,20,57,2,18.44260597229,29,116,34.7464032857045,0.750618385803563,230
1653.57556152344,1600,17,59,2,18.1173992156982,17,107,34.6172366192446,0.748535052473563,123
1617.09924316406,1594,18,58,2,18.1320819854736,28,111,34.6234866192346,0.748535052473563,132
1169.64562988281,1659,26,60,5,18.7197532653809,12,98,34.9755699520044,0.748535052473563,257
1213.03356933594,1627,14,58,4,18.340482711792,19,103,34.7172366190845,0.746451719143563,124
1152.82336425781,1468,14,58,6,17.7124767303467,30,103,34.4630699528246,0.744368385813563,208
1213.03356933594,1627,14,58,4,18.340482711792,19,103,34.7172366190845,0.744368385813563,121
1410.22155761719,1622,20,58,1,18.4464092254639,22,112,34.7651532856745,0.744368385813563,182
1290.51538085938,1561,16,57,3,18.1642208099365,35,103,34.6526532858546,0.742285052483563,124
1221.73400878906,1659,20,61,5,18.6801509857178,12,100,34.9318199520744,0.742285052483563,224
1248.08520507812,1391,12,60,5,17.658935546875,17,107,34.4401532861947,0.740201719153563,210
1186.38208007812,1407,12,59,6,17.6753005981445,8,109,34.4464032861847,0.740201719153563,201
1395.47668457031,1670,17,58,6,18.3976249694824,12,105,34.7422366190445,0.740201719153563,130
1282.93395996094,1689,22,60,4,18.7231311798096,8,94,34.9922366186444,0.740201719153563,345
1159.18859863281,1673,23,60,5,18.7351531982422,13,98,34.9984866186344,0.740201719153563,319
1145.07885742188,1380,10,58,3,17.6974277496338,15,99,34.4589032861646,0.738118385823563,203
1432.05871582031,1626,16,57,9,17.780834197998,18,91,34.4984866194346,0.738118385823563,185
1321.85388183594,1605,19,59,5,18.4862823486328,22,111,34.7964032856245,0.738118385823563,185
1334.12341308594,1705,22,61,4,18.706880569458,23,94,34.9734866186744,0.738118385823563,237
1334.12341308594,1705,22,61,4,18.706880569458,23,94,34.9755699520044,0.738118385823563,244
1262.23449707031,1683,16,60,4,18.6050682067871,10,103,34.8651532855145,0.736035052493563,216
1321.83581542969,1514,18,58,3,18.1447563171387,21,102,34.6484866191946,0.733951719163563,109
1586.49487304688,1572,16,57,3,18.0308494567871,25,105,34.6026532859346,0.731868385833563,117
1595.61511230469,1669,18,58,4,18.4416732788086,20,116,34.7651532856745,0.731868385833563,184
1340.509765625,1601,18,61,3,18.492712020874,25,109,34.8068199522745,0.731868385833563,220
1300.36926269531,1554,17,55,13,17.6957702636719,13,92,34.4859866194546,0.729785052503563,155
1076.71813964844,1737,17,59,3,18.7459812164307,11,102,35.0214032852644,0.727701719173563,333
1186.75805664062,1376,9,61,3,17.6488304138184,11,106,34.4422366195247,0.725618385843563,218
1752.31213378906,1599,14,58,4,18.0086669921875,9,102,34.5839032859646,0.725618385843563,139
1441.71508789062,1658,17,57,5,18.4053115844727,20,109,34.7484866190345,0.725618385843563,144
1164.65222167969,1640,14,60,4,18.5479793548584,16,109,34.8443199522145,0.725618385843563,213
1161.34948730469,1894,22,60,3,18.6241779327393,27,110,35.1443199517343,0.725618385843563,441
1545.44848632812,1549,16,58,2,18.1090087890625,18,114,34.6380699525446,0.723535052513563,127
1136.697265625,1508,16,58,4,18.1892433166504,20,106,34.6797366191445,0.723535052513563,116
1218.25622558594,1607,14,57,3,18.281810760498,23,109,34.7068199524345,0.721451719183563,130
1181.39318847656,1856,33,59,7,18.6496391296387,58,99,35.0526532852144,0.721451719183563,302
1284.62145996094,1884,23,61,2,18.6216678619385,13,107,35.0589032852044,0.721451719183563,326
1296.84497070312,1885,21,60,3,18.6252918243408,21,108,35.0734866185144,0.721451719183563,384
1264.13598632812,1627,15,58,4,18.3656234741211,19,108,34.7401532857145,0.719368385853563,179
1451.7646484375,1543,12,58,7,17.7508945465088,14,90,34.5130699527446,0.717285052523563,168
1183.52954101562,1507,16,57,4,18.1686534881592,32,110,34.6776532858145,0.717285052523563,118
1285.07690429688,1519,17,57,7,17.8494243621826,16,94,34.5609866193346,0.715201719193563,162
1391.29467773438,1680,13,59,3,18.6170349121094,9,99,34.8901532854744,0.715201719193563,228
1309.4521484375,1497,14,58,2,17.6925354003906,16,96,34.4964032861046,0.713118385863563,198
1588.50183105469,1661,17,58,2,18.4216194152832,27,118,34.7630699523445,0.713118385863563,168
1256.80969238281,1502,16,57,3,18.1568641662598,15,110,34.6714032858245,0.708951719203563,116
1375.63427734375,1699,16,61,2,18.5971927642822,10,103,34.8734866188344,0.708951719203563,211
1275.0830078125,1493,11,59,5,17.7126960754395,11,99,34.5193199527346,0.706868385873563,160
1601.40588378906,1670,18,58,1,18.4547290802002,16,115,34.7880699523045,0.706868385873563,215
1469.64721679688,1846,18,60,2,18.6010608673096,10,113,34.9839032853244,0.704785052543563,378
1214.68603515625,1638,15,57,7,18.295316696167,9,99,34.7276532857345,0.702701719213564,141
1557.17700195312,1655,17,58,3,18.4221572875977,30,113,34.7734866189945,0.702701719213564,196
1349.63269042969,1681,14,60,4,18.5865535736084,11,104,34.8734866188344,0.702701719213564,215
1251.43481445312,1661,16,59,5,18.6263675689697,15,102,34.9109866187744,0.702701719213564,217
1121.61975097656,1638,21,61,4,18.6429004669189,14,101,34.9255699520844,0.702701719213564,234
1214.68603515625,1638,15,57,7,18.295316696167,9,99,34.7214032857445,0.700618385883564,158
1520.59143066406,1536,18,59,2,18.0545406341553,16,115,34.6380699525446,0.698535052553564,117
1299.83312988281,1585,15,59,3,18.4792976379395,17,107,34.8276532855745,0.698535052553564,163
1311.693359375,1827,26,60,3,18.6145801544189,7,101,34.9734866186744,0.698535052553564,402
1424.10998535156,1861,18,60,2,18.6035137176514,10,112,35.0089032852844,0.698535052553564,457
1384.12194824219,1867,23,60,2,18.6088905334473,14,114,35.0172366186044,0.698535052553564,453
1189.20837402344,1393,9,59,3,17.6586971282959,9,101,34.4839032861246,0.694368385893564,198
1203.0947265625,1490,13,59,6,17.7048053741455,9,100,34.5130699527446,0.694368385893564,170
1237.32849121094,1501,15,57,2,18.1703796386719,16,111,34.6901532857945,0.694368385893564,120
1174.4716796875,1627,18,61,4,18.6035499572754,22,102,34.8984866187944,0.694368385893564,194
1422.28625488281,1856,17,60,1,18.6035594940186,7,110,34.9964032853044,0.694368385893564,445
1174.45861816406,1577,13,58,4,18.4897384643555,19,107,34.8359866188945,0.692285052563564,188
1250.0498046875,1883,18,58,2,18.620189666748,6,115,35.0630699518644,0.692285052563564,383
1493.86975097656,1541,19,57,2,17.8372135162354,17,105,34.5693199526546,0.690201719233564,144
1524.81921386719,1668,20,57,4,18.3562660217285,15,117,34.7464032857045,0.690201719233564,165
1199.98046875,1589,15,60,4,18.4805946350098,31,106,34.8297366189045,0.690201719233564,187
1616.00695800781,1537,18,59,2,17.9300975799561,17,110,34.6026532859346,0.688118385903564,136
1597.68579101562,1635,16,58,3,18.3699588775635,14,109,34.7568199523545,0.688118385903564,162
1192.64807128906,1636,19,61,4,18.571849822998,14,102,34.8839032854844,0.688118385903564,206
1337.8828125,1858,18,60,2,18.6055126190186,9,108,35.0026532852944,0.688118385903564,447
1575.88806152344,1543,19,58,3,18.0233554840088,17,113,34.6359866192146,0.686035052573564,121
1157.01403808594,1339,12,56,3,17.562593460083,20,110,34.4401532861947,0.683951719243564,180
1699.62451171875,1571,17,56,2,17.9005661010742,17,111,34.5839032859646,0.683951719243564,157
1234.62756347656,1638,14,60,2,18.5200862884521,10,108,34.8505699522045,0.683951719243564,183
1583.81213378906,1560,18,57,2,18.0070781707764,15,112,34.6297366192246,0.681868385913564,123
1563.49389648438,1643,15,58,1,18.4472827911377,20,112,34.8089032856045,0.681868385913564,159
1563.49389648438,1643,15,58,1,18.4472827911377,20,112,34.8109866189345,0.681868385913564,164
1264.90148925781,1852,20,59,3,18.6176605224609,52,110,35.0172366186044,0.681868385913564,369
1251.41088867188,1879,20,58,3,18.6205596923828,14,117,35.0609866185344,0.681868385913564,405
1156.31982421875,1340,10,56,4,17.5603656768799,19,110,34.4505699528447,0.679785052583564,175
1512.23852539062,1528,18,57,4,17.9536724090576,15,112,34.6130699525846,0.679785052583564,126
1239.54675292969,1885,19,59,2,18.6210346221924,7,113,35.0630699518644,0.677701719253564,406
1156.31982421875,1340,10,56,4,17.5603656768799,19,110,34.4526532861747,0.675618385923564,167
1227.14233398438,1569,16,60,4,18.4698505401611,16,105,34.8318199522345,0.675618385923564,193
1245.32556152344,1829,19,59,4,18.6179027557373,7,101,34.9714032853444,0.675618385923564,372
1410.13525390625,1544,18,60,5,17.7379245758057,14,98,34.5505699526846,0.673535052593564,158
1626.97802734375,1649,19,57,4,18.3532848358154,23,106,34.7547366190245,0.669368385933564,156
1410.13525390625,1544,18,60,5,17.7379245758057,14,98,34.5526532860146,0.667285052603564,116
1139.42163085938,1730,18,57,2,18.6573047637939,23,99,34.9401532853944,0.667285052603564,235
1501.79821777344,1507,17,56,5,17.9360275268555,27,107,34.6214032859046,0.665201719273564,107
1129.2666015625,1528,16,58,4,18.2225494384766,15,101,34.7297366190645,0.665201719273564,116
1566.84106445312,1640,17,58,2,18.4427814483643,19,110,34.8151532855945,0.663118385943564,192
1348.91625976562,1894,21,58,3,18.6076927185059,9,112,35.0526532852144,0.663118385943564,313
1192.20837402344,1678,18,56,4,18.5883560180664,80,100,34.9026532854544,0.661035052613564,165
1193.74340820312,1807,22,59,2,18.6358833312988,12,97,34.9943199519744,0.661035052613564,410
1566.84106445312,1640,17,58,2,18.4427814483643,19,110,34.8130699522645,0.658951719283564,180
1139.23132324219,1694,20,56,5,18.6376190185547,21,101,34.9297366187444,0.658951719283564,232
1283.8388671875,1891,19,59,0,18.620304107666,12,116,35.0651532851944,0.658951719283564,418
1283.8388671875,1891,19,59,0,18.620304107666,12,116,35.0672366185244,0.658951719283564,422
1089.30358886719,1564,15,60,4,18.4681701660156,21,102,34.8484866188745,0.656868385953564,181
1150.67492675781,1640,18,59,7,18.5879135131836,20,99,34.9047366187844,0.656868385953564,223
1207.14965820312,1886,27,62,3,18.6456336975098,8,112,35.1068199517943,0.656868385953564,398
1119.16442871094,1691,15,58,7,18.6405906677246,12,100,34.9422366187244,0.654785052623564,244
1297.89270019531,1887,23,57,3,18.6242637634277,16,114,35.0672366185244,0.654785052623564,436
1314.22375488281,1494,17,57,3,18.1296577453613,13,111,34.6984866191145,0.652701719293564,112
1458.62255859375,1525,14,58,3,17.5795841217041,13,101,34.5193199527346,0.648535052633564,184
1720.3505859375,1553,19,56,3,17.8465366363525,13,102,34.6026532859346,0.648535052633564,147
1479.6494140625,1496,16,57,4,18.0253124237061,15,112,34.6651532858345,0.648535052633564,119
1334.47473144531,1497,17,57,2,18.0970821380615,19,111,34.6880699524645,0.648535052633564,112
1215.49719238281,1463,18,59,0,18.1480255126953,26,111,34.7109866190945,0.646451719303564,113
1103.36218261719,1667,18,59,5,18.6583194732666,14,98,34.9547366187044,0.646451719303564,311
1200.29333496094,1294,14,55,10,17.3818168640137,17,103,34.4089032862447,0.644368385973564,183
1298.05993652344,1478,16,57,3,18.0814361572266,25,109,34.6797366191445,0.644368385973564,110
1320.93041992188,1484,16,58,3,18.1190395355225,16,113,34.7026532857745,0.644368385973564,106
1323.20397949219,1899,26,58,2,18.6202220916748,59,114,35.0568199518744,0.644368385973564,338
1316.96423339844,1417,12,57,6,17.5205707550049,13,101,34.4797366194646,0.642285052643564,178
1103.01501464844,1484,16,58,3,18.2058544158936,34,102,34.7339032857245,0.642285052643564,111
1413.29870605469,1465,17,56,2,17.63796043396,30,101,34.5443199526946,0.638118385983564,174
1234.2734375,1871,23,58,2,18.6474647521973,13,101,35.0526532852144,0.638118385983564,347
1335.05834960938,1341,9,58,1,17.3864002227783,10,113,34.4255699528847,0.636035052653564,167
1617.95568847656,1517,18,58,4,17.8911590576172,18,106,34.6214032859046,0.636035052653564,142
1129.10949707031,1710,19,60,2,18.6670932769775,19,99,34.9693199520144,0.636035052653564,267
1099.35693359375,1473,15,59,1,18.1970233917236,15,102,34.7339032857245,0.633951719323564,115
1128.20776367188,1620,15,59,7,18.6001815795898,14,99,34.9214032854244,0.633951719323564,261
1505.55090332031,1515,15,57,1,17.568021774292,10,102,34.5214032860646,0.631868385993564,203
1106.09704589844,1474,17,58,2,18.1858749389648,22,106,34.7339032857245,0.631868385993564,110
1151.69677734375,1822,21,59,4,18.6729202270508,25,105,35.0734866185144,0.631868385993564,322
1337.85217285156,1398,12,55,5,17.4628143310547,14,99,34.4672366194846,0.629785052663564,209
1544.35205078125,1499,17,57,2,17.9978065490723,16,114,34.6630699525046,0.627701719333564,123
1265.07763671875,1475,15,58,3,18.1014232635498,18,115,34.7026532857745,0.627701719333564,131
1460.71069335938,1468,16,56,4,17.622220993042,12,103,34.5401532860346,0.625618386003564,159
1632.06396484375,1506,18,57,4,17.8743133544922,15,106,34.6255699525646,0.625618386003564,127
1246.08581542969,1464,16,58,3,18.0706920623779,16,113,34.6922366191245,0.623535052673564,121
1607.04016113281,1505,16,57,5,17.5709037780762,12,103,34.5339032860446,0.621451719343564,132
1291.45874023438,1323,11,57,4,17.427038192749,11,106,34.4484866195147,0.619368386013564,175
1128.25317382812,1487,16,57,2,18.191032409668,16,105,34.7380699523845,0.619368386013564,118
1312.15246582031,1704,17,58,4,18.5573654174805,13,98,34.8901532854744,0.619368386013564,227
1107.90991210938,1702,21,60,6,18.6538848876953,21,102,34.9651532853544,0.619368386013564,300
1155.85144042969,1600,18,59,4,18.4421691894531,13,100,34.8484866188745,0.617285052683564,194
1162.00341796875,1613,17,59,5,18.4995594024658,22,93,34.8776532854944,0.617285052683564,164
1397.27453613281,1310,9,57,3,17.2307987213135,6,105,34.3901532862747,0.615201719353564,152
1381.79565429688,1289,11,57,1,17.2605609893799,12,109,34.3984866195947,0.613118386023564,167
1563.61169433594,1489,16,57,2,17.935474395752,10,125,34.6547366191846,0.608951719363564,114
1354.39147949219,1529,22,56,10,18.2468757629395,17,91,34.7776532856545,0.608951719363564,140
1332.50329589844,1432,17,54,10,17.531909942627,12,93,34.5193199527346,0.602701719373564,174
1462.84326171875,1555,18,57,8,18.3017959594727,14,92,34.7901532856345,0.602701719373564,142
1296.634765625,1288,9,57,3,17.3285388946533,10,112,34.4297366195447,0.600618386043564,149
1327.044921875,1511,15,59,0,18.1447353363037,21,114,34.7401532857145,0.600618386043564,151
1293.81164550781,1502,14,59,1,18.2101783752441,19,103,34.7630699523445,0.600618386043564,136
1383.50817871094,1464,15,56,6,17.5329303741455,11,96,34.5214032860646,0.596451719383564,176
1327.044921875,1511,15,59,0,18.1447353363037,21,114,34.7380699523845,0.596451719383564,160
1141.06262207031,1569,14,58,3,18.3722820281982,18,101,34.8339032855645,0.596451719383564,156
1295.89367675781,1269,10,59,1,17.1984996795654,18,115,34.3943199529347,0.594368386053564,165
1133.38610839844,1623,16,58,5,18.4994163513184,19,93,34.8859866188144,0.594368386053564,154
1606.17114257812,1497,15,56,4,17.7735900878906,12,106,34.6151532859146,0.592285052723564,106
1233.79235839844,1468,14,57,2,18.0407943725586,13,114,34.7005699524445,0.592285052723564,113
1391.97778320312,1275,13,55,1,17.1120567321777,28,116,34.3755699529647,0.590201719393564,204
1331.34704589844,1290,11,58,2,17.2532520294189,15,115,34.4172366195647,0.590201719393564,158
1218.46740722656,1320,13,57,3,17.4513339996338,17,107,34.4797366194646,0.590201719393564,150
1319.75720214844,1498,15,58,2,18.1164569854736,14,114,34.7339032857245,0.590201719393564,145
1375.78942871094,1494,15,57,1,18.1352481842041,24,113,34.7401532857145,0.590201719393564,152
1420.33068847656,1503,14,57,4,18.1759452819824,18,108,34.7609866190145,0.590201719393564,148
1142.96325683594,1483,24,58,4,18.2725353240967,19,94,34.7943199522945,0.590201719393564,221
1636.88391113281,1492,19,58,3,17.826868057251,16,109,34.6339032858846,0.586035052733564,112
1476.10864257812,1455,17,56,3,17.9295024871826,20,112,34.6651532858345,0.583951719403564,141
1307.02905273438,1267,10,59,3,17.2089290618896,13,116,34.4068199529147,0.579785052743564,175
1121.78405761719,1313,16,56,2,17.4670333862305,13,105,34.4964032861046,0.571451719423564,161
1250.21508789062,1270,12,59,2,17.1911907196045,20,116,34.4089032862447,0.569368386093564,181
1519.19201660156,1482,15,57,3,17.8434677124023,22,108,34.6464032858646,0.567285052763564,114
1092.44396972656,1461,16,58,2,18.2286128997803,15,105,34.7859866189745,0.567285052763564,117
1220.05004882812,1264,13,57,3,17.1943340301514,14,112,34.4151532862347,0.563118386103564,185
1294.48864746094,1411,17,57,1,17.5035705566406,11,103,34.5339032860446,0.563118386103564,120
1435.9375,1433,14,56,1,17.5621604919434,12,109,34.5547366193446,0.563118386103564,132
1330.38671875,1429,19,55,2,17.6426658630371,17,111,34.5797366193046,0.563118386103564,134
1098.2431640625,1499,15,59,2,18.2730884552002,29,110,34.8047366189445,0.563118386103564,118
1359.85766601562,1250,11,57,1,17.050142288208,14,116,34.3755699529647,0.561035052773564,167
1334.07727050781,1246,13,56,2,17.0279579162598,14,116,34.3755699529647,0.558951719443564,150
1223.75354003906,1279,13,56,1,17.168758392334,17,114,34.4172366195647,0.558951719443564,172
1226.44519042969,1306,15,56,3,17.3213634490967,15,108,34.4693199528146,0.558951719443564,158
1617.72644042969,1475,16,56,3,17.8794136047363,26,111,34.6672366191645,0.558951719443564,172
1122.01843261719,1465,16,57,4,18.2347602844238,19,105,34.7922366189645,0.558951719443564,120
1207.57543945312,1262,12,57,2,17.1466045379639,13,114,34.4089032862447,0.556868386113564,161
1190.87231445312,1298,14,57,2,17.3515243530273,12,108,34.4734866194746,0.556868386113564,169
1421.28552246094,1407,14,57,1,17.576488494873,9,106,34.5630699526646,0.556868386113564,134
1617.72644042969,1475,16,56,3,17.8794136047363,26,111,34.6672366191645,0.556868386113564,159
1389.6591796875,1480,15,57,3,18.0080261230469,17,111,34.7089032857645,0.556868386113564,157
1223.75354003906,1279,13,56,1,17.168758392334,17,114,34.4130699529047,0.554785052783564,164
1120.673828125,1448,15,57,1,18.2172908782959,14,106,34.7859866189745,0.554785052783564,99
1221.33227539062,1355,14,54,3,17.4347152709961,13,105,34.5089032860846,0.552701719453564,110
1389.6591796875,1480,15,57,3,18.0080261230469,17,111,34.7047366191045,0.552701719453564,209
1260.99572753906,1320,17,55,2,17.2711334228516,15,111,34.4568199528346,0.548535052793564,207
1471.64392089844,1456,16,57,2,17.9024639129639,36,112,34.6734866191545,0.546451719463564,139
1325.43896484375,1401,18,55,4,17.6006145477295,21,105,34.5818199526346,0.542285052803564,122
1150.75476074219,1452,16,58,2,18.1534366607666,11,106,34.7672366190045,0.542285052803564,106
1550.41967773438,1440,19,53,4,17.4578266143799,12,99,34.5401532860346,0.540201719473564,153
1626.67517089844,1489,16,56,1,17.7943248748779,16,117,34.6464032858646,0.540201719473564,112
1299.70520019531,1425,18,56,1,17.9250583648682,26,113,34.6839032858045,0.540201719473564,125
1610.74304199219,1464,17,56,3,17.8594970703125,17,111,34.6651532858345,0.538118386143564,153
1590.12268066406,1430,17,55,6,17.5093231201172,5,96,34.5609866193346,0.536035052813564,128
1465.650390625,1413,18,54,1,17.7050457000732,9,104,34.6151532859146,0.536035052813564,115
1277.33764648438,1275,13,56,2,17.1240634918213,14,112,34.4214032862247,0.531868386153564,182
1316.9736328125,1320,15,55,3,17.1936283111572,16,108,34.4484866195147,0.531868386153564,173
1346.89013671875,1395,17,56,5,17.4168319702148,10,100,34.5234866193946,0.531868386153564,111
1277.33764648438,1275,13,56,2,17.1240634918213,14,112,34.4276532862147,0.529785052823564,147
1172.26794433594,1503,16,57,1,18.2300186157227,15,113,34.8047366189445,0.529785052823564,133
1263.54943847656,1271,12,56,3,17.0985145568848,11,113,34.4151532862347,0.527701719493564,212
1346.89013671875,1395,17,56,5,17.4168319702148,10,100,34.5234866193946,0.527701719493564,102
1555.76879882812,1435,17,54,4,17.4454727172852,11,103,34.5380699527046,0.527701719493564,118
1448.01611328125,1428,16,56,2,17.8817977905273,69,113,34.6776532858145,0.527701719493564,128
1543.36120605469,1410,16,54,3,17.4646472930908,11,103,34.5484866193546,0.525618386163564,118
1447.74926757812,1439,14,56,2,17.867639541626,14,110,34.6734866191545,0.523535052833564,112
1554.04467773438,1486,17,52,5,17.6376399993896,27,103,34.6047366192646,0.521451719503564,145
1058.46545410156,1508,17,59,1,18.3190822601318,13,95,34.8526532855345,0.521451719503564,143
1260.70471191406,1272,13,56,2,17.0749778747559,12,113,34.4172366195647,0.519368386173564,182
1172.44482421875,1485,16,58,2,18.2242031097412,16,108,34.8109866189345,0.519368386173564,113
1161.84423828125,1433,15,57,2,18.0576553344727,22,109,34.7401532857145,0.517285052843564,104
1155.20190429688,1502,17,57,3,18.2482643127441,18,108,34.8276532855745,0.517285052843564,115
1451.83361816406,1421,17,54,3,17.5471687316895,26,107,34.5839032859646,0.515201719513564,131
1405.89074707031,1356,18,56,3,17.3160381317139,15,106,34.5005699527646,0.513118386183564,133
1253.76770019531,1326,16,55,2,17.3781681060791,16,105,34.5151532860746,0.511035052853564,122
1102.40759277344,1496,18,57,1,18.2898635864258,16,101,34.8401532855545,0.511035052853564,121
1310.80322265625,1402,15,57,2,17.8539276123047,29,109,34.6776532858145,0.504785052863564,126
1544.77709960938,1445,13,56,2,17.7571907043457,20,110,34.6484866191946,0.502701719533564,108
1256.32397460938,1243,12,56,1,16.9804172515869,14,111,34.4089032862447,0.498535052873564,132
1223.35803222656,1476,13,57,3,18.0421504974365,26,109,34.7484866190345,0.496451719543564,97
1288.05834960938,1362,11,54,3,17.6286926269531,18,109,34.6047366192646,0.494368386213564,121
1416.2734375,1441,13,54,8,17.6530742645264,16,106,34.6234866192346,0.492285052883564,119
1478.03857421875,1437,14,54,4,17.6788272857666,21,107,34.6359866192146,0.492285052883564,109
1416.2734375,1441,13,54,8,17.6530742645264,16,106,34.6255699525646,0.490201719553564,124
1315.75598144531,1299,14,54,1,17.0705146789551,9,114,34.4380699528647,0.488118386223564,140
1190.1298828125,1290,16,56,2,17.2569751739502,16,108,34.4901532861146,0.486035052893564,134
1137.95288085938,1535,13,55,4,18.3113765716553,13,104,34.8547366188645,0.486035052893564,136
1226.14428710938,1394,14,57,5,17.7928295135498,18,108,34.6693199524945,0.483951719563564,114
1222.47631835938,1484,10,56,0,18.0147914886475,13,107,34.7484866190345,0.483951719563564,99
1242.08178710938,1254,11,55,3,16.9980602264404,13,110,34.4234866195547,0.481868386233564,135
1177.75927734375,1403,14,57,3,17.8694477081299,19,111,34.6943199524545,0.481868386233564,118
1328.63159179688,1540,13,56,4,18.1802711486816,19,100,34.8109866189345,0.481868386233564,119
1244.73840332031,1497,13,55,4,18.0547370910645,20,104,34.7693199523345,0.479785052903564,116
1249.00842285156,1277,13,54,2,17.0266437530518,25,109,34.4339032862047,0.477701719573564,137
1337.35668945312,1551,15,55,2,18.1140689849854,25,103,34.7859866189745,0.477701719573564,108
1199.10046386719,1302,17,54,3,17.1842060089111,21,109,34.4839032861246,0.475618386243564,133
1248.33764648438,1322,17,54,4,17.2354526519775,14,108,34.4964032861046,0.475618386243564,133
1290.1494140625,1379,14,56,3,17.6150608062744,26,111,34.6151532859146,0.475618386243564,115
1169.85815429688,1394,15,56,4,17.8343181610107,15,111,34.6839032858045,0.475618386243564,112
1304.11352539062,1536,14,55,3,18.1958351135254,17,98,34.8130699522645,0.475618386243564,107
1228.63732910156,1455,13,56,2,17.9158096313477,19,110,34.7193199524145,0.473535052913564,104
1273.36779785156,1514,12,55,3,18.0215682983398,14,104,34.7547366190245,0.473535052913564,105
1441.75891113281,1360,18,54,2,17.2746067047119,17,107,34.5151532860746,0.471451719583564,119
1234.4990234375,1237,13,57,1,16.9135341644287,37,109,34.4109866195747,0.469368386253564,133
1278.37451171875,1366,15,56,4,17.646764755249,25,108,34.6214032859046,0.469368386253564,101
1223.84692382812,1447,12,57,2,17.8939552307129,14,111,34.7089032857645,0.469368386253564,102
1194.54321289062,1562,15,56,4,18.2610549926758,12,102,34.8380699522245,0.469368386253564,118
1231.93969726562,1301,15,54,3,17.1612758636475,23,109,34.4859866194546,0.467285052923564,147
1204.08618164062,1559,18,55,2,18.2581939697266,18,97,34.8443199522145,0.467285052923564,126
1429.98828125,1337,17,56,4,17.3785285949707,24,108,34.5526532860146,0.465201719593564,114
1132.73449707031,1655,19,57,5,18.4667797088623,22,81,34.9214032854244,0.463118386263564,207
1463.6630859375,1616,15,53,8,18.1385593414307,44,97,34.7943199522945,0.461035052933564,144
1226.64916992188,1442,12,57,4,17.8916015625,20,105,34.7172366190845,0.456868386273564,107
1198.86401367188,1267,14,55,2,16.9913387298584,25,112,34.4422366195247,0.454785052943564,123
1203.99829101562,1430,13,56,2,17.8726711273193,11,106,34.7068199524345,0.452701719613564,111
1269.748046875,1253,10,56,3,16.760217666626,19,107,34.3880699529447,0.450618386283564,131
1261.78381347656,1624,18,55,2,18.258695602417,17,98,34.8443199522145,0.450618386283564,186
1591.56689453125,1368,16,55,1,17.1823596954346,18,109,34.5068199527546,0.448535052953564,174
1250.4541015625,1241,11,56,2,16.7291259765625,13,109,34.3839032862847,0.446451719623564,105
1177.25659179688,1346,15,57,5,17.6922760009766,12,104,34.6505699525246,0.444368386293564,145
1164.5146484375,1328,16,58,2,17.5135078430176,18,114,34.5964032859446,0.442285052963564,134
1276.88110351562,1477,13,55,7,17.8583755493164,16,104,34.7130699524245,0.442285052963564,148
1138.2021484375,1677,17,58,10,18.4784450531006,8,79,34.9401532853944,0.442285052963564,213
1191.82824707031,1317,15,58,5,17.4863262176514,20,116,34.5943199526146,0.440201719633564,134
1115.90612792969,1617,16,58,3,18.4413070678711,13,88,34.9255699520844,0.440201719633564,211
1356.34936523438,1270,10,55,1,16.7249641418457,11,111,34.3943199529347,0.438118386303564,118
1373.2587890625,1613,20,57,1,18.3164253234863,14,103,34.8693199521745,0.438118386303564,122
1607.00988769531,1370,12,55,1,17.3486843109131,13,113,34.5547366193446,0.436035052973564,129
1257.55700683594,1396,14,55,3,17.6881160736084,12,102,34.6568199525146,0.436035052973564,151
1255.37866210938,1442,14,55,4,17.8405838012695,13,104,34.7109866190945,0.436035052973564,109
1187.451171875,1514,14,56,5,18.0959396362305,13,102,34.8005699522845,0.436035052973564,136
1336.4384765625,1617,19,57,3,18.2962856292725,15,104,34.8609866188545,0.436035052973564,145
1618.66101074219,1352,15,56,2,17.2169361114502,14,107,34.5234866193946,0.433951719643564,123
1427.88500976562,1323,16,55,3,17.2910861968994,18,108,34.5380699527046,0.433951719643564,124
1145.34875488281,1311,14,58,3,17.5022583007812,18,111,34.6026532859346,0.431868386313565,116
1396.68969726562,1626,20,56,4,18.3109188079834,14,106,34.8693199521745,0.431868386313565,140
1285.44055175781,1475,11,56,2,17.8489189147949,12,110,34.7130699524245,0.429785052983565,117
1271.70043945312,1469,13,55,2,17.8761100769043,11,109,34.7234866190745,0.429785052983565,114
1216.8994140625,1575,15,55,4,18.1736793518066,15,100,34.8255699522445,0.429785052983565,138
1241.57360839844,1384,16,54,7,17.5938854217529,20,100,34.6318199525546,0.427701719653565,132
1216.8994140625,1575,15,55,4,18.1736793518066,15,100,34.8255699522445,0.427701719653565,140
1324.77551269531,1282,11,56,3,16.7469348907471,16,109,34.4047366195847,0.425618386323565,129
1562.91223144531,1347,12,54,1,16.9317398071289,23,108,34.4547366195047,0.425618386323565,131
1341.88366699219,1479,12,55,2,17.8070697784424,18,113,34.7047366191045,0.425618386323565,98
1204.68994140625,1544,15,55,4,18.1571464538574,15,102,34.8214032855845,0.423535052993565,142
1275.41955566406,1587,16,54,4,18.24560546875,9,97,34.8526532855345,0.423535052993565,123
1156.34484863281,1616,16,57,5,18.3837642669678,13,102,34.9047366187844,0.423535052993565,148
1582.12463378906,1334,13,56,4,17.0392322540283,15,109,34.4797366194646,0.421451719663565,131
1554.79565429688,1334,16,56,2,17.2081851959229,16,106,34.5234866193946,0.421451719663565,113
1223.36291503906,1384,16,54,2,17.5512180328369,12,107,34.6276532858946,0.421451719663565,146
1296.63452148438,1258,9,56,3,16.6899929046631,19,107,34.4026532862547,0.417285053003565,113
1400.9560546875,1334,15,57,3,17.2883186340332,12,111,34.5484866193546,0.417285053003565,127
1245.57531738281,1530,13,55,4,18.1255702972412,27,102,34.8130699522645,0.417285053003565,134
1261.4208984375,1597,13,57,2,18.318265914917,16,107,34.8859866188144,0.417285053003565,111
1596.59985351562,1349,13,54,3,16.9111251831055,23,108,34.4609866194946,0.415201719673565,122
1612.00903320312,1345,12,55,3,16.9852600097656,30,106,34.4734866194746,0.415201719673565,132
1259.85620117188,1536,13,54,4,18.022647857666,26,105,34.7797366189845,0.415201719673565,129
1338.74011230469,1461,12,55,2,17.7988834381104,24,109,34.7047366191045,0.413118386343565,112
1429.83520507812,1625,16,57,2,18.2900829315186,15,104,34.8693199521745,0.413118386343565,111
1180.75842285156,1598,14,57,3,18.355131149292,11,106,34.8964032854644,0.413118386343565,122
1211.66809082031,1567,15,55,3,18.1789512634277,17,103,34.8359866188945,0.411035053013565,133
1120.65551757812,1640,16,58,4,18.4432029724121,13,93,34.9297366187444,0.411035053013565,155
1342.44140625,1474,15,53,7,17.6137733459473,24,95,34.6609866191746,0.408951719683565,114
1559.58728027344,1313,11,54,2,16.9372158050537,15,106,34.4693199528146,0.406868386353565,130
1249.70324707031,1253,8,56,3,16.6316318511963,14,107,34.3901532862747,0.404785053023565,144
1420.87768554688,1305,14,57,2,17.1848697662354,10,108,34.5234866193946,0.404785053023565,122
1123.55920410156,1309,15,56,1,17.4567356109619,16,111,34.5984866192746,0.404785053023565,166
1527.03271484375,1478,16,54,3,17.7165088653564,17,104,34.6880699524645,0.404785053023565,111
1275.3857421875,1495,12,55,4,17.9553833007812,18,105,34.7693199523345,0.404785053023565,127
1328.84057617188,1593,17,53,5,18.2305431365967,17,95,34.8484866188745,0.404785053023565,127
1110.61145019531,1643,16,58,3,18.4555034637451,14,90,34.9401532853944,0.404785053023565,158
1154.79113769531,1351,13,55,2,17.521858215332,15,108,34.6214032859046,0.400618386363565,119
1178.46435546875,1298,17,56,6,17.38401222229,16,110,34.5859866192946,0.398535053033565,123
1256.8818359375,1441,15,54,2,17.7807559967041,33,107,34.7047366191045,0.398535053033565,121
1511.25695800781,1301,9,55,2,16.8094005584717,16,107,34.4443199528547,0.396451719703565,129
1419.65490722656,1604,14,56,2,18.2663745880127,16,100,34.8693199521745,0.394368386373565,104
1421.35241699219,1616,18,54,4,18.2151966094971,13,99,34.8464032855445,0.392285053043565,126
1419.77624511719,1603,13,56,3,18.2557411193848,15,101,34.8672366188445,0.392285053043565,105
1155.0556640625,1323,14,56,1,17.4790363311768,20,105,34.6193199525746,0.390201719713565,115
1194.84118652344,1371,16,56,3,17.5542163848877,28,103,34.6401532858746,0.390201719713565,125
1194.84118652344,1371,16,56,3,17.5542163848877,28,103,34.6443199525346,0.390201719713565,130
1481.38403320312,1628,14,54,2,18.2421417236328,15,103,34.8589032855245,0.390201719713565,103
1419.77624511719,1603,13,56,3,18.2557411193848,15,101,34.8672366188445,0.388118386383565,102
1541.39208984375,1310,14,56,2,16.8992595672607,17,106,34.4651532861546,0.386035053053565,125
1374.98205566406,1461,15,54,5,17.6147689819336,24,97,34.6651532858345,0.386035053053565,110
1439.9951171875,1315,11,56,3,16.7302360534668,14,105,34.4297366195447,0.383951719723565,134
1617.11791992188,1325,13,55,1,16.911111831665,28,112,34.4734866194746,0.383951719723565,120
1214.79772949219,1301,18,56,3,17.2616157531738,10,110,34.5547366193446,0.383951719723565,136
1241.52587890625,1452,15,55,3,17.753303527832,19,106,34.7068199524345,0.383951719723565,204
1455.72290039062,1295,14,56,1,16.7707042694092,9,105,34.4401532861947,0.381868386393565,113
1295.57141113281,1540,13,54,2,17.9870567321777,15,106,34.7839032856445,0.381868386393565,135
1584.64904785156,1307,11,56,2,16.8760757446289,17,109,34.4651532861546,0.379785053063565,121
1294.48986816406,1505,16,54,4,17.813497543335,18,102,34.7297366190645,0.379785053063565,103
1137.72802734375,1626,16,56,7,18.389684677124,20,98,34.9234866187544,0.379785053063565,137
1288.68542480469,1576,14,56,3,18.2546768188477,13,101,34.8776532854944,0.377701719733565,124
1291.59655761719,1558,15,57,3,18.2444591522217,17,100,34.8734866188344,0.375618386403565,135
1507.67541503906,1609,14,54,4,18.1979560852051,20,99,34.8464032855445,0.371451719743565,123
1257.67736816406,1289,13,56,2,17.032039642334,10,109,34.5047366194246,0.367285053083565,146
1334.96557617188,1429,15,55,2,17.553014755249,18,106,34.6609866191746,0.367285053083565,120
1291.31909179688,1536,14,54,5,17.9902858734131,15,104,34.7943199522945,0.367285053083565,132
1115.96533203125,1567,17,57,2,18.3382015228271,18,100,34.9151532854344,0.367285053083565,141
1269.59106445312,1330,15,54,4,17.2756519317627,24,107,34.5734866193146,0.365201719753565,119
1284.01892089844,1453,14,55,4,17.6427364349365,18,99,34.6818199524745,0.365201719753565,137
1355.29736328125,1502,15,54,3,17.7595634460449,36,106,34.7234866190745,0.365201719753565,106
1272.83972167969,1537,13,55,3,17.9301414489746,13,109,34.7714032856645,0.365201719753565,114
1319.27966308594,1565,16,54,5,18.1019077301025,15,98,34.8214032855845,0.365201719753565,130
1284.01892089844,1453,14,55,4,17.6427364349365,18,99,34.6797366191445,0.363118386423565,130
1511.06188964844,1612,16,56,1,18.209005355835,24,102,34.8609866188545,0.363118386423565,205
1274.54821777344,1360,13,55,3,17.3817596435547,23,106,34.6047366192646,0.361035053093565,123
1332.5849609375,1582,19,55,5,18.2316036224365,19,99,34.8714032855044,0.358951719763565,138
1321.33935546875,1340,15,55,4,17.2216129302979,16,109,34.5672366193246,0.356868386433565,142
1441.13037109375,1607,20,56,2,18.2192001342773,26,104,34.8672366188445,0.356868386433565,152
1491.76843261719,1287,13,56,4,16.6281757354736,13,106,34.4234866195547,0.354785053103565,131
1314.2939453125,1348,15,55,3,17.2508983612061,18,108,34.5755699526446,0.354785053103565,128
1324.05249023438,1399,11,56,0,17.4179344177246,21,111,34.6276532858946,0.354785053103565,141
1316.068359375,1435,16,55,3,17.5985946655273,25,102,34.6776532858145,0.354785053103565,126
1298.21447753906,1324,15,56,1,17.071268081665,11,108,34.5214032860646,0.352701719773565,197
1324.05249023438,1399,11,56,0,17.4179344177246,21,111,34.6234866192346,0.352701719773565,135
1262.53735351562,1517,14,55,5,17.8867263793945,22,103,34.7651532856745,0.352701719773565,117
1330.67919921875,1308,15,55,0,17.0505485534668,50,107,34.5255699527246,0.350618386443565,169
1464.23815917969,1609,17,53,0,18.1216468811035,22,99,34.8339032855645,0.350618386443565,162
1139.6455078125,1725,26,56,24,18.4091777801514,39,74,34.9380699520644,0.350618386443565,191
1330.67919921875,1308,15,55,0,17.0505485534668,50,107,34.5214032860646,0.348535053113565,186
1278.2216796875,1313,14,55,1,17.1508445739746,29,107,34.5464032860246,0.348535053113565,141
1455.58911132812,1587,14,50,3,18.1835041046143,99,99,34.8589032855245,0.348535053113565,177
1369.23413085938,1378,15,55,4,17.310567855835,19,104,34.5964032859446,0.346451719783565,141
1413.89721679688,1612,16,52,6,18.2070827484131,98,99,34.8693199521745,0.346451719783565,153
1387.27490234375,1293,16,57,4,16.7701950073242,15,104,34.4547366195047,0.344368386453565,129
1345.29919433594,1393,14,56,1,17.3416194915771,20,109,34.6089032859246,0.344368386453565,120
1245.44653320312,1560,14,50,5,18.23850440979,98,105,34.8818199521544,0.344368386453565,214
1276.56188964844,1422,14,54,3,17.6127376556396,22,101,34.6839032858045,0.342285053123565,136
1374.9580078125,1277,13,58,2,16.631233215332,14,106,34.4359866195347,0.340201719793565,149
1366.87817382812,1455,13,54,2,17.5411167144775,20,102,34.6693199524945,0.340201719793565,118
1361.56115722656,1372,15,55,4,17.3296909332275,18,104,34.6068199525946,0.338118386463565,127
1259.86608886719,1452,14,54,3,17.721097946167,23,103,34.7130699524245,0.338118386463565,107
1459.5361328125,1585,18,53,1,18.1298427581787,17,99,34.8380699522245,0.336035053133565,172
1433.1982421875,1271,15,59,2,16.5251331329346,16,103,34.4130699529047,0.331868386473565,119
1377.28442382812,1347,16,56,4,17.1003456115723,15,105,34.5464032860246,0.327701719813565,109
1132.37084960938,1664,23,55,28,18.392541885376,26,78,34.9380699520644,0.327701719813565,189
1136.41711425781,1576,18,55,3,18.3214473724365,37,93,34.9255699520844,0.325618386483565,155
1203.44372558594,1596,15,52,6,18.2849559783936,96,101,34.9047366187844,0.323535053153565,222
1237.98742675781,1448,12,54,1,17.6989307403564,24,105,34.7193199524145,0.319368386493565,116
1255.06188964844,1576,15,48,0,18.1894092559814,98,101,34.8734866188344,0.319368386493565,210
1441.65454101562,1556,18,54,4,17.9058895111084,14,103,34.7797366189845,0.315201719833565,115
1469.59716796875,1557,16,54,4,17.9340953826904,13,102,34.7901532856345,0.315201719833565,126
1405.54870605469,1552,18,55,3,17.9837913513184,13,100,34.8109866189345,0.315201719833565,162
1401.54772949219,1570,20,55,5,18.0130825042725,13,101,34.8151532855945,0.315201719833565,191
1328.06274414062,1253,14,57,5,16.4876556396484,15,104,34.4172366195647,0.313118386503565,125
1267.39111328125,1302,10,54,5,16.839729309082,27,104,34.4943199527746,0.313118386503565,114
1369.38977050781,1400,13,54,5,17.3792476654053,27,103,34.6318199525546,0.313118386503565,123
1244.58435058594,1476,15,54,5,17.7075614929199,14,97,34.7234866190745,0.311035053173565,121
1534.76306152344,1362,12,54,6,17.1122245788574,16,99,34.5651532859946,0.306868386513565,115
1465.76196289062,1553,21,54,4,17.8926906585693,38,104,34.7797366189845,0.306868386513565,181
1425.93896484375,1530,19,54,2,17.9431476593018,57,101,34.8026532856145,0.306868386513565,201
1125.79577636719,1601,17,56,3,18.3519020080566,24,87,34.9443199520544,0.306868386513565,198
1213.61669921875,1407,13,55,4,17.537561416626,9,100,34.6755699524845,0.304785053183565,131
1247.330078125,1478,13,54,5,17.6964645385742,28,98,34.7214032857445,0.304785053183565,138
1334.31604003906,1350,11,55,4,17.1745433807373,14,104,34.5818199526346,0.300618386523565,116
1334.31604003906,1350,11,55,4,17.1745433807373,14,104,34.5839032859646,0.300618386523565,120
1177.81799316406,1598,15,49,5,18.3066692352295,100,98,34.9214032854244,0.300618386523565,221
1522.86853027344,1364,11,53,3,17.0610389709473,14,102,34.5547366193446,0.298535053193565,101
1321.20544433594,1402,12,54,2,17.3233394622803,10,105,34.6276532858946,0.298535053193565,120
1213.42309570312,1385,13,56,2,17.4950103759766,27,105,34.6651532858345,0.298535053193565,108
1450.57153320312,1576,24,51,3,17.9093685150146,98,109,34.7901532856345,0.298535053193565,253
1258.34008789062,1251,15,56,4,16.4437084197998,17,103,34.4172366195647,0.294368386533565,143
1300.46179199219,1290,14,54,5,16.5944671630859,19,100,34.4464032861847,0.294368386533565,112
1306.05871582031,1286,11,55,3,16.7596054077148,20,102,34.4818199527946,0.294368386533565,122
1390.8974609375,1307,8,55,3,16.7312526702881,21,101,34.4859866194546,0.292285053203565,123
1264.68859863281,1329,12,56,3,17.1936740875244,20,106,34.5922366192846,0.290201719873565,116
1294.74145507812,1574,15,50,5,18.1389636993408,99,99,34.8672366188445,0.290201719873565,190
1240.681640625,1568,24,48,3,18.2044296264648,100,101,34.8943199521344,0.290201719873565,188
1254.85327148438,1303,10,55,3,16.9245872497559,14,102,34.5214032860646,0.288118386543565,108
1229.68444824219,1404,13,55,3,17.5065021514893,22,102,34.6755699524845,0.288118386543565,146
1305.72631835938,1475,15,54,2,17.6854629516602,16,98,34.7339032857245,0.288118386543565,122
1240.681640625,1568,24,48,3,18.2044296264648,100,101,34.8922366188044,0.288118386543565,196
1252.08374023438,1415,11,54,6,17.5183925628662,14,104,34.6797366191445,0.283951719883565,126
1338.05200195312,1513,17,55,4,17.8720436096191,28,102,34.7880699523045,0.283951719883565,135
1204.19201660156,1357,13,55,5,17.3435077667236,22,103,34.6359866192146,0.281868386553565,143
1244.89770507812,1320,12,55,6,17.1168060302734,17,104,34.5776532859746,0.279785053223565,113
1253.61901855469,1366,11,55,1,17.1764430999756,26,109,34.5943199526146,0.279785053223565,120
1304.59509277344,1336,10,54,2,16.9740047454834,11,107,34.5422366193646,0.277701719893565,100
1400.26049804688,1530,14,55,3,17.7014350891113,13,101,34.7422366190445,0.277701719893565,111
1399.72058105469,1298,12,53,3,16.6893310546875,17,101,34.4839032861246,0.273535053233565,129
1284.501953125,1318,11,54,6,16.7724800109863,34,103,34.4964032861046,0.273535053233565,123
1371.65002441406,1542,14,54,3,17.658748626709,20,99,34.7318199523945,0.273535053233565,171
1453.95141601562,1530,16,54,4,17.7211647033691,44,101,34.7464032857045,0.273535053233565,156
1424.97265625,1524,15,55,5,17.8085098266602,11,100,34.7714032856645,0.273535053233565,126
1257.91052246094,1312,9,55,2,17.0335292816162,17,104,34.5589032860046,0.271451719903565,117
1181.09924316406,1604,15,50,5,18.2793006896973,98,99,34.9255699520844,0.271451719903565,236
1226.89624023438,1596,17,50,5,18.2374401092529,97,100,34.9068199521144,0.269368386573565,199
1360.84741210938,1342,10,54,4,16.8570709228516,24,98,34.5234866193946,0.267285053243565,110
1312.73291015625,1539,16,55,2,17.8566608428955,21,103,34.7880699523045,0.267285053243565,122
1289.43896484375,1618,14,49,3,18.1916351318359,98,105,34.8943199521344,0.267285053243565,206
1395.74145507812,1329,10,54,3,16.6636047363281,20,104,34.4839032861246,0.265201719913565,118
1332.73876953125,1535,16,55,4,17.916805267334,23,103,34.8047366189445,0.265201719913565,139
1165.48095703125,1673,25,54,27,18.3841438293457,17,75,34.9693199520144,0.265201719913565,228
1333.58435058594,1325,10,54,4,16.9716014862061,24,100,34.5526532860146,0.263118386583565,104
1335.29760742188,1513,15,55,5,17.7944412231445,16,101,34.7714032856645,0.263118386583565,117
1260.32641601562,1555,17,54,4,18.0532073974609,17,101,34.8505699522045,0.263118386583565,194
1357.22314453125,1340,12,54,3,17.0173931121826,26,103,34.5672366193246,0.258951719923565,115
1168.81481933594,1621,19,54,5,18.3163509368896,14,98,34.9422366187244,0.258951719923565,162
1148.52319335938,1632,18,54,6,18.3385181427002,27,92,34.9484866187144,0.258951719923565,156
1148.52319335938,1632,18,54,6,18.3385181427002,27,92,34.9526532853744,0.258951719923565,168
1275.01684570312,1574,13,51,3,18.0768871307373,96,99,34.8609866188545,0.256868386593565,192
1319.58825683594,1480,15,56,1,17.7051734924316,34,104,34.7526532856945,0.254785053263565,137
1264.513671875,1490,16,55,3,17.7900981903076,25,103,34.7776532856545,0.254785053263565,150
1363.53735351562,1542,15,54,3,17.9114646911621,10,103,34.8068199522745,0.252701719933565,135
1382.61560058594,1317,12,58,4,16.6575374603271,18,97,34.4880699527846,0.250618386603565,116
1438.13415527344,1425,12,54,2,17.1797409057617,27,103,34.6151532859146,0.250618386603565,113
1233.44885253906,1428,12,54,0,17.3700504302979,22,99,34.6589032858446,0.250618386603565,128
1508.32604980469,1385,14,53,5,16.9074058532715,24,97,34.5464032860246,0.248535053273565,117
1419.45581054688,1378,14,54,5,17.0210819244385,20,103,34.5755699526446,0.248535053273565,123
1423.42810058594,1404,12,54,3,17.0506744384766,17,103,34.5839032859646,0.248535053273565,117
1438.13415527344,1425,12,54,2,17.1797409057617,27,103,34.6151532859146,0.248535053273565,111
1312.322265625,1600,13,50,3,18.0733470916748,98,104,34.8547366188645,0.248535053273565,192
1322.93896484375,1299,9,56,3,16.4116859436035,17,101,34.4443199528547,0.246451719943565,106
1508.32604980469,1385,14,53,5,16.9074058532715,24,97,34.5484866193546,0.246451719943565,128
1294.99597167969,1477,15,54,2,17.7492790222168,13,104,34.7651532856745,0.246451719943565,111
1350.52661132812,1575,18,53,2,18.0195693969727,16,99,34.8443199522145,0.246451719943565,163
1225.00793457031,1650,18,52,4,18.2733402252197,98,103,34.9234866187544,0.246451719943565,212
1351.15148925781,1298,10,54,1,16.2778816223145,15,109,34.4130699529047,0.244368386613565,124
1254.87475585938,1499,15,55,3,17.7783107757568,22,105,34.7714032856645,0.244368386613565,117
1303.33959960938,1292,11,57,4,16.3911418914795,17,100,34.4443199528547,0.242285053283565,121
1306.30590820312,1443,16,55,4,17.4778671264648,14,105,34.6880699524645,0.242285053283565,125
1306.30590820312,1443,16,55,4,17.4778671264648,14,105,34.6922366191245,0.242285053283565,135
1320.20910644531,1299,12,55,6,16.3014545440674,20,100,34.4234866195547,0.238118386623565,118
1504.63415527344,1383,11,54,6,16.8142929077148,13,100,34.5359866193746,0.238118386623565,109
1459.818359375,1368,13,57,5,16.5802192687988,21,99,34.4839032861246,0.236035053293565,117
1486.24426269531,1379,14,56,4,16.6801834106445,31,100,34.5068199527546,0.233951719963565,122
1510.99169921875,1394,12,56,3,16.7161350250244,7,104,34.5193199527346,0.233951719963565,130
1422.01196289062,1425,15,55,4,17.2885246276855,16,97,34.6464032858646,0.233951719963565,193
1564.94030761719,1586,19,54,2,17.9516334533691,19,102,34.8234866189145,0.233951719963565,134
1366.55578613281,1598,16,50,4,18.1112022399902,99,102,34.8714032855044,0.233951719963565,230
1454.25219726562,1432,15,54,4,16.9731826782227,29,111,34.5776532859746,0.231868386633565,129
1472.40698242188,1422,14,54,2,16.9028568267822,20,104,34.5547366193446,0.229785053303565,123
1505.55090332031,1442,16,54,5,17.2410507202148,44,95,34.6401532858746,0.229785053303565,190
1435.15710449219,1447,13,55,2,17.0709190368652,17,107,34.6026532859346,0.227701719973565,95
1372.88488769531,1511,15,54,2,17.658317565918,17,106,34.7484866190345,0.227701719973565,154
1280.60754394531,1266,10,56,2,16.2133674621582,15,102,34.4130699529047,0.225618386643565,104
1533.88671875,1492,18,54,3,17.137788772583,51,100,34.6234866192346,0.225618386643565,189
1339.71166992188,1518,17,55,3,17.5260257720947,16,96,34.7172366190845,0.225618386643565,142
1571.60095214844,1575,18,54,4,17.9369659423828,50,100,34.8214032855845,0.225618386643565,133
1533.88671875,1492,18,54,3,17.137788772583,51,100,34.6255699525646,0.223535053313565,208
1428.41589355469,1362,15,56,5,16.5856819152832,30,99,34.4901532861146,0.221451719983565,104
1273.79223632812,1439,18,56,4,17.4534683227539,14,101,34.6943199524545,0.221451719983565,125
1413.50695800781,1537,16,54,5,17.8117847442627,25,99,34.7880699523045,0.221451719983565,134
1271.46655273438,1595,18,50,7,18.141565322876,99,97,34.8943199521344,0.221451719983565,247
1292.68505859375,1286,11,57,5,16.2555599212646,12,99,34.4255699528847,0.219368386653565,105
1407.25964355469,1381,9,56,1,16.6031093597412,14,102,34.4984866194346,0.217285053323565,100
1310.451171875,1456,16,57,3,17.4342174530029,14,102,34.6922366191245,0.217285053323565,118
1371.85375976562,1532,18,54,4,17.6051273345947,37,98,34.7443199523745,0.217285053323565,138
1375.33825683594,1539,15,53,4,17.9358997344971,26,97,34.8318199522345,0.215201719993565,129
1389.5791015625,1362,12,56,5,16.5655384063721,20,99,34.4901532861146,0.213118386663565,110
1377.80249023438,1381,13,56,4,16.7314720153809,14,100,34.5255699527246,0.213118386663565,114
1654.76867675781,1505,19,56,2,17.1817665100098,19,104,34.6380699525446,0.213118386663565,216
1299.16345214844,1602,17,52,3,18.0791549682617,99,104,34.8755699521644,0.211035053333565,236
1490.15576171875,1528,17,54,2,17.668586730957,28,99,34.7589032856845,0.206868386673565,119
1359.26184082031,1356,13,56,4,16.6727237701416,36,99,34.5151532860746,0.204785053343565,109
1400.13256835938,1309,10,56,2,16.1060886383057,13,109,34.4068199529147,0.202701720013565,108
1355.36157226562,1372,8,54,6,16.5496978759766,16,98,34.4880699527846,0.202701720013565,124
1600.69152832031,1557,20,54,5,17.7078628540039,28,98,34.7693199523345,0.202701720013565,136
1642.17919921875,1564,16,54,5,17.7521705627441,31,99,34.7818199523145,0.200618386683565,142
1246.4765625,1510,15,54,5,17.8899574279785,19,96,34.8276532855745,0.200618386683565,136
1157.88452148438,1566,16,46,8,18.1496963500977,98,102,34.9089032854444,0.200618386683565,241
1560.30981445312,1512,15,55,1,17.3082103729248,16,105,34.6714032858245,0.196451720023565,129
1391.70910644531,1456,16,54,5,17.0357723236084,19,96,34.6109866192546,0.194368386693565,119
1552.04211425781,1486,18,54,3,17.0854091644287,17,103,34.6255699525646,0.194368386693565,118
1581.52062988281,1512,18,55,3,17.1213607788086,26,99,34.6339032858846,0.194368386693565,152
1347.43737792969,1341,9,57,2,16.2435188293457,17,98,34.4443199528547,0.192285053363565,107
1406.18176269531,1396,15,54,6,16.817834854126,21,99,34.5568199526746,0.190201720033565,100
1469.53771972656,1497,18,55,6,17.3392124176025,25,96,34.6797366191445,0.190201720033565,113
1636.17944335938,1551,17,54,3,17.7088832855225,16,95,34.7734866189945,0.190201720033565,133
1230.16821289062,1494,14,55,2,17.8554973602295,24,99,34.8193199522545,0.188118386703565,133
1291.16528320312,1314,9,56,4,16.1610946655273,17,101,34.4276532862147,0.186035053373565,110
1328.9560546875,1305,9,57,3,16.1803321838379,8,102,34.4297366195447,0.183951720043565,105
1328.9560546875,1305,9,57,3,16.1803321838379,8,102,34.4359866195347,0.183951720043565,101
1567.146484375,1459,18,55,4,17.067798614502,12,98,34.6276532858946,0.183951720043565,124
1352.56164550781,1480,19,54,7,17.5716686248779,25,99,34.7443199523745,0.181868386713565,124
1412.70007324219,1447,16,54,2,17.3078651428223,18,101,34.6714032858245,0.179785053383565,163
1478.16589355469,1452,15,55,1,16.8856468200684,18,104,34.5839032859646,0.173535053393565,125
1522.35314941406,1396,12,56,4,16.4480400085449,21,101,34.4880699527846,0.171451720063565,124
1337.755859375,1380,13,55,6,16.6733226776123,21,99,34.5318199527146,0.171451720063565,105
1411.93664550781,1435,12,54,5,16.7371349334717,12,96,34.5464032860246,0.171451720063565,110
1406.42736816406,1454,14,56,3,17.1886444091797,18,97,34.6484866191946,0.171451720063565,119
1522.35314941406,1396,12,56,4,16.4480400085449,21,101,34.4901532861146,0.169368386733565,126
1358.20031738281,1365,12,56,3,16.633373260498,16,99,34.5255699527246,0.169368386733565,102
1442.68237304688,1425,10,55,3,16.5584335327148,12,101,34.5172366194046,0.167285053403565,103
1488.85791015625,1454,19,55,6,17.0160598754883,17,98,34.6151532859146,0.165201720073565,131
1310.25280761719,1457,16,56,5,17.3274307250977,15,101,34.6797366191445,0.165201720073565,129
1222.92639160156,1447,16,56,1,17.6909351348877,9,97,34.7755699523245,0.165201720073565,115
1458.60302734375,1452,15,56,3,17.0935535430908,34,98,34.6297366192246,0.163118386743565,128
1508.64208984375,1446,16,54,8,16.6955585479736,31,93,34.5505699526846,0.158951720083566,107
1545.24877929688,1539,16,55,10,17.4291248321533,42,94,34.7172366190845,0.156868386753566,163
1508.64208984375,1446,16,54,8,16.6955585479736,31,93,34.5464032860246,0.154785053423566,118
1448.29650878906,1454,15,55,10,17.2193450927734,24,87,34.6693199524945,0.154785053423566,130
1388.47277832031,1399,11,55,3,16.5094833374023,16,99,34.5130699527446,0.142285053443566,124
1536.12329101562,1447,12,55,5,16.5779476165771,19,97,34.5318199527146,0.138118386783566,148
1327.79235839844,1445,13,57,5,17.0887794494629,29,100,34.6422366192046,0.138118386783566,125
1370.99145507812,1411,14,55,1,16.8229846954346,22,95,34.5797366193046,0.133951720123566,121
1494.74060058594,1521,13,56,8,17.2429981231689,14,99,34.6797366191445,0.133951720123566,123
1385.259765625,1361,14,55,7,16.1753215789795,18,98,34.4589032861646,0.127701720133566,127
