ProfileID,LayerNr,ExCa,ExMg,ExNa,ExK,Country,loc_longitude,loc_latitude
KE ncss_92P0567,3.000000,3.200000,0.500000,0.500000,0.200000,KE,34.616944,0.001111
KE ncss_92P0568,3.000000,2.500000,2.200000,0.300000,0.700000,KE,37.238889,-1.557778
KE ncss_92P0569,3.000000,5.000000,1.500000,0.300000,3.200000,KE,36.624444,-1.240278
KE ncss_92P1043,3.000000,42.700000,29.800000,3.200000,0.100000,KE,36.737778,-1.250222
KE ncss_92P1044,3.000000,5.800000,2.600000,0.100000,0.600000,KE,34.123389,0.498056
KE ncss_92P1045,3.000000,5.000000,2.700000,0.100000,0.700000,KE,37.666111,-1.852306
KE SOTER_1,3.000000,14.600000,1.100000,1.300000,3.100000,KE,36.200000,0.250000
KE SOTER_101/1-797,3.000000,2.900000,1.000000,0.600000,0.100000,KE,34.130000,0.380000
KE SOTER_101/1-993,3.000000,1.100000,0.000000,0.300000,0.000000,KE,34.250000,0.500000
KE SOTER_101/1-997,3.000000,1.000000,0.500000,0.000000,0.000000,KE,34.230000,0.270000
KE SOTER_101/2-986,3.000000,6.200000,3.600000,0.600000,0.100000,KE,34.250000,0.170000
KE SOTER_101/3-224,3.000000,0.300000,0.000000,0.000000,0.100000,KE,34.200000,0.200000
KE SOTER_101/3-225,3.000000,0.900000,0.100000,0.000000,0.100000,KE,34.180000,0.180000
KE SOTER_101/3-235,3.000000,22.400000,9.800000,4.600000,0.300000,KE,34.040000,0.100000
KE SOTER_101/3-236,3.000000,1.300000,0.400000,0.000000,0.000000,KE,34.080000,0.170000
KE SOTER_101/3-260,3.000000,17.900000,16.200000,2.900000,0.100000,KE,34.070000,0.170000
KE SOTER_101/3-261,3.000000,42.900000,26.400000,7.300000,0.400000,KE,34.030000,0.120000
KE SOTER_101/4-739,3.000000,4.300000,1.400000,0.200000,0.200000,KE,34.370000,0.300000
KE SOTER_101/4-742,3.000000,3.000000,1.000000,0.100000,0.100000,KE,34.480000,0.170000
KE SOTER_101/4-745,3.000000,3.400000,1.200000,0.100000,0.100000,KE,34.330000,0.100000
KE SOTER_102/1-68,3.000000,2.100000,1.000000,0.700000,0.100000,KE,34.700000,0.400000
KE SOTER_102/2-75,3.000000,1.200000,0.800000,0.500000,0.100000,KE,34.600000,0.230000
KE SOTER_102/3-74,3.000000,3.400000,1.400000,0.200000,0.100000,KE,34.730000,0.200000
KE SOTER_102/4-283,3.000000,9.600000,3.100000,1.100000,0.300000,KE,34.970000,0.030000
KE SOTER_102/4-284,3.000000,16.800000,4.800000,1.100000,0.800000,KE,34.930000,0.070000
KE SOTER_102/4-285,3.000000,2.400000,1.100000,1.100000,0.400000,KE,34.970000,0.050000
KE SOTER_102/4-295,3.000000,4.400000,2.000000,0.600000,0.100000,KE,34.950000,0.050000
KE SOTER_102/4-64,3.000000,3.300000,3.600000,0.700000,0.300000,KE,34.850000,0.230000
KE SOTER_102/4-67,3.000000,1.500000,0.500000,0.200000,0.100000,KE,34.720000,0.200000
KE SOTER_102/4-72,3.000000,2.000000,0.700000,0.000000,0.000000,KE,34.780000,0.060000
KE SOTER_103/3-2,3.000000,2.200000,1.500000,0.100000,0.200000,KE,35.150000,0.070000
KE SOTER_104/2-149,3.000000,21.700000,4.700000,1.100000,1.500000,KE,36.230000,1.750000
KE SOTER_104/2-42,3.000000,6.800000,3.000000,0.600000,2.000000,KE,35.800000,0.500000
KE SOTER_104/2-45,3.000000,-9999.000000,-9999.000000,-9999.000000,-9999.000000,KE,35.750000,0.270000
KE SOTER_108/1-1,3.000000,11.500000,3.300000,0.400000,1.200000,KE,37.500000,0.200000
KE SOTER_109-91,3.000000,15.600000,7.100000,0.300000,4.400000,KE,38.247700,0.271900
KE SOTER_109-93,3.000000,52.000000,16.400000,0.600000,4.000000,KE,38.211000,0.267500
KE SOTER_11-2,3.000000,48.500000,2.500000,1.700000,3.300000,KE,35.000000,4.000000
KE SOTER_115/1-12,3.000000,2.400000,2.300000,0.500000,0.400000,KE,34.170000,-0.080000
KE SOTER_115/1-53,3.000000,4.400000,2.300000,0.100000,3.300000,KE,34.130000,-0.150000
KE SOTER_115/2-16,3.000000,0.900000,2.200000,0.400000,0.900000,KE,34.320000,-0.060000
KE SOTER_115/2-21,3.000000,0.000000,0.100000,0.000000,0.200000,KE,34.370000,-0.150000
KE SOTER_115/2-26,3.000000,2.000000,2.100000,0.200000,0.200000,KE,34.350000,-0.100000
KE SOTER_115/2-35,3.000000,2.000000,1.000000,0.000000,0.200000,KE,34.420000,-0.080000
KE SOTER_115/2-9,3.000000,2.900000,0.900000,0.100000,0.100000,KE,34.450000,-0.050000
KE SOTER_115/3-83,3.000000,11.700000,5.000000,1.500000,16.700000,KE,34.250000,-0.080000
KE SOTER_115/4-45,3.000000,16.700000,5.100000,0.600000,3.200000,KE,34.300000,-0.300000
KE SOTER_115/4-47,3.000000,18.400000,8.500000,1.500000,3.200000,KE,34.350000,-0.300000
KE SOTER_115/4-48,3.000000,26.000000,4.300000,4.000000,1.800000,KE,34.360000,-0.300000
KE SOTER_115/4-77,3.000000,31.700000,0.900000,0.500000,1.000000,KE,34.480000,-0.370000
KE SOTER_115/4-81,3.000000,10.100000,2.100000,1.000000,15.500000,KE,34.320000,-0.460000
KE SOTER_116/1-32,3.000000,15.800000,9.000000,2.600000,0.700000,KE,35.030000,-0.030000
KE SOTER_116/2-39,3.000000,1.700000,1.600000,0.220000,0.100000,KE,34.830000,-0.030000
KE SOTER_116/2-49,3.000000,16.100000,8.000000,1.700000,0.500000,KE,34.920000,-0.030000
KE SOTER_116/2-50,3.000000,10.100000,4.100000,2.100000,0.300000,KE,34.970000,-0.030000
KE SOTER_117/1-25,3.000000,10.200000,2.400000,1.000000,0.400000,KE,35.160000,-0.220000
KE SOTER_117/1-32,3.000000,15.800000,9.000000,2.600000,0.670000,KE,35.030000,-0.030000
KE SOTER_117/1-48,3.000000,28.500000,3.100000,1.300000,0.900000,KE,35.200000,-0.080000
KE SOTER_117/2-1,3.000000,3.700000,4.500000,0.500000,0.600000,KE,35.358000,-0.105000
KE SOTER_117/2-4,3.000000,13.000000,6.800000,0.400000,1.700000,KE,35.400000,-0.210000
KE SOTER_118/3-2,3.000000,4.100000,2.500000,0.500000,1.100000,KE,35.660000,-0.330000
KE SOTER_118/4-7,3.000000,20.600000,6.600000,0.300000,7.300000,KE,35.920000,-0.350000
KE SOTER_119/3-71,3.000000,10.900000,2.300000,0.200000,1.400000,KE,36.100000,-0.220000
KE SOTER_119/4-4,3.000000,6.000000,0.200000,0.900000,0.300000,KE,36.380000,-0.270000
KE SOTER_122/1-3,3.000000,6.200000,9.200000,0.560000,0.080000,KE,37.794820,-0.168800
KE SOTER_122/1-30,3.000000,2.300000,1.600000,0.140000,0.320000,KE,37.670000,-0.080000
KE SOTER_122/1-47,3.000000,0.600000,0.260000,0.120000,0.230000,KE,37.576320,-0.117670
KE SOTER_122/1-55,3.000000,1.000000,0.800000,0.270000,0.110000,KE,37.600530,-0.221860
KE SOTER_122/2-12,3.000000,-9999.000000,-9999.000000,-9999.000000,-9999.000000,KE,37.885030,-0.119520
KE SOTER_122/2-14,3.000000,3.500000,0.900000,0.000000,0.000000,KE,37.859340,-0.066980
KE SOTER_122/4-112,3.000000,-9999.000000,-9999.000000,-9999.000000,-9999.000000,KE,37.973700,-0.322000
KE SOTER_122/4-2,3.000000,-9999.000000,-9999.000000,-9999.000000,-9999.000000,KE,37.795300,-0.467100
KE SOTER_122/4-5,3.000000,21.600000,2.300000,0.140000,0.080000,KE,37.870000,-0.470000
KE SOTER_122/4-7,3.000000,-9999.000000,-9999.000000,-9999.000000,-9999.000000,KE,37.861400,-0.341900
KE SOTER_122/4-82,3.000000,9.800000,4.900000,0.400000,0.200000,KE,37.909940,-0.469470
KE SOTER_122/4-98,3.000000,-9999.000000,-9999.000000,-9999.000000,-9999.000000,KE,37.933300,-0.482100
KE SOTER_130/1-39,3.000000,10.400000,1.600000,1.100000,0.600000,KE,34.548600,-0.698600
KE SOTER_130/1-EX14,3.000000,31.500000,16.300000,-9999.000000,1.100000,KE,34.515800,-0.656390
KE SOTER_130/1-EX17,3.000000,-9999.000000,-9999.000000,-9999.000000,-9999.000000,KE,34.500000,-0.500000
KE SOTER_130/1-EX21,3.000000,0.300000,1.400000,0.100000,0.100000,KE,34.600000,-0.600000
KE SOTER_130/1-WAN,3.000000,-9999.000000,-9999.000000,-9999.000000,-9999.000000,KE,34.755600,-0.682600
KE SOTER_130/1-WAN9,3.000000,1.800000,0.500000,0.000000,0.200000,KE,34.700000,-0.600000
KE SOTER_130/2,3.000000,-9999.000000,-9999.000000,-9999.000000,-9999.000000,KE,34.980000,-0.600000
KE SOTER_130/2-35,3.000000,1.100000,2.000000,0.000000,0.700000,KE,34.928900,-0.668900
KE SOTER_130/2-C8,3.000000,3.000000,3.300000,0.100000,0.200000,KE,34.800000,-0.600000
KE SOTER_130/2-DR1,3.000000,1.000000,0.200000,0.000000,0.200000,KE,34.900000,-0.700000
KE SOTER_130/2-NARS,3.000000,8.900000,4.000000,0.000000,1.000000,KE,34.780000,-0.690000
KE SOTER_130/3-11,3.000000,1.000000,0.300000,0.000000,0.100000,KE,34.600000,-0.800000
KE SOTER_130/3-201,3.000000,5.600000,2.000000,0.000000,0.400000,KE,34.700000,-0.500000
KE SOTER_130/3-217,3.000000,-9999.000000,-9999.000000,-9999.000000,-9999.000000,KE,34.600000,-0.800000
KE SOTER_130/3-24,3.000000,6.200000,2.800000,-9999.000000,0.800000,KE,34.600000,-0.800000
KE SOTER_130/3-55,3.000000,3.900000,2.600000,0.200000,0.000000,KE,34.719500,-0.794500
KE SOTER_130/3-65,3.000000,8.000000,2.100000,-9999.000000,0.300000,KE,34.650000,-0.800000
KE SOTER_130/3-RAN2,3.000000,5.700000,2.800000,-9999.000000,0.300000,KE,34.570000,-0.870000
KE SOTER_130/4-8,3.000000,4.800000,1.900000,-9999.000000,0.600000,KE,34.991000,-0.783100
KE SOTER_130/4-C1,3.000000,0.000000,0.100000,0.000000,0.100000,KE,34.970600,-0.819600
KE SOTER_130/4-C3,3.000000,4.500000,3.300000,0.200000,0.300000,KE,34.953000,-0.986400
KE SOTER_130/4-EX10,3.000000,6.800000,2.200000,-9999.000000,1.100000,KE,34.600000,-0.970000
KE SOTER_130/4-EX9,3.000000,24.000000,1.800000,-9999.000000,1.700000,KE,34.970000,-0.970000
KE SOTER_134/1-58,3.000000,23.400000,6.300000,3.200000,1.400000,KE,36.600000,-0.750000
KE SOTER_134/3-48,3.000000,9.300000,4.400000,0.900000,1.000000,KE,36.628780,-0.759330
KE SOTER_134/3-76,3.000000,11.800000,3.000000,1.200000,2.000000,KE,36.600000,-0.780000
KE SOTER_134/4-204,3.000000,-9999.000000,-9999.000000,-9999.000000,-9999.000000,KE,36.770000,-0.770000
KE SOTER_134/4-208,3.000000,-9999.000000,-9999.000000,-9999.000000,-9999.000000,KE,36.700000,-0.770000
KE SOTER_135/1-259,3.000000,4.800000,1.800000,0.000000,0.400000,KE,37.198800,-0.605000
KE SOTER_135/1-54,3.000000,0.900000,0.300000,0.500000,0.010000,KE,37.160000,-0.700000
KE SOTER_135/2-2,3.000000,20.900000,8.000000,3.020000,0.140000,KE,37.288800,-0.661000
KE SOTER_136/1-18,3.000000,2.400000,3.400000,0.200000,0.400000,KE,37.511800,-0.739800
KE SOTER_136/1-2,3.000000,1.400000,1.000000,0.100000,0.200000,KE,37.547500,-0.617600
KE SOTER_136/1-4,3.000000,2.200000,0.600000,0.100000,0.100000,KE,37.640300,-0.556500
KE SOTER_136/1-5,3.000000,0.900000,1.000000,0.000000,0.200000,KE,37.617600,-0.581400
KE SOTER_136/1-53,3.000000,6.800000,4.000000,0.300000,0.900000,KE,37.726200,-0.715900
KE SOTER_136/1-59,3.000000,-9999.000000,-9999.000000,-9999.000000,-9999.000000,KE,37.699000,-0.635700
KE SOTER_136/1-60,3.000000,1.500000,0.600000,0.100000,0.100000,KE,37.644800,-0.692300
KE SOTER_136/2-29,3.000000,4.600000,0.900000,0.500000,0.700000,KE,37.979600,-0.638000
KE SOTER_136/2-58,3.000000,-9999.000000,-9999.000000,-9999.000000,-9999.000000,KE,37.773700,-0.609700
KE SOTER_136/3-126,3.000000,4.000000,2.000000,0.200000,0.600000,KE,37.599500,-0.961500
KE SOTER_136/3-16,3.000000,33.200000,15.600000,7.300000,0.200000,KE,37.515800,-0.762400
KE SOTER_136/4-74,3.000000,4.300000,1.000000,0.300000,0.700000,KE,37.891400,-0.995500
KE SOTER_136/4-76,3.000000,3.400000,1.500000,0.300000,0.700000,KE,37.959300,-0.997700
KE SOTER_149/1-41,3.000000,32.700000,10.500000,3.200000,0.700000,KE,37.000000,-1.080000
KE SOTER_149/1-49,3.000000,24.100000,4.900000,1.300000,0.700000,KE,37.000000,-1.080000
KE SOTER_149/2-3,3.000000,1.300000,0.700000,0.100000,1.000000,KE,37.000000,-1.080000
KE SOTER_149/2-6,3.000000,14.400000,12.500000,2.700000,0.200000,KE,37.380000,-1.130000
KE SOTER_163/4-87,3.000000,2.800000,1.500000,0.100000,0.800000,KE,37.970000,-1.880000
KE SOTER_173/2-153,3.000000,3.700000,3.700000,0.200000,0.200000,KE,37.320000,-2.150000
KE SOTER_173/2-199,3.000000,3.400000,2.100000,0.500000,0.100000,KE,37.450000,-2.120000
KE SOTER_173/3-3,3.000000,53.000000,4.300000,8.500000,1.800000,KE,37.170000,-2.450000
KE SOTER_174/1-58,3.000000,4.100000,3.000000,0.800000,0.200000,KE,37.570000,-2.180000
KE SOTER_174/2-188,3.000000,8.200000,4.600000,0.100000,1.100000,KE,37.290000,-2.070000
KE SOTER_175/2-21,3.000000,4.000000,1.900000,0.200000,0.600000,KE,38.280000,-2.200000
KE SOTER_176-13,3.000000,1.400000,1.100000,0.100000,0.600000,KE,38.280000,-2.380000
KE SOTER_181/1-18,3.000000,7.500000,12.000000,4.800000,4.800000,KE,37.170000,-2.580000
KE SOTER_181/1-26,3.000000,16.000000,10.000000,0.900000,3.000000,KE,37.150000,-2.520000
KE SOTER_181/1-35,3.000000,16.300000,1.400000,12.000000,5.500000,KE,37.250000,-2.600000
KE SOTER_181/1-74,3.000000,46.000000,22.000000,8.800000,2.100000,KE,37.080000,-2.570000
KE SOTER_181/4-62,3.000000,27.000000,6.600000,0.600000,2.300000,KE,37.350000,-2.750000
KE SOTER_181/4-99,3.000000,14.400000,8.100000,1.000000,1.700000,KE,37.450000,-2.780000
KE SOTER_182/1-10,3.000000,60.000000,16.000000,5.500000,1.300000,KE,37.660000,-2.850000
KE SOTER_182/1-40,3.000000,38.000000,22.000000,6.400000,1.000000,KE,37.620000,-2.620000
KE SOTER_182/1-44,3.000000,24.000000,9.000000,0.600000,4.800000,KE,37.710000,-2.510000
KE SOTER_182/1-9,3.000000,43.000000,8.800000,19.000000,2.300000,KE,37.608100,-2.833300
KE SOTER_182/2-73,3.000000,28.000000,4.700000,0.900000,2.600000,KE,37.890000,-2.710000
KE SOTER_182/3-12,3.000000,51.000000,9.000000,3.000000,9.500000,KE,37.520000,-2.780000
KE SOTER_182/3-98,3.000000,7.800000,4.700000,0.700000,0.300000,KE,37.750000,-2.800000
KE SOTER_182/4-75,3.000000,7.200000,2.200000,0.300000,0.400000,KE,37.990000,-2.850000
KE SOTER_182/4-78,3.000000,62.000000,18.300000,1.600000,4.800000,KE,37.600000,-2.500000
KE SOTER_184-23,3.000000,7.600000,1.500000,0.200000,0.300000,KE,39.000000,-2.900000
KE SOTER_184-46,3.000000,7.000000,3.700000,0.100000,1.300000,KE,38.800000,-2.700000
KE SOTER_184-50,3.000000,4.700000,4.500000,0.200000,1.500000,KE,38.600000,-2.950000
KE SOTER_184-54,3.000000,11.300000,4.800000,5.500000,1.700000,KE,38.950000,-2.850000
KE SOTER_184-55,3.000000,6.100000,2.900000,0.200000,1.400000,KE,38.900000,-2.700000
KE SOTER_187/3-12,3.000000,51.000000,9.000000,3.000000,9.500000,KE,37.520000,-2.780000
KE SOTER_190/2-102,3.000000,0.000000,7.700000,0.400000,0.600000,KE,38.980000,-3.200000
KE SOTER_190/2-212,3.000000,49.000000,1.700000,0.500000,0.600000,KE,38.870000,-3.080000
KE SOTER_190/3-210,3.000000,6.200000,1.900000,0.200000,0.700000,KE,38.520000,-3.270000
KE SOTER_190/3-4,3.000000,1.200000,1.400000,0.200000,0.700000,KE,38.610000,-3.330000
KE SOTER_190/4-91,3.000000,5.000000,5.300000,0.200000,1.300000,KE,38.830000,-3.380000
KE SOTER_191/1-33,3.000000,-9999.000000,-9999.000000,-9999.000000,-9999.000000,KE,39.170000,-3.100000
KE SOTER_191/1-42,3.000000,9.000000,4.500000,0.300000,1.200000,KE,39.080000,-3.230000
KE SOTER_191/3-43,3.000000,58.000000,11.500000,4.000000,0.900000,KE,39.100000,-3.370000
KE SOTER_192/1-16,3.000000,18.200000,1.000000,6.500000,0.700000,KE,39.530000,-3.220000
KE SOTER_192/2-104,3.000000,0.200000,0.000000,0.000000,0.100000,KE,39.900000,-3.220000
KE SOTER_192/2-111,3.000000,1.100000,1.500000,0.600000,0.100000,KE,39.980000,-3.240000
KE SOTER_192/3-75,3.000000,3.600000,3.000000,0.300000,0.400000,KE,39.690000,-3.490000
KE SOTER_192/3-77,3.000000,14.200000,13.000000,2.600000,0.300000,KE,39.580000,-3.270000
KE SOTER_192/3-94,3.000000,4.800000,5.000000,0.600000,0.300000,KE,39.510000,-3.420000
KE SOTER_192/4-129,3.000000,1.000000,0.400000,0.200000,0.500000,KE,39.750000,-3.470000
KE SOTER_192/4-2,3.000000,0.400000,0.100000,0.000000,0.000000,KE,39.940000,-3.320000
KE SOTER_192/4-3,3.000000,1.200000,0.600000,0.200000,0.100000,KE,39.920000,-3.350000
KE SOTER_196/1-17,3.000000,4.000000,3.300000,0.400000,1.400000,KE,38.750000,-3.500000
KE SOTER_196/1-26,3.000000,5.300000,2.000000,0.900000,0.900000,KE,38.520000,-3.680000
KE SOTER_197/2-13,3.000000,32.000000,18.500000,3.600000,0.200000,KE,39.470000,-3.550000
KE SOTER_197/4-101,3.000000,2.400000,3.600000,0.200000,0.100000,KE,39.480000,-3.820000
KE SOTER_198/1-81,3.000000,0.800000,0.000000,0.200000,0.200000,KE,39.550000,-3.730000
KE SOTER_198/3-8,3.000000,3.400000,0.500000,0.300000,0.100000,KE,39.720000,-3.780000
KE SOTER_198/4-6,3.000000,3.300000,1.500000,0.200000,0.200000,KE,39.770000,-3.950000
KE SOTER_200/1-328,3.000000,0.000000,0.700000,0.000000,0.100000,KE,39.220000,-4.220000
KE SOTER_200/1-330,3.000000,1.600000,4.500000,3.900000,0.600000,KE,39.200000,-4.200000
KE SOTER_200/1-649,3.000000,9.800000,15.000000,2.900000,3.000000,KE,39.020000,-4.110000
KE SOTER_200/1-650,3.000000,1.300000,2.400000,0.200000,0.200000,KE,39.250000,-4.160000
KE SOTER_200/1-651,3.000000,9.000000,12.000000,7.800000,0.400000,KE,39.150000,-4.130000
KE SOTER_200/2-728,3.000000,1.600000,3.000000,0.100000,0.200000,KE,39.270000,-4.120000
KE SOTER_200/2-729,3.000000,4.800000,12.800000,5.900000,0.400000,KE,39.250000,-4.100000
KE SOTER_200/3-415,3.000000,3.400000,3.300000,0.100000,0.300000,KE,39.150000,-4.450000
KE SOTER_200/4-1,3.000000,0.800000,0.200000,0.100000,0.000000,KE,39.480000,-4.320000
KE SOTER_200/4-165,3.000000,1.500000,0.700000,0.200000,0.200000,KE,39.450000,-4.370000
KE SOTER_200/4-167,3.000000,0.600000,0.200000,0.000000,0.100000,KE,39.370000,-4.330000
KE SOTER_200/4-326,3.000000,0.200000,0.200000,0.000000,0.000000,KE,39.250000,-4.270000
KE SOTER_200/4-369,3.000000,1.600000,1.500000,0.000000,0.200000,KE,39.280000,-4.430000
KE SOTER_200/4-402,3.000000,2.000000,1.600000,0.400000,0.100000,KE,39.370000,-4.330000
KE SOTER_202/1-275,3.000000,10.100000,12.000000,6.400000,0.500000,KE,39.600000,-4.230000
KE SOTER_202/1-277,3.000000,1.200000,7.200000,4.400000,2.300000,KE,39.250000,-4.020000
KE SOTER_202/2-76,3.000000,0.600000,0.100000,0.800000,0.500000,KE,39.380000,-4.530000
KE SOTER_24-116,3.000000,1.500000,0.500000,0.400000,0.200000,KE,35.430000,3.050000
KE SOTER_25-179,3.000000,4.100000,1.800000,0.200000,0.200000,KE,35.950000,2.950000
KE SOTER_25-180,3.000000,10.000000,1.500000,0.400000,0.300000,KE,35.650000,2.980000
KE SOTER_38-111,3.000000,7.100000,1.500000,0.600000,0.600000,KE,35.280000,2.900000
KE SOTER_39-101,3.000000,24.000000,6.900000,5.800000,0.200000,KE,35.620000,2.930000
KE SOTER_39-122,3.000000,22.700000,1.000000,0.300000,0.200000,KE,35.670000,2.900000
KE SOTER_41-10,3.000000,13.600000,7.000000,0.600000,1.800000,KE,36.970000,2.580000
KE SOTER_41-16,3.000000,30.500000,14.500000,11.300000,0.800000,KE,36.800000,2.600000
KE SOTER_41-17,3.000000,-9999.000000,-9999.000000,-9999.000000,-9999.000000,KE,36.800000,2.700000
KE SOTER_41-2,3.000000,5.700000,6.600000,0.600000,0.100000,KE,36.930000,2.700000
KE SOTER_41-8,3.000000,-9999.000000,-9999.000000,-9999.000000,-9999.000000,KE,36.900000,2.500000
KE SOTER_42-16,3.000000,16.800000,0.700000,14.400000,2.800000,KE,37.420000,3.920000
KE SOTER_42-24,3.000000,40.000000,5.800000,9.500000,1.800000,KE,37.200000,2.780000
KE SOTER_42-3,3.000000,9.600000,7.100000,10.000000,2.500000,KE,37.220000,2.620000
KE SOTER_43-19,3.000000,24.000000,0.900000,5.400000,1.600000,KE,37.761300,2.869400
KE SOTER_43-4,3.000000,9.300000,1.100000,2.600000,0.400000,KE,37.450000,2.580000
KE SOTER_54-18,3.000000,8.800000,5.200000,1.000000,1.900000,KE,37.270000,2.430000
KE SOTER_54-4,3.000000,6.200000,1.600000,0.100000,0.800000,KE,37.000000,2.400000
KE SOTER_54-8,3.000000,2.800000,2.300000,1.100000,1.100000,KE,37.460000,2.300000
KE SOTER_55-1,3.000000,7.200000,7.600000,0.200000,0.400000,KE,37.950000,2.300000
KE SOTER_55-10,3.000000,15.500000,1.000000,3.000000,0.000000,KE,37.500000,2.500000
KE SOTER_55-13,3.000000,44.600000,6.600000,2.000000,1.300000,KE,37.833300,2.483300
KE SOTER_55-19,3.000000,46.000000,14.700000,0.700000,0.400000,KE,37.900000,2.120000
KE SOTER_55-8,3.000000,6.000000,3.800000,0.600000,1.400000,KE,37.520000,2.430000
KE SOTER_67-17,3.000000,16.900000,3.700000,0.100000,0.800000,KE,37.520000,1.980000
KE SOTER_72/2-520,3.000000,6.400000,2.500000,0.300000,0.200000,KE,35.500000,1.000000
KE SOTER_74/4-1,3.000000,-9999.000000,-9999.000000,-9999.000000,-9999.000000,KE,34.900000,1.070000
KE SOTER_74/4-2,3.000000,-9999.000000,-9999.000000,-9999.000000,-9999.000000,KE,34.828000,1.164000
KE SOTER_74/4-3,3.000000,-9999.000000,-9999.000000,-9999.000000,-9999.000000,KE,34.800000,1.200000
KE SOTER_75/1-104,3.000000,3.400000,2.500000,0.000000,0.200000,KE,35.171900,1.390900
KE SOTER_75/1-326,3.000000,1.700000,0.700000,0.200000,0.300000,KE,35.149300,1.270500
KE SOTER_75/1-488,3.000000,10.800000,6.300000,2.200000,0.300000,KE,35.312200,1.411400
KE SOTER_75/1-57,3.000000,2.400000,1.700000,0.100000,1.200000,KE,35.209300,1.327300
KE SOTER_75/2-383,3.000000,1.200000,1.000000,0.200000,0.500000,KE,35.400000,1.300000
KE SOTER_75/2-507,3.000000,4.400000,1.900000,0.600000,0.300000,KE,35.300000,1.400000
KE SOTER_75/2-539,3.000000,13.600000,5.000000,1.200000,0.300000,KE,35.450000,1.900000
KE SOTER_75/3-11,3.000000,10.900000,12.000000,0.700000,0.500000,KE,35.070000,1.070000
KE SOTER_75/3-2,3.000000,1.500000,2.000000,0.000000,0.500000,KE,35.036200,1.179500
KE SOTER_75/3-3,3.000000,14.400000,14.000000,5.400000,1.400000,KE,35.000000,1.090000
KE SOTER_75/3-53,3.000000,1.800000,1.800000,0.700000,0.800000,KE,35.101800,1.206800
KE SOTER_75/3-55,3.000000,4.900000,4.000000,0.400000,0.700000,KE,35.140300,1.165900
KE SOTER_75/3-61,3.000000,2.800000,1.500000,0.000000,0.300000,KE,35.140300,1.200000
KE SOTER_75/4-378,3.000000,1.000000,0.400000,0.200000,0.300000,KE,35.400000,1.189700
KE SOTER_88/2-2,3.000000,-9999.000000,-9999.000000,-9999.000000,-9999.000000,KE,34.950000,0.940000
KE SOTER_88/2-4,3.000000,-9999.000000,-9999.000000,-9999.000000,-9999.000000,KE,34.780000,0.940000
KE SOTER_89/4-5,3.000000,6.200000,3.800000,0.300000,0.400000,KE,35.400000,0.500000
KE SOTER_9.1,3.000000,3.200000,4.100000,0.300000,0.600000,KE,35.000000,0.500000
KE SOTER_9.2,3.000000,19.300000,2.400000,0.900000,2.200000,KE,35.000000,0.530000
KE SOTER_90-3,3.000000,6.000000,2.600000,0.200000,0.800000,KE,35.500000,0.400000
KE SOTER_9-1,3.000000,22.000000,10.200000,1.200000,0.200000,KE,36.670000,0.000000
KE SOTER_92/1-1,3.000000,47.500000,7.300000,1.700000,0.000000,KE,36.720000,0.770000
KE SOTER_92-1,3.000000,13.200000,4.500000,0.300000,0.800000,KE,36.670000,0.520000
KE SOTER_ASS/P44,3.000000,-9999.000000,-9999.000000,-9999.000000,-9999.000000,KE,37.286040,-0.164400
KE SOTER_ASS/P45,3.000000,-9999.000000,-9999.000000,-9999.000000,-9999.000000,KE,37.261700,-0.177900
KE SOTER_ASS/P57,3.000000,7.400000,1.700000,0.400000,0.800000,KE,37.291800,-0.250000
KE SOTER_ASS/P58,3.000000,1.200000,0.500000,0.100000,0.200000,KE,37.291900,-0.288280
KE SOTER_LAIK-10,3.000000,7.900000,3.300000,1.800000,1.300000,KE,37.033300,0.066600
KE SOTER_LAIK-12,3.000000,10.800000,4.600000,1.100000,3.750000,KE,37.021300,0.066600
KE SOTER_LAIK-15,3.000000,9.700000,5.300000,0.500000,9.800000,KE,36.850000,-0.116600
KE SOTER_LAIK-2,3.000000,8.500000,2.400000,0.300000,0.600000,KE,37.060000,0.350000
KE SOTER_LAIK-3,3.000000,7.300000,2.600000,0.600000,0.200000,KE,37.050000,0.400000
KE SOTER_LAIK-4,3.000000,5.800000,1.800000,0.900000,0.620000,KE,37.083300,0.366600
KE SOTER_R3,3.000000,6.000000,7.400000,2.000000,0.200000,KE,39.200000,-4.500000
KE W3_0025,3.000000,25.700000,8.500000,0.800000,4.500000,KE,37.700000,-2.516670
KE W3_0125,3.000000,12.400000,4.300000,0.100000,2.500000,KE,36.633333,-1.216667
KE W3_0252,3.000000,1.300000,0.600000,0.100000,0.200000,KE,37.366667,-1.376944
KE W3_0253,3.000000,2.100000,0.900000,0.100000,0.200000,KE,37.366667,-1.872778
KE W3_0259,3.000000,12.200000,6.100000,0.100000,1.400000,KE,38.116667,-1.118611
KE W3_0260,3.000000,1.700000,1.500000,0.100000,0.700000,KE,38.366667,-1.872778
KE W3_0261,3.000000,0.300000,-9999.000000,-9999.000000,-9999.000000,KE,37.366667,-1.881111
KE W3_0263,3.000000,27.200000,4.700000,0.100000,2.000000,KE,38.116667,-1.122778
KE W3_0264,3.000000,7.500000,3.300000,0.100000,0.200000,KE,37.266667,-1.625556
KE W3_0265,3.000000,0.100000,-9999.000000,0.100000,0.100000,KE,37.366667,1.881111
KE W3_0266,3.000000,2.400000,0.900000,-9999.000000,0.400000,KE,37.866667,-1.872778
KE W3_0267,3.000000,2.400000,1.500000,0.100000,0.100000,KE,37.366667,-1.872778
KE W3_0268,3.000000,0.900000,1.600000,-9999.000000,0.400000,KE,38.116667,-1.631111
KE W3_0269,3.000000,2.200000,3.700000,0.300000,0.300000,KE,38.366667,-1.872778
KE W3_0270,3.000000,8.200000,6.000000,1.100000,0.200000,KE,38.116667,-1.631111
KE W3_0271,3.000000,6.000000,2.600000,0.100000,0.500000,KE,37.866667,-1.872778
KE W3_0272,3.000000,5.300000,2.400000,0.100000,0.400000,KE,38.116667,-1.631111
KE W3_0274,3.000000,10.800000,3.600000,0.100000,0.600000,KE,37.866667,-1.872778
KE W3_0275,3.000000,8.900000,3.400000,0.100000,0.400000,KE,38.366667,-1.872778
KE W3_0276,3.000000,11.000000,4.300000,0.100000,0.200000,KE,38.116667,-1.622778
KE W3_0277,3.000000,1.900000,1.100000,0.100000,0.300000,KE,38.116667,-1.181111
KE W3_0278,3.000000,4.600000,3.200000,0.100000,0.400000,KE,38.366667,-1.872778
KE W3_0279,3.000000,6.800000,2.400000,0.100000,0.100000,KE,37.366667,-1.872778
KE W3_0280,3.000000,3.900000,1.900000,-9999.000000,0.500000,KE,37.616667,-1.622778
KE W3_0281,3.000000,2.200000,1.000000,-9999.000000,0.200000,KE,37.366667,-1.368611
KE W3_0282,3.000000,5.500000,2.500000,0.100000,0.700000,KE,38.116667,-1.631111
KE W3_0283,3.000000,2.100000,1.800000,-9999.000000,0.200000,KE,37.366667,-1.872778
KE W3_0284,3.000000,2.600000,2.500000,0.100000,0.400000,KE,37.750000,-1.622778
KE W3_0285,3.000000,7.100000,3.200000,0.100000,1.100000,KE,38.366667,-1.376944
KE W3_0286,3.000000,4.200000,2.500000,-9999.000000,0.600000,KE,38.116667,-1.631111
KE W3_0288,3.000000,5.600000,1.400000,0.100000,0.200000,KE,38.116667,-1.181111
KE W3_0289,3.000000,12.300000,2.600000,-9999.000000,1.000000,KE,38.116667,-1.118611
KE W3_0290,3.000000,8.200000,5.300000,0.200000,0.200000,KE,38.116667,-1.122778
KE W3_0325,3.000000,23.200000,5.300000,0.200000,1.400000,KE,36.850000,-1.166667
KE wasp_1,3.000000,6.500000,1.600000,0.000000,0.900000,KE,36.683333,-1.250000
KE wasp_10,3.000000,2.200000,0.700000,0.300000,0.100000,KE,39.385278,-4.300833
KE wasp_11,3.000000,4.800000,0.800000,0.000000,0.100000,KE,39.300000,-4.169167
KE wasp_12,3.000000,14.400000,7.800000,0.100000,0.400000,KE,39.184722,-4.018333
KE wasp_13,3.000000,4.000000,3.300000,0.100000,1.000000,KE,36.633333,-1.216667
KE wasp_14,3.000000,25.000000,3.500000,0.600000,0.400000,KE,34.500000,-0.751389
KE wasp_15,3.000000,6.600000,0.700000,0.700000,0.200000,KE,34.500000,-0.751389
KE wasp_16,3.000000,3.200000,0.100000,0.500000,0.100000,KE,34.500000,-0.751389
KE wasp_17,3.000000,1.900000,0.500000,0.000000,0.200000,KE,34.916667,-0.666667
KE wasp_18,3.000000,0.200000,0.300000,195.000000,0.700000,KE,37.600000,2.833333
KE wasp_2,3.000000,8.600000,2.500000,0.000000,0.700000,KE,36.584722,-0.901667
KE wasp_22,3.000000,5.900000,4.600000,0.400000,1.400000,KE,37.466667,2.266667
KE wasp_23,3.000000,8.100000,2.600000,0.000000,1.100000,KE,37.033333,2.395833
KE wasp_24,3.000000,6.400000,1.600000,0.100000,0.800000,KE,37.033333,2.408333
KE wasp_25,3.000000,33.500000,4.300000,1.600000,1.500000,KE,35.133889,-0.616944
KE wasp_26,3.000000,6.900000,2.800000,0.400000,0.600000,KE,34.702222,-0.884722
KE wasp_28,3.000000,3.300000,1.400000,0.100000,0.400000,KE,40.000000,-3.117778
KE wasp_29,3.000000,0.200000,0.300000,0.000000,0.200000,KE,39.833333,-3.616667
KE wasp_3,3.000000,2.400000,0.500000,0.000000,1.400000,KE,36.433889,-0.818333
KE wasp_30,3.000000,3.000000,0.500000,0.200000,0.200000,KE,39.866667,-3.600000
KE wasp_31,3.000000,2.400000,1.500000,0.200000,0.300000,KE,39.644167,-3.779167
KE wasp_32,3.000000,14.500000,15.600000,3.100000,0.400000,KE,39.800000,-3.550833
KE wasp_33,3.000000,1.400000,5.200000,3.400000,0.200000,KE,39.502222,-3.835278
KE wasp_34,3.000000,0.000000,0.000000,0.100000,0.200000,KE,36.850000,-0.750000
KE wasp_35,3.000000,19.100000,2.200000,1.700000,9.800000,KE,35.833333,-1.100000
KE wasp_36,3.000000,25.700000,8.500000,0.800000,4.500000,KE,37.700000,-2.516700
KE wasp_37,3.000000,13.500000,5.200000,0.200000,3.300000,KE,36.133333,-0.983333
KE wasp_38,3.000000,0.400000,0.300000,0.200000,0.200000,KE,37.461111,-0.172222
KE wasp_39,3.000000,0.400000,0.000000,0.000000,0.300000,KE,37.511111,-0.209722
KE wasp_4,3.000000,0.200000,0.000000,0.000000,0.200000,KE,36.752222,-0.700000
KE wasp_40,3.000000,0.000000,0.000000,0.300000,0.000000,KE,37.538889,-0.354167
KE wasp_41,3.000000,3.100000,2.600000,0.100000,1.500000,KE,37.541667,-0.354167
KE wasp_42,3.000000,1.700000,1.300000,0.500000,0.800000,KE,37.536111,-0.355556
KE wasp_43,3.000000,0.800000,0.300000,0.500000,0.100000,KE,37.576389,-0.380556
KE wasp_44,3.000000,7.100000,2.200000,0.000000,1.500000,KE,37.627778,-0.411111
KE wasp_45,3.000000,3.900000,3.300000,0.000000,0.100000,KE,37.625000,-0.413889
KE wasp_46,3.000000,3.700000,2.900000,0.300000,0.100000,KE,37.623611,-0.416667
KE wasp_47,3.000000,2.900000,2.100000,0.000000,0.100000,KE,37.700000,-0.451389
KE wasp_48,3.000000,1.000000,0.800000,0.500000,0.700000,KE,37.698611,-0.451389
KE wasp_49,3.000000,12.500000,4.100000,0.200000,0.700000,KE,37.698611,-0.452778
KE wasp_5,3.000000,3.500000,1.100000,0.000000,0.400000,KE,37.451667,-0.552222
KE wasp_50,3.000000,5.800000,6.400000,0.100000,0.200000,KE,37.772222,-0.452778
KE wasp_51,3.000000,8.300000,4.300000,0.000000,0.100000,KE,37.790278,-0.461111
KE wasp_52,3.000000,29.700000,12.500000,0.200000,0.400000,KE,37.805556,-0.444444
KE wasp_53,3.000000,8.300000,3.400000,0.000000,0.100000,KE,37.972222,-0.152222
KE wasp_55,3.000000,9.500000,3.000000,0.100000,0.400000,KE,38.244444,-0.227778
KE wasp_56,3.000000,17.800000,13.700000,1.800000,0.600000,KE,38.425000,-0.766667
KE wasp_57,3.000000,7.700000,2.300000,0.100000,0.500000,KE,38.384722,-0.581944
KE wasp_58,3.000000,2.700000,1.600000,0.000000,0.800000,KE,38.391667,-0.583333
KE wasp_59,3.000000,2.100000,1.100000,0.000000,0.800000,KE,38.391667,-0.583333
KE wasp_6,3.000000,1.200000,0.400000,0.000000,0.400000,KE,37.466667,-0.533333
KE wasp_60,3.000000,66.000000,9.100000,0.300000,2.000000,KE,39.048611,-0.705556
KE wasp_61,3.000000,0.400000,0.300000,0.000000,0.400000,KE,39.523611,-0.486111
KE wasp_62,3.000000,7.100000,1.200000,0.100000,0.200000,KE,39.633333,-0.475000
KE wasp_63,3.000000,9.500000,6.900000,5.100000,1.000000,KE,39.663889,-0.433333
KE wasp_64,3.000000,4.500000,1.900000,0.400000,0.700000,KE,39.741667,-0.397222
KE wasp_65,3.000000,13.000000,3.100000,3.600000,0.100000,KE,36.830556,-1.791667
KE wasp_66,3.000000,53.600000,3.500000,2.400000,0.200000,KE,36.827778,-1.830556
KE wasp_67,3.000000,27.700000,10.400000,0.700000,7.100000,KE,36.788889,-1.794444
KE wasp_68,3.000000,9.200000,4.200000,0.100000,0.300000,KE,36.769444,-1.854167
KE wasp_69,3.000000,-9999.000000,-9999.000000,-9999.000000,-9999.000000,KE,36.781944,-1.983333
KE wasp_7,3.000000,3.000000,2.000000,0.300000,0.300000,KE,37.916667,-0.666667
KE wasp_70,3.000000,-9999.000000,-9999.000000,-9999.000000,-9999.000000,KE,37.786111,-0.316667
KE wasp_8,3.000000,1.600000,1.600000,0.000000,0.300000,KE,39.550000,-3.550000
KE wasp_9,3.000000,0.000000,1.000000,0.000000,0.000000,KE,39.833333,-3.450000
KE SOTER_108/3-2,3.000000,13.600000,1.130000,0.010000,0.060000,KE,37.680000,0.034400
KE SOTER_121/3-2,3.000000,9.600000,1.150000,1.900000,0.800000,KE,37.020000,-0.360000
KE SOTER_122/1-28,3.000000,5.500000,3.650000,0.130000,0.150000,KE,37.710000,-0.020000
KE SOTER_122/1-34,3.000000,1.900000,1.050000,0.090000,0.670000,KE,37.670000,-0.090000
KE SOTER_122/1-35,3.000000,2.300000,1.550000,0.190000,0.210000,KE,37.740000,-0.090000
KE SOTER_122/1-37,3.000000,2.300000,1.400000,0.260000,0.630000,KE,37.720000,-0.110000
KE SOTER_122/1-39,3.000000,3.300000,2.150000,0.090000,1.150000,KE,37.690000,-0.150000
KE SOTER_122/1-42,3.000000,3.500000,2.350000,0.180000,2.000000,KE,37.630000,-0.080000
KE SOTER_122/1-46,3.000000,1.200000,0.260000,0.270000,0.770000,KE,37.580000,-0.080000
KE SOTER_122/1-48,3.000000,2.100000,0.260000,0.170000,1.910000,KE,37.610000,-0.130000
KE SOTER_122/1-49,3.000000,0.800000,0.660000,0.170000,0.630000,KE,37.620000,-0.150000
KE SOTER_122/1-53,3.000000,1.300000,0.660000,0.120000,0.030000,KE,37.670000,-0.170000
KE SOTER_122/1-54,3.000000,1.200000,0.220000,0.170000,0.530000,KE,37.530000,-0.220000
KE SOTER_122/1-58,3.000000,2.800000,1.420000,0.320000,1.410000,KE,37.590000,-0.030000
KE SOTER_122/1-60,3.000000,-9999.000000,-9999.000000,-9999.000000,-9999.000000,KE,37.570000,-0.110000
KE SOTER_122/2-10,3.000000,34.500000,18.600000,0.700000,0.010000,KE,37.870000,-0.217000
KE SOTER_122/2-131,3.000000,13.200000,1.880000,0.300000,0.060000,KE,37.780000,-0.080000
KE SOTER_122/2-15,3.000000,3.000000,2.700000,0.160000,0.270000,KE,37.910000,-0.056000
KE SOTER_122/2-2,3.000000,2.300000,2.800000,0.700000,0.900000,KE,37.780000,-0.120000
KE SOTER_122/2-24,3.000000,3.100000,2.000000,0.080000,0.700000,KE,37.730000,-0.050000
KE SOTER_122/2-26,3.000000,4.900000,3.500000,0.160000,0.100000,KE,37.850000,-0.160000
KE SOTER_122/2-5,3.000000,0.700000,0.300000,0.010000,0.010000,KE,37.830000,-0.198000
KE SOTER_122/2-6a,3.000000,8.700000,6.200000,0.100000,0.010000,KE,37.860000,-0.220000
KE SOTER_122/2-6b,3.000000,3.600000,2.200000,0.220000,0.920000,KE,37.860000,-0.220000
KE SOTER_122/3-128,3.000000,0.600000,0.100000,0.100000,0.100000,KE,37.520700,-0.413900
KE SOTER_122/3-13,3.000000,1.400000,0.700000,0.010000,0.100000,KE,37.538000,-0.369000
KE SOTER_122/3-17,3.000000,2.000000,0.500000,0.100000,0.200000,KE,37.649450,-0.418500
KE SOTER_122/3-3,3.000000,7.300000,2.300000,0.100000,0.700000,KE,37.726400,-0.440400
KE SOTER_122/3-30,3.000000,1.700000,0.700000,0.200000,0.200000,KE,37.688000,-0.450700
KE SOTER_122/3-4,3.000000,2.200000,1.200000,0.100000,0.200000,KE,37.749000,-0.451400
KE SOTER_122/3-48,3.000000,-9999.000000,-9999.000000,-9999.000000,-9999.000000,KE,37.536200,-0.350700
KE SOTER_122/3-53,3.000000,1.000000,0.500000,0.200000,0.700000,KE,37.698300,-0.451400
KE SOTER_122/3-54,3.000000,7.300000,4.400000,0.400000,1.000000,KE,37.698300,-0.454900
KE SOTER_122/4-114,3.000000,1.800000,1.200000,0.100000,0.200000,KE,37.959200,-0.329600
KE SOTER_122/4-40,3.000000,3.500000,3.500000,0.500000,1.000000,KE,37.766300,-0.308600
KE SOTER_122/4-6,3.000000,21.500000,11.800000,7.900000,0.400000,KE,37.854100,-0.395600
KE SOTER_134/4-197,3.000000,-9999.000000,-9999.000000,-9999.000000,-9999.000000,KE,36.980000,-0.820000
KE SOTER_134/4-198,3.000000,3.330000,-9999.000000,0.070000,0.040000,KE,36.900000,-0.810000
KE SOTER_134/4-205,3.000000,-9999.000000,-9999.000000,0.250000,1.000000,KE,36.790000,-0.830000
KE SOTER_134/4-209,3.000000,-9999.000000,-9999.000000,0.200000,0.290000,KE,36.770000,-0.760000
KE SOTER_135/3-15,3.000000,-9999.000000,-9999.000000,-9999.000000,-9999.000000,KE,37.150000,-0.760000
KE SOTER_135/3-16,3.000000,7.200000,1.570000,0.200000,0.500000,KE,37.180000,-0.850000
KE SOTER_135/3-189,3.000000,10.300000,5.300000,0.380000,0.190000,KE,37.173300,-0.866600
KE SOTER_135/3-337,3.000000,2.900000,3.100000,0.100000,0.100000,KE,37.130000,-0.960000
KE SOTER_135/3-383,3.000000,-9999.000000,0.550000,-9999.000000,0.300000,KE,37.080000,-1.000000
KE SOTER_135/3-480,3.000000,6.200000,1.520000,0.350000,0.110000,KE,37.030000,-0.930000
KE SOTER_135/3-56,3.000000,16.100000,3.800000,2.400000,0.300000,KE,37.078800,-0.990400
KE SOTER_135/4-40,3.000000,2.610000,0.770000,0.250000,0.060000,KE,37.270000,-0.938000
KE SOTER_136/1-22,3.000000,31.000000,15.000000,6.000000,0.500000,KE,37.540700,-0.730000
KE SOTER_136/1-51,3.000000,2.800000,3.000000,0.200000,0.200000,KE,37.692300,-0.705800
KE SOTER_136/1-8,3.000000,5.600000,2.100000,0.300000,0.900000,KE,37.550000,-0.610000
KE SOTER_136/3-23,3.000000,28.400000,8.700000,0.500000,0.400000,KE,37.580300,-0.777820
KE SOTER_136/3-64,3.000000,1.600000,1.300000,0.300000,1.100000,KE,37.740000,-0.940000
KE SOTER_136/4-75,3.000000,-9999.000000,-9999.000000,-9999.000000,-9999.000000,KE,37.975100,-0.985700
KE SOTER_96-9,3.000000,4.300000,0.200000,0.300000,0.300000,KE,38.583300,0.953900
KE KARIDB_104/2-72,3.000000,-9999.000000,-9999.000000,-9999.000000,-9999.000000,KE,35.970000,0.390000
KE KARIDB_104/2-77,3.000000,16.000000,3.500000,1.100000,1.100000,KE,35.800000,0.420000
KE KARIDB_116/3-25,3.000000,10.700000,6.900000,0.700000,0.500000,KE,34.630000,0.358000
KE KARIDB_116/3-8,3.000000,57.000000,7.600000,2.600000,0.400000,KE,34.540000,0.460000
KE KARIDB_117/1-2,3.000000,17.100000,13.100000,0.500000,0.300000,KE,35.240000,-0.086000
KE KARIDB_117/2-12,3.000000,2.700000,1.000000,0.200000,0.200000,KE,35.301000,-0.047000
KE KARIDB_117/2-13,3.000000,22.000000,7.600000,0.900000,0.300000,KE,35.275000,-0.166000
KE KARIDB_117/4-23,3.000000,6.400000,1.900000,1.200000,1.200000,KE,35.537000,-0.294000
KE KARIDB_118/1-17,3.000000,0.800000,0.300000,0.400000,0.300000,KE,35.514000,-0.053000
KE KARIDB_118/1-19,3.000000,-9999.000000,-9999.000000,-9999.000000,-9999.000000,KE,35.537000,-0.032000
KE KARIDB_118/1-21,3.000000,7.500000,0.900000,0.900000,0.700000,KE,35.513000,-0.650000
KE KARIDB_118/3-3,3.000000,0.200000,0.900000,1.000000,1.000000,KE,35.553000,-0.200000
KE KARIDB_118/3-4,3.000000,1.500000,1.400000,1.900000,1.300000,KE,35.556000,-0.274000
KE KARIDB_118/4-2,3.000000,26.600000,3.400000,0.600000,1.700000,KE,35.660000,1.974000
KE KARIDB_120/2-11,3.000000,-9999.000000,-9999.000000,-9999.000000,-9999.000000,KE,36.976000,0.212000
KE KARIDB_120/2-17,3.000000,24.000000,7.200000,4.900000,1.000000,KE,36.937000,0.271000
KE KARIDB_120/2-18,3.000000,36.700000,2.300000,2.600000,1.300000,KE,36.918000,0.266000
KE KARIDB_120/2-5,3.000000,8.500000,1.200000,3.600000,2.900000,KE,36.976800,0.196000
KE KARIDB_120/2-9,3.000000,11.300000,1.600000,4.000000,2.900000,KE,36.954000,0.231000
KE KARIDB_161/2-13,3.000000,-9999.000000,-9999.000000,-9999.000000,-9999.000000,KE,36.916000,-1.562000
KE KARIDB_161/2-18,3.000000,-9999.000000,-9999.000000,-9999.000000,-9999.000000,KE,36.743000,1.569000
KE KARIDB_161/4-19,3.000000,63.600000,10.000000,1.900000,0.800000,KE,36.740000,-1.810000
KE KARIDB_172/2-17,3.000000,13.200000,3.100000,0.900000,0.800000,KE,36.756000,-2.032000
KE KARIDB_174/1-1,3.000000,2.400000,0.500000,-9999.000000,-9999.000000,KE,37.720000,2.230000
KE KARIDB_195/2-20,3.000000,1.000000,1.800000,0.800000,0.800000,KE,38.310000,-3.500000
KE KARIDB_75/4-20,3.000000,1.300000,0.400000,0.450000,0.220000,KE,35.440000,1.110000
KE KARIDB_75/4-21,3.000000,0.400000,0.100000,0.300000,0.100000,KE,35.380000,1.070000
KE KARIDB_75/4-22,3.000000,0.900000,0.300000,0.300000,0.100000,KE,35.320000,1.080000
KE KARIDB_90/1-28,3.000000,0.800000,0.400000,0.600000,0.400000,KE,35.530000,0.970000
KE KARIDB_90/4-75,3.000000,0.390000,0.320000,0.200000,0.200000,KE,35.780000,0.550000
KE KARIDB_103/4-22,3.000000,9.100000,2.300000,0.100000,1.900000,KE,35.419998,0.083000
KE KARIDB_115/2-33,3.000000,33.000000,6.480000,2.750000,1.050000,KE,34.330002,-0.286000
KE KARIDB_115/2-43,3.000000,13.500000,4.900000,1.380000,6.500000,KE,34.355000,-0.295000
KE KARIDB_116/2-57,3.000000,18.200000,52.000000,1.600000,1.100000,KE,34.903000,-0.244000
KE KARIDB_116/3-10,3.000000,35.700000,6.300000,5.700000,0.400000,KE,34.520000,-0.470000
KE KARIDB_116/3-16,3.000000,67.400000,6.200000,6.000000,0.900000,KE,36.549999,-0.340000
KE KARIDB_116/3-20,3.000000,16.000000,3.300000,0.200000,0.200000,KE,34.619999,-0.370000
KE KARIDB_116/3-3,3.000000,38.000000,4.300000,3.200000,2.100000,KE,34.599998,-0.360000
KE KARIDB_116/4-54,3.000000,41.800000,4.200000,5.600000,0.600000,KE,34.931999,-0.255000
KE KARIDB_118/1-18,3.000000,2.000000,1.600000,0.600000,3.700000,KE,35.645000,-0.136000
KE KARIDB_133/2-220,3.000000,17.200000,5.500000,4.400000,11.600000,KE,36.431999,-0.733000
KE KARIDB_148/3-26,3.000000,5.700000,3.800000,1.800000,0.600000,KE,36.688999,-1.298000
KE KARIDB_154/2-836,3.000000,15.700000,15.000000,13.500000,1.500000,KE,39.745998,-1.088000
KE KARIDB_161/4-6,3.000000,20.500000,2.600000,0.700000,1.480000,KE,36.610001,-1.925000
KE KARIDB_161/4-9,3.000000,54.000000,2.000000,9.400000,0.920000,KE,36.769001,-1.803000
KE KARIDB_162/1-10,3.000000,-9999.000000,-9999.000000,-9999.000000,-9999.000000,KE,37.016000,-1.670000
KE KARIDB_162/2-13,3.000000,-9999.000000,-9999.000000,-9999.000000,-9999.000000,KE,36.916000,-1.562000
KE KARIDB_163/3-13,3.000000,2.000000,1.600000,0.100000,0.200000,KE,37.623001,-1.820000
KE KARIDB_163/4-38,3.000000,2.300000,3.500000,0.200000,0.200000,KE,37.779999,-1.837000
KE KARIDB_163/4-89,3.000000,1.800000,0.400000,0.100000,0.600000,KE,37.904999,-1.764000
KE KARIDB_175/1-46,3.000000,2.600000,2.200000,0.200000,0.400000,KE,38.242001,-2.067000
KE KARIDB_184/51,3.000000,6.100000,2.300000,0.100000,1.900000,KE,38.556999,-2.968000
KE KARIDB_190/1-103,3.000000,5.000000,4.100000,0.100000,0.800000,KE,38.502998,-3.004000
KE KARIDB_190/3-3,3.000000,1.200000,1.000000,0.100000,0.300000,KE,38.549000,-3.302000
KE KARIDB_196/1-25,3.000000,-9999.000000,-9999.000000,-9999.000000,-9999.000000,KE,38.541000,-3.651000
KE KARIDB_196/2-12,3.000000,3.400000,2.500000,0.200000,0.800000,KE,38.937000,-3.745000
KE KARIDB_197/2-3,3.000000,32.000000,18.500000,3.600000,0.200000,KE,39.463001,-3.543000
KE KARIDB_198/1-3,3.000000,1.100000,0.600000,0.500000,0.100000,KE,39.541000,-3.536000
KE KARIDB_198/1-9,3.000000,12.100000,14.100000,2.300000,0.300000,KE,39.744999,-3.745000
KE KARIDB_202/1-266,3.000000,6.000000,7.400000,2.000000,0.200000,KE,39.172001,-4.577000
KE KARIDB_43-5,3.000000,0.800000,0.200000,53.700000,1.000000,KE,37.599998,2.983000
KE KARIDB_54-14,3.000000,46.500000,2.900000,1.000000,1.900000,KE,37.250000,2.083000
KE KARIDB_55-16,3.000000,5.600000,5.400000,0.200000,0.500000,KE,37.882999,2.183000
KE KARIDB_66-11,3.000000,1.500000,1.700000,0.100000,0.100000,KE,37.283001,1.750000
