"elevation","occ","ph20","slope","wetness_index","X","Y","mg"
3974,150,58,15,71,34.5922366192846,1.11936838521357,345
4083,127,60,28,69,34.5776532859746,1.10686838523357,401
4111,95,60,15,70,34.5672366193246,1.10270171857357,358
3752,72,63,21,71,34.6151532859146,1.09020171859357,431
3318,52,62,12,74,34.6359866192146,1.07561838528357,358
3246,32,58,23,79,34.5005699527646,1.04645171866356,404
3224,37,59,28,80,34.4984866194346,1.03603505201356,416
3158,32,60,13,83,34.6609866191746,1.03395171868356,307
3273,30,61,8,80,34.6234866192346,1.02561838536356,333
3186,36,55,9,83,34.5005699527646,1.01728505204356,335
3293,37,59,7,79,34.5214032860646,1.01728505204356,349
3204,26,60,8,85,34.6089032859246,1.01728505204356,363
3083,33,58,9,93,34.6234866192346,1.00686838539356,269
2980,27,56,7,82,34.6609866191746,1.00478505206356,261
2836,34,54,17,77,34.6818199524745,1.00478505206356,257
3073,43,54,27,75,34.5255699527246,1.00270171873356,410
3008,32,54,8,81,34.5089032860846,1.00061838540356,365
3008,32,54,8,81,34.5109866194146,1.00061838540356,361
3080,25,58,9,88,34.6089032859246,1.00061838540356,277
2902,37,54,9,83,34.5193199527346,0.994368385413562,395
3008,50,54,27,76,34.5276532860546,0.994368385413562,338
2926,26,56,17,84,34.6443199525346,0.994368385413562,266
2982,31,56,14,80,34.5797366193046,0.990201718753562,347
3017,31,56,8,90,34.5984866192746,0.988118385423562,295
2661,51,56,9,90,34.6964032857845,0.988118385423562,243
2706,38,55,8,88,34.6922366191245,0.986035052093562,244
2753,31,55,13,90,34.6859866191345,0.981868385433562,242
2975,31,53,11,92,34.6089032859246,0.979785052103562,262
2943,55,55,14,81,34.5214032860646,0.977701718773562,353
3008,41,54,10,83,34.5339032860446,0.975618385443562,370
2753,31,55,13,90,34.6859866191345,0.975618385443562,249
2683,59,54,21,87,34.4880699527846,0.969368385453563,425
2859,56,51,16,82,34.5214032860646,0.965201718793563,367
2674,38,53,20,92,34.6797366191445,0.963118385463563,281
2891,34,54,2,93,34.6297366192246,0.954785052143563,241
2850,36,53,9,87,34.6526532858546,0.952701718813563,280
2662,50,51,17,90,34.4922366194446,0.948535052153563,383
2695,44,51,4,92,34.5047366194246,0.946451718823563,382
2710,40,52,20,85,34.5401532860346,0.944368385493563,385
2695,51,51,15,91,34.5797366193046,0.944368385493563,281
2695,44,51,4,92,34.5109866194146,0.942285052163563,377
2568,52,51,17,95,34.4880699527846,0.940201718833563,384
2726,44,52,19,83,34.5943199526146,0.940201718833563,300
2653,43,53,16,85,34.5505699526846,0.938118385503563,386
2640,39,52,11,90,34.5797366193046,0.938118385503563,287
2646,50,52,15,89,34.4984866194346,0.936035052173563,379
2636,45,51,29,85,34.5234866193946,0.936035052173563,380
2495,42,52,20,85,34.5339032860446,0.933951718843563,364
2642,39,53,8,85,34.6568199525146,0.933951718843563,292
2552,34,54,16,91,34.7089032857645,0.933951718843563,248
2536,46,51,20,91,34.4880699527846,0.929785052183563,369
2512,39,54,26,78,34.6776532858145,0.927701718853563,290
2549,45,52,30,85,34.5318199527146,0.925618385523563,341
2560,46,52,27,83,34.5755699526446,0.925618385523563,300
2336,36,59,11,87,34.7484866190345,0.925618385523563,397
2346,44,52,25,86,34.4755699528046,0.923535052193563,411
2482,30,54,18,88,34.7047366191045,0.921451718863563,298
2436,40,54,13,84,34.6880699524645,0.919368385533563,275
2491,34,53,17,86,34.5672366193246,0.917285052203563,285
2594,31,54,10,90,34.5859866192946,0.917285052203563,283
2447,48,52,7,82,34.6818199524745,0.917285052203563,298
2554,35,52,8,80,34.5297366193846,0.915201718873563,350
2513,40,52,19,87,34.5901532859546,0.915201718873563,312
2364,34,53,14,81,34.6568199525146,0.913118385543563,327
2531,35,56,20,80,34.5130699527446,0.911035052213563,381
2357,25,54,14,83,34.6901532857945,0.906868385553563,342
2080,31,60,10,87,34.8005699522845,0.906868385553563,423
2412,31,55,11,92,34.5672366193246,0.904785052223563,289
2360,28,52,38,78,34.5130699527446,0.902701718893563,371
2451,28,53,12,84,34.6818199524745,0.902701718893563,331
2316,30,56,10,86,34.6130699525846,0.890201718913563,403
2253,30,54,17,87,34.6214032859046,0.890201718913563,362
2098,31,60,4,89,34.7776532856545,0.890201718913563,442
2449,40,57,4,83,34.5297366193846,0.888118385583563,378
2449,40,57,4,83,34.5339032860446,0.888118385583563,374
2383,35,57,12,93,34.6047366192646,0.888118385583563,357
2350,29,54,10,84,34.6318199525546,0.888118385583563,334
1812,25,62,4,101,35.0693199518544,0.886035052253563,280
2267,30,55,6,85,34.6443199525346,0.881868385593563,325
2229,30,54,20,87,34.4734866194746,0.873535052273563,293
1809,25,61,5,109,35.0068199519544,0.873535052273563,302
2299,27,52,18,92,34.4943199527746,0.869368385613563,235
2283,39,57,15,84,34.5255699527246,0.869368385613563,312
2253,42,59,7,80,34.4630699528246,0.867285052283563,391
2106,27,61,9,87,34.7214032857445,0.867285052283563,398
1956,26,60,11,90,34.7943199522945,0.867285052283563,393
1735,18,59,4,107,34.9672366186844,0.867285052283563,263
2241,40,58,4,95,34.5568199526746,0.865201718953563,298
2012,29,59,9,87,34.7422366190445,0.865201718953563,389
1849,23,62,3,107,35.0755699518444,0.865201718953563,288
2300,27,53,14,91,34.4964032861046,0.863118385623563,238
1823,21,61,3,106,35.0359866185744,0.863118385623563,274
2282,40,58,9,91,34.5880699526246,0.861035052293563,387
2205,31,61,6,87,34.6130699525846,0.861035052293563,375
2037,31,59,12,84,34.7318199523945,0.861035052293563,441
2037,31,59,12,84,34.7339032857245,0.861035052293563,438
2233,36,58,7,97,34.5693199526546,0.858951718963563,295
1824,17,59,5,111,35.0401532852344,0.858951718963563,260
1783,21,59,3,103,35.0401532852344,0.856868385633563,317
1717,23,60,6,104,34.9339032854044,0.854785052303563,284
2180,27,52,5,88,34.4901532861146,0.852701718973563,264
1737,24,60,17,91,34.7964032856245,0.852701718973563,417
1823,21,57,16,100,35.1109866184543,0.852701718973563,321
1975,30,60,8,90,34.7255699524045,0.850618385643563,384
1746,24,62,7,102,34.9484866187144,0.850618385643563,254
1767,21,60,2,104,35.0214032852644,0.850618385643563,290
1823,21,57,16,100,35.1109866184543,0.850618385643563,316
1944,30,60,10,86,34.7339032857245,0.848535052313563,407
2244,31,55,11,81,34.5026532860946,0.846451718983563,274
1729,19,60,5,95,34.7818199523145,0.846451718983563,376
2117,45,58,10,96,34.5776532859746,0.844368385653563,406
2244,31,55,11,81,34.5026532860946,0.842285052323563,325
2181,44,58,17,84,34.5339032860446,0.842285052323563,351
1803,23,62,3,103,35.0193199519344,0.838118385663563,280
1802,18,57,4,103,35.0443199518944,0.838118385663563,317
1863,18,57,3,108,35.0797366185043,0.838118385663563,275
1531,16,57,12,96,34.4297366195447,0.833951719003563,332
1753,31,59,14,89,34.7380699523845,0.833951719003563,365
1682,19,59,3,97,34.8068199522745,0.833951719003563,381
1771,20,60,4,103,35.0234866185944,0.833951719003563,330
1873,16,57,2,111,35.1005699518043,0.833951719003563,286
1735,20,59,3,108,34.7943199522945,0.831868385673563,311
1781,17,60,4,103,34.9401532853944,0.831868385673563,290
1843,19,59,3,110,35.0984866184743,0.831868385673563,277
2098,43,58,16,92,34.5776532859746,0.829785052343563,331
1720,18,59,5,106,34.7964032856245,0.829785052343563,310
1781,17,60,4,103,34.9401532853944,0.829785052343563,271
1794,17,59,2,106,35.0380699519044,0.829785052343563,299
1957,38,60,13,86,34.6484866191946,0.827701719013563,421
1834,37,58,19,91,34.7068199524345,0.827701719013563,428
1643,31,57,9,85,34.4568199528346,0.825618385683563,367
1804,22,61,2,102,35.0047366186244,0.825618385683563,288
1765,20,60,1,106,35.0255699519244,0.825618385683563,301
1782,42,58,25,78,34.5068199527546,0.823535052353563,408
1739,17,59,5,104,34.8630699521845,0.823535052353563,303
1558,17,59,6,90,34.4464032861847,0.821451719023563,323
1831,33,59,20,83,34.6776532858145,0.817285052363563,451
1693,22,58,6,95,34.7172366190845,0.817285052363563,382
1696,18,59,3,107,34.7797366189845,0.817285052363563,314
1736,16,59,4,103,34.8901532854744,0.817285052363563,234
1736,16,59,4,103,34.8943199521344,0.817285052363563,254
1469,16,59,10,96,34.4443199528547,0.815201719033563,322
1973,43,59,48,72,34.5318199527146,0.815201719033563,436
1891,36,59,19,78,34.5380699527046,0.815201719033563,434
2050,38,59,12,87,34.5839032859646,0.815201719033563,372
1560,17,58,8,88,34.4568199528346,0.813118385703563,329
1683,17,59,4,109,34.7818199523145,0.813118385703563,319
1756,15,59,3,103,34.8672366188445,0.813118385703563,222
1810,16,60,3,107,35.0651532851944,0.813118385703563,267
1697,21,58,4,106,34.7464032857045,0.808951719043563,301
1726,15,60,4,106,34.8568199521945,0.808951719043563,236
1716,21,58,1,109,34.7339032857245,0.806868385713563,296
1407,19,58,7,101,34.4359866195347,0.804785052383563,288
1639,24,58,6,93,34.6026532859346,0.804785052383563,427
1801,21,61,4,109,35.0318199519144,0.804785052383563,278
1676,22,60,5,104,34.7818199523145,0.802701719053563,332
1814,16,60,2,110,35.0797366185043,0.802701719053563,295
1702,19,59,4,105,34.8297366189045,0.800618385723563,265
1702,19,59,4,105,34.8359866188945,0.800618385723563,298
1776,19,60,3,107,35.0380699519044,0.800618385723563,284
1656,26,57,6,90,34.6193199525746,0.798535052393563,348
1708,20,58,4,106,34.7339032857245,0.798535052393563,281
1684,20,59,4,110,34.7568199523545,0.796451719063563,309
1520,17,60,6,98,34.4526532861747,0.794368385733563,254
1715,21,58,3,106,34.7068199524345,0.794368385733563,273
1708,20,60,2,103,34.9797366186644,0.794368385733563,313
1438,13,59,4,106,34.4255699528847,0.792285052403563,271
1626,24,57,4,91,34.5214032860646,0.792285052403563,328
1688,21,60,5,102,34.9276532854144,0.792285052403563,248
1824,17,62,2,113,35.0401532852344,0.790201719073563,296
1789,18,63,3,110,35.1068199517943,0.790201719073563,346
1717,17,60,4,101,34.8464032855445,0.786035052413563,243
1691,20,60,1,104,34.9630699520244,0.786035052413563,277
1680,20,59,5,102,34.7359866190545,0.783951719083563,282
1684,17,59,5,101,34.8547366188645,0.783951719083563,255
1756,16,61,4,106,35.0630699518644,0.783951719083563,294
1592,16,58,4,99,34.6568199525146,0.781868385753563,283
1694,21,60,5,102,34.9026532854544,0.781868385753563,256
1627,17,58,5,98,34.5172366194046,0.775618385763563,286
1667,29,57,8,81,34.5484866193546,0.775618385763563,299
1656,18,60,2,106,34.7776532856545,0.775618385763563,232
1589,14,57,5,105,34.6297366192246,0.773535052433563,224
1728,16,59,2,107,34.9734866186744,0.773535052433563,282
1738,14,57,4,99,35.0005699519644,0.773535052433563,269
1862,22,60,4,104,35.1234866184343,0.773535052433563,343
1797,18,58,3,105,35.0859866184943,0.771451719103563,287
1671,19,58,5,109,34.7339032857245,0.769368385773563,291
1738,14,57,4,99,34.9984866186344,0.769368385773563,255
1738,14,57,4,99,35.0026532852944,0.769368385773563,276
1791,19,57,3,103,35.0443199518944,0.769368385773563,267
1671,19,58,5,109,34.7318199523945,0.767285052443563,296
1869,19,58,1,113,35.1380699517443,0.767285052443563,366
1645,22,57,4,96,34.5609866193346,0.763118385783563,324
1660,20,59,4,111,34.7401532857145,0.763118385783563,295
1744,21,60,3,104,35.0484866185544,0.763118385783563,291
1675,25,56,7,91,34.6026532859346,0.761035052453563,277
1660,20,59,4,111,34.7380699523845,0.761035052453563,294
1678,22,60,3,106,34.9547366187044,0.761035052453563,283
1734,14,57,6,96,35.0047366186244,0.761035052453563,266
1473,15,60,6,103,34.4609866194946,0.758951719123563,304
1895,20,58,5,108,35.1234866184343,0.758951719123563,389
1683,19,58,4,109,34.7901532856345,0.756868385793563,200
1640,22,62,4,107,34.9422366187244,0.756868385793563,291
1759,20,59,8,104,35.0693199518544,0.756868385793563,304
1523,17,58,10,99,34.4922366194446,0.754785052463563,271
1642,19,57,6,95,34.6005699526046,0.754785052463563,259
1663,22,59,4,109,34.7818199523145,0.754785052463563,211
1683,20,60,4,101,35.0026532852944,0.754785052463563,281
1424,12,59,7,97,34.4589032861646,0.752701719133563,316
1918,20,58,2,117,35.1318199517543,0.752701719133563,383
1652,20,56,20,85,34.5318199527146,0.750618385803563,268
1642,19,57,6,95,34.6026532859346,0.750618385803563,239
1610,15,59,5,108,34.8234866189145,0.748535052473563,256
1615,17,58,1,105,34.6068199525946,0.746451719143563,232
1631,15,60,4,109,34.8318199522345,0.746451719143563,250
1679,19,59,3,101,35.0026532852944,0.746451719143563,292
1912,22,60,2,115,35.1276532850943,0.746451719143563,369
1413,13,60,7,104,34.4422366195247,0.744368385813563,305
1622,20,58,1,112,34.7651532856745,0.744368385813563,263
1676,18,57,5,99,35.0339032852444,0.744368385813563,318
1469,15,58,8,98,34.4734866194746,0.742285052483563,302
1649,19,59,2,112,34.8068199522745,0.742285052483563,192
1648,22,61,5,100,34.9651532853544,0.742285052483563,314
1586,15,56,3,100,34.5943199526146,0.740201719153563,297
1678,20,58,3,111,34.7505699523645,0.740201719153563,195
1669,16,60,4,109,34.8484866188745,0.740201719153563,213
1610,16,59,4,113,34.7818199523145,0.738118385823563,260
1631,19,61,1,103,34.9297366187444,0.738118385823563,339
1673,23,60,5,98,35.0005699519644,0.738118385823563,320
1474,15,58,5,95,34.4797366194646,0.736035052493563,240
1692,22,60,7,97,34.9568199520344,0.736035052493563,293
1680,18,58,7,100,35.0234866185944,0.736035052493563,326
1391,12,60,5,107,34.4401532861947,0.733951719163563,266
1624,15,60,3,110,34.8151532855945,0.733951719163563,239
1572,15,57,3,108,34.6984866191145,0.727701719173563,210
1724,15,59,5,100,34.9047366187844,0.727701719173563,238
1875,18,59,3,111,35.1068199517943,0.727701719173563,388
1634,17,60,1,103,34.9234866187544,0.725618385843563,330
1702,21,60,6,95,34.9526532853744,0.723535052513563,323
1536,16,58,5,114,34.6609866191746,0.721451719183563,259
1670,22,59,3,118,34.7776532856545,0.721451719183563,218
1656,21,59,4,111,34.7984866189545,0.721451719183563,190
1856,33,59,7,99,35.0464032852244,0.721451719183563,293
1884,23,61,2,107,35.0547366185444,0.721451719183563,315
1365,17,60,1,101,34.4484866195147,0.719368385853563,373
1814,27,61,10,95,34.9901532853144,0.719368385853563,315
1709,15,60,4,98,34.9089032854444,0.717285052523563,242
1567,17,57,3,117,34.6255699525646,0.715201719193563,167
1626,15,57,4,103,34.7193199524145,0.715201719193563,227
1490,14,58,6,94,34.5318199527146,0.713118385863563,221
1577,15,59,2,106,34.5943199526146,0.713118385863563,199
1567,17,57,3,117,34.6276532858946,0.713118385863563,176
1534,15,58,5,102,34.7026532857745,0.713118385863563,243
1671,15,61,3,102,34.8672366188445,0.713118385863563,234
1684,15,59,7,97,34.8984866187944,0.713118385863563,256
1781,29,60,11,96,34.9693199520144,0.713118385863563,311
1516,13,58,8,95,34.5109866194146,0.711035052533563,177
1678,18,58,1,118,34.7880699523045,0.711035052533563,203
1828,23,61,3,104,34.9714032853444,0.708951719203563,324
1412,11,59,3,100,34.4839032861246,0.706868385873563,265
1677,20,60,5,102,34.9172366187644,0.706868385873563,259
1627,15,58,3,109,34.7443199523745,0.704785052543563,231
1837,22,59,3,105,35.0005699519644,0.704785052543563,339
1503,14,58,11,94,34.5547366193446,0.702701719213564,209
1654,18,58,4,111,34.7984866189545,0.702701719213564,215
1653,15,60,2,101,34.8839032854844,0.702701719213564,276
1813,32,57,9,97,35.0380699519044,0.702701719213564,354
1405,11,59,3,111,34.4609866194946,0.700618385883564,241
1638,21,61,4,101,34.9255699520844,0.700618385883564,336
1896,20,57,2,116,35.0672366185244,0.700618385883564,322
1455,13,59,5,96,34.5443199526946,0.698535052553564,219
1659,16,57,1,114,34.7526532856945,0.698535052553564,204
1627,18,61,4,102,34.8984866187944,0.698535052553564,253
1877,21,58,2,111,35.0526532852144,0.698535052553564,433
1585,15,59,3,107,34.8255699522445,0.696451719223564,245
1540,18,58,3,113,34.6339032858846,0.694368385893564,206
1662,17,57,1,111,34.7672366190045,0.694368385893564,198
1455,13,59,5,96,34.5380699527046,0.692285052563564,191
1497,14,58,7,95,34.5526532860146,0.692285052563564,204
1626,19,58,2,106,34.8130699522645,0.690201719233564,181
1638,14,60,2,108,34.8464032855445,0.690201719233564,267
1632,14,60,4,101,34.8776532854944,0.690201719233564,277
1868,17,57,3,113,35.0214032852644,0.690201719233564,359
1445,12,58,6,101,34.5109866194146,0.688118385903564,179
1518,16,57,5,110,34.6755699524845,0.688118385903564,208
1955,18,58,1,125,35.1422366184043,0.688118385903564,420
1396,9,59,3,113,34.4755699528046,0.686035052573564,307
1678,16,59,5,98,34.9401532853944,0.686035052573564,257
1880,19,58,2,111,35.0318199519144,0.686035052573564,385
1506,17,58,3,112,34.6672366191645,0.683951719243564,308
1831,22,60,3,103,34.9776532853344,0.683951719243564,353
1868,20,58,2,114,35.0422366185644,0.683951719243564,347
1510,17,58,3,109,34.6630699525046,0.681868385913564,206
1526,16,56,2,112,34.6797366191445,0.681868385913564,206
1853,22,59,7,108,35.0047366186244,0.681868385913564,391
1554,15,60,3,100,34.5380699527046,0.679785052583564,222
1540,18,56,4,104,34.5651532859946,0.679785052583564,225
1632,15,58,3,111,34.7797366189845,0.679785052583564,192
1643,15,58,1,112,34.8109866189345,0.679785052583564,211
1568,16,60,3,105,34.5464032860246,0.677701719253564,207
1550,18,59,4,101,34.5547366193446,0.677701719253564,210
1586,17,56,3,119,34.5797366193046,0.677701719253564,212
1560,18,57,2,112,34.6339032858846,0.677701719253564,169
1627,18,57,3,107,34.7672366190045,0.677701719253564,248
1597,16,60,4,104,34.8380699522245,0.675618385923564,272
1597,16,60,4,104,34.8401532855545,0.675618385923564,279
1593,15,61,3,104,34.8818199521544,0.675618385923564,272
1676,19,58,4,97,34.9401532853944,0.675618385923564,293
1861,17,58,1,111,35.0318199519144,0.675618385923564,360
1499,17,58,2,112,34.7005699524445,0.673535052593564,230
1626,20,58,3,104,34.7630699523445,0.673535052593564,221
1918,22,61,1,120,35.1109866184543,0.673535052593564,430
1537,17,58,4,102,34.5630699526646,0.671451719263564,214
1525,18,58,4,108,34.6109866192546,0.671451719263564,181
1637,14,58,2,108,34.8109866189345,0.669368385933564,224
1593,17,58,6,101,34.8276532855745,0.669368385933564,276
1654,17,56,3,103,34.8901532854744,0.669368385933564,234
1651,17,56,4,103,34.9089032854444,0.669368385933564,336
1656,18,55,3,103,34.9234866187544,0.669368385933564,337
1859,21,57,3,110,35.0234866185944,0.669368385933564,306
1937,20,58,3,121,35.1401532850743,0.667285052603564,435
1509,16,57,2,115,34.6943199524545,0.665201719273564,211
1637,20,56,5,100,34.8880699521444,0.663118385943564,286
1505,19,59,4,99,34.5359866193746,0.661035052613564,250
1501,17,59,5,99,34.5526532860146,0.661035052613564,215
1547,18,58,4,97,34.7401532857145,0.661035052613564,220
1851,20,57,4,106,35.0276532852544,0.661035052613564,341
1885,23,59,2,116,35.0734866185144,0.661035052613564,400
1928,20,59,2,117,35.1234866184343,0.661035052613564,426
1517,16,58,4,102,34.6151532859146,0.656868385953564,188
1617,14,59,5,100,34.8734866188344,0.656868385953564,268
1712,20,58,5,96,34.9693199520144,0.654785052623564,289
1303,15,54,7,99,34.4047366195847,0.652701719293564,378
1531,17,57,1,110,34.6422366192046,0.652701719293564,174
1618,22,56,4,99,34.8943199521344,0.652701719293564,287
1871,23,57,2,109,35.0318199519144,0.652701719293564,333
1896,20,59,4,112,35.1172366184443,0.652701719293564,377
1423,12,57,6,97,34.5005699527646,0.650618385963564,263
1494,16,56,4,112,34.6651532858345,0.650618385963564,193
1675,18,60,5,100,34.9151532854344,0.650618385963564,284
1885,18,57,2,116,35.0464032852244,0.650618385963564,357
1887,23,57,3,114,35.0693199518544,0.650618385963564,370
1519,14,58,6,99,34.5089032860846,0.648535052633564,195
1645,17,58,4,101,34.7734866189945,0.648535052633564,202
1610,18,54,7,94,34.5589032860046,0.646451719303564,224
1544,18,57,10,94,34.7464032857045,0.646451719303564,224
1537,16,60,5,103,34.8401532855545,0.646451719303564,268
1340,11,56,4,108,34.4380699528647,0.644368385973564,244
1490,15,56,6,97,34.5401532860346,0.644368385973564,241
1544,18,57,10,94,34.7526532856945,0.644368385973564,215
1497,17,57,2,111,34.6922366191245,0.642285052643564,217
1794,23,60,0,101,35.0089032852844,0.640201719313564,319
1885,16,59,3,101,35.0589032852044,0.640201719313564,319
1465,17,56,2,101,34.5401532860346,0.638118385983564,256
1459,16,58,2,104,34.7214032857445,0.638118385983564,297
1577,13,58,3,107,34.8089032856045,0.638118385983564,251
1611,17,54,5,96,34.5693199526546,0.636035052653564,196
1532,18,56,3,103,34.5984866192746,0.636035052653564,167
1456,17,59,1,109,34.7172366190845,0.636035052653564,285
1590,16,58,2,106,34.8151532855945,0.636035052653564,228
1353,10,57,1,118,34.4443199528547,0.633951719323564,251
1487,17,58,2,116,34.6964032857845,0.633951719323564,210
1645,17,57,6,98,34.7755699523245,0.633951719323564,204
1661,19,56,5,96,34.7734866189945,0.631868385993564,200
1581,14,58,2,109,34.8130699522645,0.631868385993564,233
1828,22,60,4,104,35.0172366186044,0.631868385993564,368
1556,15,59,8,102,34.8339032855645,0.629785052663564,305
1852,18,59,5,105,35.0234866185944,0.629785052663564,374
1523,18,57,6,94,34.7568199523545,0.623535052673564,218
1678,15,57,6,98,34.9005699521244,0.623535052673564,249
1685,17,59,6,95,34.9047366187844,0.623535052673564,252
1683,17,59,3,96,34.9130699521044,0.623535052673564,278
1475,17,56,4,102,34.6026532859346,0.621451719343564,201
1326,9,58,3,111,34.3880699529447,0.619368386013564,209
1493,15,57,4,97,34.5651532859946,0.619368386013564,161
1507,18,58,3,106,34.6214032859046,0.619368386013564,169
1565,15,57,3,101,34.8026532856145,0.617285052683564,240
1682,18,58,9,89,34.8818199521544,0.617285052683564,238
1486,15,59,4,100,34.5693199526546,0.615201719353564,172
1463,16,57,5,101,34.5880699526246,0.613118386023564,180
1636,18,56,8,99,34.7797366189845,0.613118386023564,187
1730,21,58,7,98,34.9401532853944,0.613118386023564,270
1300,11,58,2,114,34.4047366195847,0.611035052693564,215
1301,9,58,3,109,34.4422366195247,0.608951719363564,313
1443,19,56,4,102,34.5672366193246,0.606868386033564,172
1453,16,56,4,103,34.5964032859446,0.606868386033564,190
1483,16,58,3,111,34.6464032858646,0.606868386033564,201
1565,16,59,2,106,34.8276532855745,0.606868386033564,212
1466,16,58,2,112,34.7193199524145,0.604785052703564,237
1494,16,58,4,108,34.7464032857045,0.604785052703564,208
1296,10,56,3,112,34.4443199528547,0.600618386043564,288
1443,15,61,3,111,34.6901532857945,0.600618386043564,260
1576,16,58,6,102,34.8505699522045,0.598535052713564,244
1623,16,58,5,93,34.8859866188144,0.598535052713564,261
1677,18,58,12,88,34.8880699521444,0.598535052713564,255
1281,10,58,2,115,34.3964032862647,0.596451719383564,269
1294,12,58,1,107,34.4547366195047,0.596451719383564,328
1480,17,57,2,110,34.6484866191946,0.596451719383564,190
1458,16,58,1,113,34.7172366190845,0.596451719383564,233
1398,16,54,8,95,34.5193199527346,0.594368386053564,217
1768,21,59,3,93,34.9172366187644,0.594368386053564,257
1355,14,55,5,100,34.5089032860846,0.592285052723564,273
1280,11,56,3,110,34.4318199528747,0.590201719393564,272
1461,15,56,4,111,34.6526532858546,0.588118386063564,182
1435,20,60,1,113,34.6859866191345,0.588118386063564,273
1292,11,57,2,118,34.4214032862247,0.586035052733564,246
1308,13,56,3,110,34.4734866194746,0.583951719403564,226
1455,15,57,2,115,34.7026532857745,0.583951719403564,243
1455,17,56,3,112,34.6630699525046,0.581868386073564,204
1432,17,61,0,113,34.6839032858045,0.581868386073564,249
1588,13,59,4,97,34.8734866188344,0.581868386073564,261
1270,13,58,2,117,34.3901532862747,0.577701719413564,268
1276,12,58,2,110,34.4443199528547,0.577701719413564,297
1464,16,58,2,102,34.7776532856545,0.577701719413564,242
1480,18,58,3,110,34.6318199525546,0.575618386083564,168
1270,12,59,2,116,34.4047366195847,0.573535052753564,262
1288,15,56,2,111,34.4568199528346,0.569368386093564,246
1482,16,57,1,117,34.7109866190945,0.569368386093564,193
1497,17,59,4,95,34.8130699522645,0.569368386093564,223
1571,17,58,4,93,34.8484866188745,0.569368386093564,242
1417,19,55,3,108,34.5755699526446,0.567285052763564,186
1489,15,58,1,109,34.7568199523545,0.567285052763564,187
1459,17,57,3,111,34.6630699525046,0.565201719433564,203
1420,16,54,2,105,34.5484866193546,0.563118386103564,176
1499,15,59,2,110,34.8089032856045,0.561035052773564,201
1475,16,56,3,111,34.6630699525046,0.558951719443564,203
1425,17,56,3,114,34.5859866192946,0.554785052783564,187
1474,15,56,3,111,34.6630699525046,0.550618386123564,192
1431,19,56,2,113,34.6859866191345,0.550618386123564,260
1489,17,57,3,111,34.7443199523745,0.550618386123564,171
1339,16,55,4,104,34.4984866194346,0.546451719463564,222
1442,15,58,5,105,34.7651532856745,0.546451719463564,207
1329,18,56,3,104,34.4880699527846,0.544368386133564,244
1442,19,53,4,106,34.5964032859446,0.531868386153564,192
1483,15,58,1,112,34.7797366189845,0.531868386153564,199
1272,13,56,2,113,34.4193199528947,0.525618386163564,272
1410,16,54,3,103,34.5526532860146,0.525618386163564,154
1463,13,57,2,109,34.7734866189945,0.525618386163564,210
1438,17,53,4,105,34.6318199525546,0.523535052833564,180
1272,13,56,2,113,34.4193199528947,0.521451719503564,214
1341,14,54,3,108,34.4589032861646,0.521451719503564,224
1402,15,55,4,110,34.6276532858946,0.521451719503564,180
1422,14,57,3,114,34.6984866191145,0.515201719513564,196
1433,15,58,2,110,34.7214032857445,0.515201719513564,215
1450,14,56,3,106,34.7464032857045,0.515201719513564,208
1356,18,56,3,106,34.4984866194346,0.511035052853564,273
1410,14,56,2,113,34.6839032858045,0.511035052853564,221
1426,16,53,3,110,34.5901532859546,0.508951719523564,170
1641,18,56,18,80,34.8922366188044,0.508951719523564,334
1398,16,56,3,107,34.5609866193346,0.506868386193564,196
1469,13,56,5,105,34.7484866190345,0.506868386193564,170
1510,13,57,3,106,34.8276532855745,0.506868386193564,190
1525,14,58,5,104,34.8443199522145,0.506868386193564,241
1385,14,54,3,107,34.6109866192546,0.502701719533564,258
1372,13,55,4,107,34.6005699526046,0.500618386203564,199
1493,13,57,4,109,34.7630699523445,0.500618386203564,177
1235,11,56,3,111,34.3901532862747,0.498535052873564,267
1300,15,56,2,107,34.4714032861446,0.498535052873564,216
1444,15,56,3,110,34.7276532857345,0.496451719543564,186
1520,13,57,4,104,34.8505699522045,0.496451719543564,233
1555,15,55,2,103,34.8318199522345,0.494368386213564,160
1390,15,54,4,108,34.5443199526946,0.492285052883564,177
1437,14,54,4,107,34.6297366192246,0.492285052883564,180
1401,16,57,4,111,34.6755699524845,0.492285052883564,184
1437,14,54,4,107,34.6318199525546,0.490201719553564,165
1545,16,55,3,104,34.8526532855345,0.490201719553564,221
1367,18,56,4,106,34.5651532859946,0.488118386223564,217
1394,13,55,3,108,34.5901532859546,0.488118386223564,179
1368,12,56,5,108,34.6026532859346,0.488118386223564,217
1518,14,56,5,104,34.8130699522645,0.488118386223564,196
1437,14,54,4,107,34.6297366192246,0.486035052893564,168
1570,17,55,6,90,34.8839032854844,0.486035052893564,238
1442,12,56,2,110,34.7193199524145,0.483951719563564,178
1333,16,54,6,105,34.5109866194146,0.481868386233564,228
1529,13,54,3,103,34.7776532856545,0.481868386233564,165
1621,16,58,2,89,34.8964032854644,0.481868386233564,240
1626,16,58,3,85,34.9068199521144,0.479785052903564,275
1279,14,56,3,112,34.4526532861747,0.477701719573564,199
1286,14,55,3,111,34.4547366195047,0.477701719573564,196
1384,18,56,3,105,34.5318199527146,0.475618386243564,191
1345,14,57,3,110,34.5943199526146,0.475618386243564,209
1501,12,54,4,103,34.7484866190345,0.475618386243564,173
1240,12,56,1,110,34.4130699529047,0.473535052913564,238
1405,17,57,5,111,34.6776532858145,0.473535052913564,192
1240,12,56,1,110,34.4151532862347,0.471451719583564,223
1237,13,57,1,109,34.4047366195847,0.469368386253564,227
1282,14,56,2,114,34.4484866195147,0.469368386253564,211
1377,15,54,3,107,34.5651532859946,0.469368386253564,193
1366,15,56,4,108,34.6255699525646,0.469368386253564,194
1597,20,58,4,100,34.8755699521644,0.469368386253564,220
1239,11,56,3,109,34.3964032862647,0.465201719593564,223
1286,14,55,2,110,34.4714032861446,0.463118386263564,219
1371,16,57,3,108,34.5714032859846,0.463118386263564,177
1267,15,56,3,113,34.4589032861646,0.461035052933564,237
1553,14,54,3,111,34.7693199523345,0.461035052933564,175
1250,10,56,3,110,34.4109866195747,0.458951719603564,198
1331,16,59,3,110,34.6214032859046,0.458951719603564,209
1541,14,55,4,104,34.7734866189945,0.458951719603564,182
1573,15,55,4,98,34.8339032855645,0.456868386273564,187
1331,16,54,2,109,34.4984866194346,0.454785052943564,219
1342,17,56,2,111,34.5672366193246,0.454785052943564,197
1367,11,58,3,109,34.6505699525246,0.452701719613564,217
1382,17,56,1,113,34.5589032860046,0.450618386283564,158
1368,13,57,4,105,34.6568199525146,0.450618386283564,220
1592,16,54,5,99,34.8359866188945,0.450618386283564,178
1639,19,54,6,100,34.8505699522045,0.450618386283564,245
1346,15,56,4,103,34.6401532858746,0.448535052953564,182
1368,13,57,4,105,34.6609866191746,0.448535052953564,175
1348,16,56,4,109,34.5464032860246,0.446451719623564,169
1499,12,55,2,111,34.7380699523845,0.446451719623564,176
1353,15,54,2,109,34.5026532860946,0.444368386293564,227
1346,15,57,5,104,34.6484866191946,0.444368386293564,180
1344,15,55,3,107,34.5422366193646,0.442285052963564,194
1440,11,56,3,109,34.6922366191245,0.442285052963564,190
1514,14,56,5,102,34.7964032856245,0.442285052963564,203
1617,19,57,3,104,34.8547366188645,0.442285052963564,184
1618,14,58,3,104,34.9172366187644,0.442285052963564,308
1403,12,54,6,98,34.6380699525446,0.440201719633564,161
1401,12,56,4,102,34.6672366191645,0.440201719633564,183
1313,15,54,2,108,34.4609866194946,0.438118386303564,200
1325,18,55,4,107,34.5297366193846,0.438118386303564,212
1476,13,56,4,110,34.7297366190645,0.438118386303564,194
1492,16,56,4,108,34.7505699523645,0.438118386303564,173
1345,15,54,2,110,34.5026532860946,0.436035052973564,209
1514,14,56,5,102,34.8005699522845,0.436035052973564,187
1456,13,56,5,105,34.7109866190945,0.433951719643564,180
1248,9,57,1,110,34.3693199529747,0.431868386313565,175
1417,15,55,3,100,34.6568199525146,0.431868386313565,158
1482,13,56,3,109,34.7380699523845,0.431868386313565,175
1483,15,55,6,107,34.7547366190245,0.431868386313565,180
1545,13,55,4,104,34.8047366189445,0.431868386313565,179
1338,14,55,4,110,34.4818199527946,0.429785052983565,200
1358,14,55,3,112,34.5547366193446,0.427701719653565,181
1437,14,52,3,99,34.6547366191846,0.425618386323565,161
1475,13,53,7,98,34.6818199524745,0.425618386323565,181
1633,18,55,4,99,34.8568199521945,0.425618386323565,197
1622,17,57,4,95,34.9234866187544,0.425618386323565,255
1278,8,56,0,115,34.3880699529447,0.423535052993565,178
1331,15,56,5,107,34.6109866192546,0.423535052993565,180
1480,14,57,1,116,34.7026532857745,0.421451719663565,177
1248,9,57,3,109,34.3734866196347,0.419368386333565,178
1334,13,56,4,109,34.4839032861246,0.419368386333565,226
1518,14,55,6,102,34.8109866189345,0.419368386333565,192
1328,11,55,1,106,34.4339032862047,0.417285053003565,202
1309,14,56,3,106,34.4943199527746,0.415201719673565,205
1314,15,58,2,112,34.5714032859846,0.415201719673565,205
1343,18,55,4,105,34.6130699525846,0.415201719673565,188
1327,14,55,3,106,34.5005699527646,0.413118386343565,183
1299,17,58,1,112,34.5943199526146,0.413118386343565,219
1316,15,57,2,108,34.6068199525946,0.413118386343565,194
1610,12,57,3,106,34.8734866188344,0.411035053013565,201
1284,10,57,2,105,34.4089032862447,0.406868386353565,190
1490,16,54,5,105,34.7526532856945,0.406868386353565,173
1309,9,56,2,106,34.4380699528647,0.404785053023565,229
1309,9,56,2,106,34.4422366195247,0.404785053023565,206
1306,16,58,1,113,34.5755699526446,0.404785053023565,228
1299,17,58,2,112,34.5818199526346,0.404785053023565,225
1461,14,54,2,106,34.7005699524445,0.400618386363565,186
1273,9,57,2,105,34.4026532862547,0.398535053033565,188
1300,7,56,3,104,34.4193199528947,0.398535053033565,192
1604,16,54,6,98,34.8484866188745,0.398535053033565,196
1448,19,55,2,106,34.7130699524245,0.396451719703565,262
1569,16,55,5,102,34.8005699522845,0.396451719703565,188
1577,15,54,3,102,34.8047366189445,0.396451719703565,174
1325,10,55,2,106,34.4526532861747,0.394368386373565,221
1324,19,57,4,109,34.5047366194246,0.394368386373565,195
1315,15,57,3,110,34.5880699526246,0.394368386373565,166
1604,16,54,6,98,34.8505699522045,0.394368386373565,207
1313,15,57,2,111,34.5693199526546,0.390201719713565,189
1315,15,58,4,109,34.5859866192946,0.390201719713565,169
1436,17,54,3,103,34.6943199524545,0.390201719713565,202
1463,15,55,2,105,34.7276532857345,0.390201719713565,184
1574,15,54,5,102,34.7943199522945,0.390201719713565,196
1581,15,54,4,104,34.8005699522845,0.390201719713565,193
1332,15,56,2,112,34.4797366194646,0.388118386383565,166
1291,17,57,3,111,34.5339032860446,0.388118386383565,247
1295,17,56,0,114,34.5505699526846,0.388118386383565,294
1628,14,54,2,103,34.8547366188645,0.388118386383565,164
1593,14,56,3,104,34.8734866188344,0.386035053053565,178
1658,16,57,9,90,34.9401532853944,0.386035053053565,258
1656,21,55,23,94,34.9047366187844,0.383951719723565,274
1288,21,55,1,110,34.5255699527246,0.381868386393565,249
1615,15,53,3,106,34.8526532855345,0.381868386393565,163
1319,16,57,1,106,34.5047366194246,0.379785053063565,265
1630,14,55,4,103,34.8547366188645,0.379785053063565,157
1615,15,53,3,106,34.8505699522045,0.377701719733565,156
1408,15,54,5,103,34.6422366192046,0.375618386403565,159
1442,13,54,4,109,34.6547366191846,0.375618386403565,156
1529,13,55,0,114,34.7359866190545,0.375618386403565,172
1534,13,54,3,104,34.7797366189845,0.373535053073565,176
1312,15,55,3,108,34.5714032859846,0.369368386413565,205
1352,14,56,4,109,34.5943199526146,0.369368386413565,168
1686,19,56,18,90,34.9318199520744,0.369368386413565,247
1279,17,59,2,107,34.4859866194546,0.367285053083565,252
1289,13,56,2,109,34.5109866194146,0.367285053083565,284
1519,13,54,2,105,34.7339032857245,0.367285053083565,183
1488,14,54,3,102,34.7422366190445,0.367285053083565,186
1488,14,54,3,102,34.7443199523745,0.367285053083565,179
1565,16,54,5,98,34.8234866189145,0.367285053083565,185
1561,14,56,3,102,34.8839032854844,0.367285053083565,210
1383,13,55,3,105,34.6151532859146,0.365201719753565,182
1489,16,54,3,106,34.7151532857545,0.365201719753565,172
1537,13,55,3,109,34.7776532856545,0.365201719753565,167
1612,16,56,1,102,34.8589032855245,0.365201719753565,226
1743,19,56,8,84,34.9401532853944,0.365201719753565,227
1286,14,57,3,107,34.4255699528847,0.363118386423565,208
1518,12,55,3,105,34.7589032856845,0.361035053093565,163
1486,14,54,5,104,34.7318199523945,0.358951719763565,171
1547,16,54,2,101,34.8839032854844,0.358951719763565,231
1480,17,54,4,101,34.6984866191145,0.356868386433565,175
1285,10,55,2,108,34.4922366194446,0.354785053103565,247
1614,21,53,17,89,34.8359866188945,0.352701719773565,188
1390,15,55,4,106,34.6172366192446,0.350618386443565,203
1575,16,56,3,89,34.9214032854244,0.350618386443565,250
1293,16,57,4,104,34.4609866194946,0.348535053113565,236
1308,15,55,0,107,34.5234866193946,0.348535053113565,280
1316,15,55,3,108,34.5359866193746,0.348535053113565,225
1466,13,54,2,104,34.7318199523945,0.348535053113565,190
1293,16,57,4,104,34.4589032861646,0.344368386453565,239
1393,14,56,1,109,34.6089032859246,0.344368386453565,188
1429,16,55,4,100,34.6609866191746,0.344368386453565,170
1568,15,55,2,104,34.7984866189545,0.344368386453565,171
1322,15,55,3,105,34.5422366193646,0.338118386463565,185
1293,15,56,3,104,34.4672366194846,0.336035053133565,202
1345,14,56,4,106,34.5547366193446,0.333951719803565,173
1271,15,59,2,103,34.4151532862347,0.327701719813565,264
1262,14,56,0,109,34.4318199528747,0.327701719813565,229
1365,14,55,3,103,34.5714032859846,0.327701719813565,176
1448,12,54,1,105,34.7130699524245,0.325618386483565,181
1438,14,54,7,98,34.6859866191345,0.323535053153565,184
1569,15,50,3,100,34.8422366188845,0.323535053153565,200
1385,13,55,4,104,34.6068199525946,0.321451719823565,177
1388,13,55,3,102,34.6255699525646,0.321451719823565,203
1476,15,54,5,97,34.7255699524045,0.317285053163565,168
1596,14,52,2,102,34.9130699521044,0.317285053163565,248
1296,13,56,4,103,34.4859866194546,0.315201719833565,178
1475,15,54,4,103,34.6964032857845,0.315201719833565,180
1537,17,54,4,102,34.7776532856545,0.313118386503565,180
1557,16,49,2,101,34.8734866188344,0.313118386503565,275
1476,15,54,5,97,34.7255699524045,0.311035053173565,189
1557,18,56,3,100,34.7984866189545,0.311035053173565,226
1366,11,55,4,102,34.5797366193046,0.308951719843565,162
1407,13,55,4,100,34.6714032858245,0.308951719843565,194
1413,13,55,2,100,34.7089032857645,0.308951719843565,209
1446,12,55,3,100,34.7193199524145,0.308951719843565,202
1522,14,54,2,103,34.7693199523345,0.308951719843565,182
1551,19,54,4,104,34.7901532856345,0.308951719843565,267
1275,12,56,3,101,34.4693199528146,0.306868386513565,195
1551,18,55,1,103,34.8089032856045,0.306868386513565,213
1244,11,55,5,103,34.4318199528747,0.304785053183565,203
1395,11,54,2,104,34.5547366193446,0.304785053183565,164
1551,18,55,1,103,34.8047366189445,0.304785053183565,222
1551,18,55,1,103,34.8068199522745,0.304785053183565,218
1582,16,48,5,101,34.8901532854744,0.302701719853565,270
1377,13,55,2,102,34.6776532858145,0.300618386523565,205
1306,13,54,4,104,34.5193199527346,0.298535053193565,160
1593,25,48,1,103,34.9005699521244,0.298535053193565,261
1266,13,58,3,105,34.4068199529147,0.296451719863565,235
1341,14,57,2,106,34.5880699526246,0.296451719863565,173
1381,13,54,2,103,34.6339032858846,0.296451719863565,191
1385,13,56,2,105,34.6672366191645,0.296451719863565,215
1537,19,53,7,97,34.7922366189645,0.292285053203565,309
1574,15,50,5,99,34.8693199521745,0.292285053203565,235
1310,12,54,5,100,34.4464032861847,0.290201719873565,179
1535,18,53,1,101,34.7818199523145,0.290201719873565,270
1548,21,54,3,100,34.8526532855345,0.290201719873565,263
1351,14,55,4,102,34.5547366193446,0.288118386543565,168
1393,13,54,3,101,34.6839032858045,0.288118386543565,231
1446,13,54,8,98,34.7026532857745,0.288118386543565,199
1535,13,54,4,98,34.7484866190345,0.288118386543565,205
1552,13,54,4,105,34.7672366190045,0.288118386543565,192
1550,18,56,4,100,34.7776532856545,0.288118386543565,223
1263,11,55,3,107,34.4005699529247,0.286035053213565,232
1320,12,55,6,104,34.5734866193146,0.283951719883565,207
1546,17,54,4,103,34.8276532855745,0.283951719883565,187
1259,12,54,3,104,34.4255699528847,0.281868386553565,197
1366,11,55,1,109,34.5880699526246,0.281868386553565,175
1357,13,55,5,103,34.6359866192146,0.281868386553565,197
1302,12,54,5,104,34.5109866194146,0.279785053223565,201
1330,11,55,2,108,34.6089032859246,0.279785053223565,193
1420,11,55,4,106,34.6776532858145,0.279785053223565,184
1293,11,55,1,102,34.4943199527746,0.273535053233565,204
1444,15,54,3,104,34.7005699524445,0.273535053233565,191
1490,14,53,8,97,34.7255699524045,0.273535053233565,189
1548,13,54,5,99,34.7609866190145,0.273535053233565,171
1574,21,56,3,103,34.8526532855345,0.273535053233565,327
1341,13,56,6,104,34.6339032858846,0.271451719903565,202
1384,13,56,3,105,34.6505699525246,0.269368386573565,200
1580,15,52,3,100,34.8547366188645,0.269368386573565,283
1577,21,48,4,98,34.8984866187944,0.269368386573565,265
1604,15,50,5,99,34.9214032854244,0.269368386573565,251
1450,14,54,5,106,34.6901532857945,0.265201719913565,201
1625,16,55,2,100,34.9401532853944,0.265201719913565,251
1270,10,55,3,100,34.4359866195347,0.263118386583565,187
1513,15,55,5,101,34.7714032856645,0.263118386583565,187
1339,9,55,5,103,34.5089032860846,0.261035053253565,173
1396,14,55,4,101,34.6547366191846,0.261035053253565,186
1258,8,54,5,103,34.4047366195847,0.254785053263565,189
1504,15,56,5,103,34.7651532856745,0.252701719933565,195
1267,9,54,3,106,34.3984866195947,0.250618386603565,181
1267,9,54,3,106,34.4005699529247,0.250618386603565,182
1317,12,58,4,97,34.4880699527846,0.248535053273565,211
1378,14,54,5,103,34.5776532859746,0.248535053273565,197
1445,19,55,3,102,34.7234866190745,0.246451719943565,198
1503,17,54,5,100,34.7943199522945,0.246451719943565,206
1335,10,56,2,100,34.4651532861546,0.244368386613565,183
1520,17,56,0,106,34.7839032856445,0.244368386613565,210
1323,13,58,3,96,34.4547366195047,0.242285053283565,214
1350,14,58,6,96,34.4922366194446,0.240201719953565,207
1419,11,53,2,100,34.5443199526946,0.240201719953565,194
1443,12,55,2,105,34.6714032858245,0.240201719953565,168
1620,19,48,3,102,34.9130699521044,0.240201719953565,250
1350,14,58,6,96,34.4943199527746,0.238118386623565,204
1399,16,54,4,101,34.5776532859746,0.238118386623565,186
1404,16,55,5,104,34.5818199526346,0.236035053293565,184
1509,16,54,3,103,34.7818199523145,0.236035053293565,209
1438,14,55,3,101,34.6172366192446,0.233951719963565,151
1394,12,56,2,110,34.5255699527246,0.231868386633565,204
1586,19,54,2,102,34.8214032855845,0.231868386633565,191
1544,16,53,3,101,34.8005699522845,0.225618386643565,181
1362,12,56,3,105,34.4714032861446,0.223535053313565,210
1540,15,54,2,98,34.7255699524045,0.223535053313565,163
1558,17,53,4,99,34.8318199522345,0.223535053313565,182
1434,15,56,4,105,34.5818199526346,0.221451719983565,174
1460,19,56,8,96,34.6672366191645,0.219368386653565,194
1548,18,54,5,99,34.7818199523145,0.217285053323565,194
1279,10,54,3,104,34.4026532862547,0.215201719993565,203
1632,17,51,11,96,34.9443199520544,0.215201719993565,239
1295,10,56,4,103,34.4026532862547,0.208951720003565,169
1323,10,57,2,102,34.4630699528246,0.206868386673565,162
1553,21,52,5,98,34.8568199521945,0.206868386673565,300
1600,22,54,7,105,34.9255699520844,0.206868386673565,259
1522,15,54,6,96,34.8359866188945,0.204785053343565,220
1336,11,55,4,98,34.4922366194446,0.200618386683565,198
1509,17,55,5,99,34.6568199525146,0.198535053353565,190
1512,15,55,1,105,34.6734866191545,0.198535053353565,169
1497,16,55,3,100,34.7089032857645,0.198535053353565,187
1336,11,55,4,98,34.4943199527746,0.196451720023565,189
1377,13,55,3,100,34.5276532860546,0.192285053363565,185
1282,13,58,5,101,34.3901532862747,0.190201720033565,193
1505,16,54,3,98,34.7964032856245,0.190201720033565,207
1510,18,56,3,97,34.7255699524045,0.186035053373565,199
1509,19,55,6,99,34.7234866190745,0.181868386713565,181
1417,14,54,5,101,34.5797366193046,0.179785053383565,195
1487,14,55,6,95,34.6464032858646,0.179785053383565,182
1478,15,56,2,98,34.6859866191345,0.179785053383565,185
1476,16,54,6,96,34.6943199524545,0.177701720053565,186
1320,10,57,5,105,34.4359866195347,0.173535053393565,183
1502,16,54,8,98,34.7880699523045,0.171451720063565,188
1513,13,53,3,99,34.8109866189345,0.171451720063565,183
1497,13,54,5,99,34.8130699522645,0.171451720063565,191
1461,19,55,11,98,34.7672366190045,0.167285053403565,218
1461,19,55,11,98,34.7693199523345,0.165201720073565,215
1526,12,53,3,105,34.8151532855945,0.165201720073565,189
1417,13,55,3,96,34.4922366194446,0.161035053413565,188
1402,13,56,3,99,34.5089032860846,0.158951720083566,196
1422,12,55,5,98,34.5359866193746,0.154785053423566,193
1532,15,55,2,100,34.8109866189345,0.154785053423566,197
1431,15,54,6,98,34.5380699527046,0.148535053433566,213
1494,13,54,6,97,34.7005699524445,0.148535053433566,189
1497,14,54,5,95,34.7255699524045,0.146451720103566,185
1368,11,55,3,99,34.5026532860946,0.144368386773566,195
1427,12,56,2,99,34.5276532860546,0.140201720113566,236
1463,13,56,6,95,34.6568199525146,0.140201720113566,190
1529,15,55,4,99,34.7505699523645,0.140201720113566,201
1462,14,56,5,98,34.6297366192246,0.131868386793566,219
1488,12,55,4,101,34.6693199524945,0.131868386793566,178
1419,12,55,7,95,34.4901532861146,0.127701720133566,239
1521,13,56,8,99,34.6859866191345,0.127701720133566,172
1425,12,54,6,97,34.5776532859746,0.125618386803566,228
1417,13,56,4,95,34.4776532861346,0.121451720143566,232
1420,14,56,4,96,34.5609866193346,0.104785053503566,213
