"annual_ppt","elevation","occ","slope","temp_annual_range","treecover","wetness_index","X","Y","k"
1573.68542480469,3841,139,23,17.4913291931152,54,74,34.5901532859546,1.13186838519357,374
1766.00549316406,4040,142,20,17.3471984863281,47,70,34.5964032859446,1.10895171856357,450
1823.12109375,3888,105,24,17.3570079803467,26,70,34.5964032859446,1.09436838525357,449
1742.11865234375,4129,59,19,17.2752590179443,20,69,34.5651532859946,1.09228505192357,459
1807.57116699219,4043,58,27,17.3042984008789,14,69,34.5859866192946,1.09020171859357,466
1506.11853027344,3986,50,21,17.3125877380371,17,72,34.5359866193746,1.08811838526357,458
1914.88854980469,3489,58,11,17.5564060211182,19,75,34.6089032859246,1.06311838530357,439
1946.27282714844,3334,31,1,17.5726432800293,17,80,34.6172366192446,1.04436838533356,427
1991.39196777344,3255,30,6,17.609037399292,21,91,34.6484866191946,1.04228505200356,405
1898.81262207031,3322,32,7,17.5576438903809,32,85,34.6026532859346,1.04020171867356,454
1567.19763183594,3313,42,32,17.4763870239258,22,71,34.4943199527746,1.03603505201356,460
1926.04455566406,3342,32,9,17.565034866333,28,82,34.6047366192646,1.03395171868356,413
1981.72424316406,3274,25,6,17.5882091522217,17,83,34.6318199525546,1.02770171869356,362
2032.02209472656,3025,35,11,17.6110553741455,58,85,34.6589032858446,1.02770171869356,344
2068.79321289062,2812,44,18,17.5836658477783,87,86,34.6776532858145,1.02145171870356,287
1898.8779296875,3096,20,18,17.5599403381348,97,84,34.6005699526046,1.01311838538356,335
1602.89074707031,2900,57,9,17.4299449920654,79,85,34.4922366194446,1.00686838539356,433
1946.35327148438,3075,26,7,17.5684547424316,60,95,34.6172366192446,1.00270171873356,310
2070.24780273438,2987,42,10,17.5887031555176,34,80,34.6693199524945,1.00061838540356,361
1520.77697753906,3008,50,27,17.4568614959717,86,76,34.5234866193946,0.998535052073562,420
2008.15869140625,3070,29,17,17.5571365356445,69,91,34.6297366192246,0.998535052073562,368
2008.45642089844,2926,26,17,17.5515098571777,95,84,34.6422366192046,0.998535052073562,314
1946.1943359375,3137,26,9,17.5290679931641,22,87,34.5714032859846,0.992285052083562,435
2070.75659179688,2857,38,5,17.5433616638184,42,85,34.6776532858145,0.988118385423562,304
1583.14086914062,2943,55,14,17.415922164917,95,81,34.5234866193946,0.977701718773562,394
1874.90393066406,3065,20,4,17.4841747283936,28,88,34.5547366193446,0.977701718773562,386
2074.43090820312,2753,31,13,17.5291576385498,93,90,34.6839032858045,0.977701718773562,328
2085.51123046875,2786,25,5,17.52370262146,97,97,34.6672366191645,0.971451718783563,299
1573.01086425781,2696,55,21,17.3058948516846,83,91,34.4984866194346,0.965201718793563,414
1962.08569335938,2887,32,3,17.5035152435303,18,96,34.6339032858846,0.965201718793563,337
1893.98901367188,2959,34,7,17.4788131713867,30,84,34.5964032859446,0.963118385463563,339
1599.14013671875,2697,51,22,17.2901210784912,91,87,34.4943199527746,0.958951718803563,444
2094.24169921875,2802,37,13,17.5091724395752,93,88,34.6589032858446,0.952701718813563,297
2032.35412597656,2506,40,12,17.5097579956055,45,93,34.7255699524045,0.942285052163563,286
1729.80090332031,2640,44,15,17.2805519104004,97,88,34.5172366194046,0.940201718833563,416
1756.14807128906,2653,43,16,17.3354911804199,98,85,34.5464032860246,0.940201718833563,407
1681.9873046875,2646,50,15,17.2497444152832,94,89,34.5005699527646,0.938118385503563,411
1738.98461914062,2633,46,19,17.3430004119873,97,84,34.5547366193446,0.938118385503563,421
1647.11413574219,2693,41,24,17.3614063262939,79,84,34.5755699526446,0.938118385503563,408
1986.30163574219,2623,48,23,17.456714630127,72,84,34.6630699525046,0.931868385513563,305
1752.74780273438,2658,38,10,17.3046436309814,97,83,34.5380699527046,0.927701718853563,388
1859.810546875,2676,31,6,17.4022006988525,80,82,34.6089032859246,0.925618385523563,353
1908.40869140625,2447,48,7,17.4504203796387,98,82,34.6859866191345,0.923535052193563,351
2024.74523925781,2607,36,5,17.4278907775879,73,76,34.6422366192046,0.919368385533563,291
2027.4892578125,2482,30,18,17.4814605712891,68,88,34.7068199524345,0.917285052203563,315
1828.02526855469,2486,41,13,17.3504848480225,61,83,34.6089032859246,0.913118385543563,334
1926.45263671875,2543,33,12,17.2529430389404,98,87,34.5380699527046,0.906868385553563,387
1834.63891601562,2477,35,3,17.2617645263672,99,94,34.5609866193346,0.906868385553563,368
1978.35327148438,2478,35,11,17.4129409790039,55,90,34.6547366191846,0.900618385563563,330
1987.44787597656,2371,28,12,17.5392265319824,98,85,34.7130699524245,0.900618385563563,446
1455.31921386719,2173,34,21,17.4703769683838,95,90,34.4568199528346,0.898535052233563,452
1730.37097167969,2384,30,13,17.3345355987549,57,90,34.5755699526446,0.896451718903563,347
1799.5810546875,2357,34,7,17.3409271240234,40,90,34.5943199526146,0.896451718903563,380
1799.59521484375,2195,24,12,17.7058601379395,98,85,34.7005699524445,0.896451718903563,426
1840.5517578125,2335,34,4,17.3694496154785,63,87,34.6068199525946,0.894368385573563,390
1780.22314453125,2438,34,14,17.2099208831787,92,94,34.4901532861146,0.892285052243563,354
1799.5810546875,2357,34,7,17.3409271240234,40,90,34.5943199526146,0.892285052243563,366
1881.42639160156,2383,35,12,17.3937759399414,15,93,34.6068199525946,0.890201718913563,356
1581.9541015625,2204,33,12,17.4211177825928,95,84,34.5193199527346,0.888118385583563,448
1739.87097167969,2199,27,15,17.791072845459,97,87,34.6859866191345,0.888118385583563,401
1196.04016113281,1771,23,2,18.698184967041,26,108,35.0234866185944,0.888118385583563,320
1892.5517578125,2098,31,4,18.1134147644043,19,89,34.7776532856545,0.883951718923563,432
1600.96691894531,2338,40,6,17.3380699157715,41,85,34.4693199528146,0.881868385593563,346
1913.92260742188,2144,36,6,17.9580974578857,16,87,34.7339032857245,0.881868385593563,406
1768.34985351562,1950,25,5,18.3152503967285,15,91,34.7880699523045,0.881868385593563,359
1278.41101074219,1785,23,3,18.6866264343262,12,104,35.0130699519444,0.875618385603563,294
1969.23059082031,2285,26,5,17.59494972229,99,80,34.6589032858446,0.873535052273563,410
1766.4619140625,1994,28,11,18.3233318328857,18,90,34.7797366189845,0.873535052273563,360
1341.54040527344,1813,22,4,18.6665878295898,8,103,35.0005699519644,0.871451718943563,301
1815.68054199219,2101,24,10,17.8989543914795,45,92,34.6797366191445,0.869368385613563,381
1830.49865722656,2119,25,9,18.0007724761963,96,88,34.7130699524245,0.869368385613563,399
1466.57348632812,2172,43,21,17.5989665985107,16,78,34.4568199528346,0.867285052283563,389
1724.41357421875,2251,40,16,17.5453968048096,18,91,34.5797366193046,0.867285052283563,390
1821.27770996094,1998,27,11,18.2323226928711,15,91,34.7547366190245,0.867285052283563,369
1151.13891601562,1744,20,5,18.7202472686768,15,109,34.9714032853444,0.867285052283563,284
1564.51013183594,2173,29,21,17.516284942627,98,84,34.4734866194746,0.865201718953563,349
1351.80932617188,1817,21,2,18.6657543182373,7,107,34.9964032853044,0.861035052293563,317
1377.94287109375,1849,23,3,18.627571105957,8,107,35.0776532851743,0.861035052293563,400
1204.79113769531,1754,19,1,18.6995506286621,27,106,34.9797366186644,0.858951718963563,233
1149.20971679688,1823,21,16,18.6482219696045,12,100,35.1089032851243,0.856868385633563,313
1261.0810546875,1818,18,5,18.6576728820801,14,102,35.0651532851944,0.854785052303563,310
1193.02026367188,1490,22,7,17.8485813140869,39,92,34.4255699528847,0.850618385643563,288
1861.04809570312,2188,40,9,17.6973609924316,15,88,34.6089032859246,0.850618385643563,411
1211.271484375,1794,22,1,18.672212600708,23,102,35.0464032852244,0.850618385643563,306
1235.89489746094,1805,23,5,18.6654453277588,17,102,35.0568199518744,0.850618385643563,304
1341.17858886719,1836,35,12,17.9163608551025,24,81,34.4693199528146,0.848535052313563,366
1791.66528320312,2083,39,14,17.8504161834717,18,87,34.6130699525846,0.846451718983563,402
1512.486328125,2044,33,6,17.6793937683105,85,90,34.5276532860546,0.844368385653563,360
1997.80456542969,2209,46,19,17.523006439209,24,86,34.5547366193446,0.844368385653563,375
1816.55603027344,1976,31,3,18.1862907409668,31,93,34.7005699524445,0.844368385653563,307
1612.70361328125,2181,44,17,17.6224956512451,34,84,34.5359866193746,0.842285052323563,403
1817.36206054688,2068,37,12,18.0085926055908,16,88,34.6672366191645,0.842285052323563,383
1251.97277832031,1659,29,8,17.9296932220459,20,84,34.4547366195047,0.840201718993563,263
1919.49926757812,2177,49,15,17.7010593414307,26,95,34.5714032859846,0.840201718993563,425
1783.97302246094,2019,35,11,18.0456352233887,28,88,34.6505699525246,0.840201718993563,397
1743.59497070312,2003,30,10,18.0930976867676,24,89,34.6589032858446,0.840201718993563,398
1230.74584960938,1771,20,4,18.6995697021484,21,103,35.0276532852544,0.840201718993563,295
1644.93115234375,1774,29,25,18.4618091583252,48,89,34.7339032857245,0.838118385663563,278
1156.05603027344,1531,16,12,17.8236408233643,18,96,34.4318199528747,0.836035052333563,227
1166.52258300781,1563,22,7,17.8446254730225,22,94,34.4401532861947,0.836035052333563,265
1694.30871582031,1827,37,17,18.3922748565674,29,90,34.7276532857345,0.836035052333563,269
1313.87451171875,1702,18,2,18.5726337432861,39,97,34.7776532856545,0.836035052333563,371
1548.97827148438,1744,21,4,18.5187339782715,12,91,34.7464032857045,0.833951719003563,259
1387.70397949219,1835,42,27,17.94482421875,16,87,34.5214032860646,0.831868385673563,397
1731.83642578125,1932,33,13,18.1604518890381,19,88,34.6547366191846,0.831868385673563,332
1375.94653320312,1808,13,7,18.6681957244873,13,95,34.9776532853344,0.831868385673563,272
1766.4443359375,1996,44,13,18.0211620330811,33,85,34.6151532859146,0.829785052343563,327
1375.94653320312,1808,13,7,18.6681957244873,13,95,34.9734866186744,0.825618385683563,249
1992.89916992188,2026,38,18,17.8250694274902,13,92,34.5797366193046,0.823535052353563,325
1536.68786621094,1739,21,3,18.485050201416,16,96,34.7276532857345,0.823535052353563,252
1250.7568359375,1754,18,3,18.7174301147461,9,98,34.9859866186544,0.823535052353563,318
1158.62231445312,1775,19,4,18.7121772766113,16,106,35.0443199518944,0.821451719023563,271
1129.00122070312,1839,12,4,18.6603889465332,0,109,35.1276532850943,0.821451719023563,370
1699.7626953125,1855,36,17,18.3136234283447,18,83,34.6839032858045,0.819368385693563,274
1569.70703125,1738,20,2,18.5020732879639,22,106,34.7297366190645,0.817285052363563,242
1439.66674804688,1739,17,5,18.6436023712158,20,104,34.8630699521845,0.817285052363563,281
1192.62854003906,1816,22,1,18.6663436889648,16,110,35.1089032851243,0.817285052363563,373
1490.25537109375,1713,32,15,17.974048614502,42,81,34.4922366194446,0.815201719033563,314
1280.6416015625,1639,20,3,18.0289096832275,25,90,34.5172366194046,0.815201719033563,341
1687.25244140625,1936,42,31,18.1607551574707,27,79,34.6047366192646,0.815201719033563,315
1350.72253417969,1686,18,6,18.5912380218506,19,104,34.8109866189345,0.815201719033563,303
1276.99914550781,1761,17,8,18.7055149078369,24,95,34.9547366187044,0.815201719033563,280
1191.06921386719,1819,16,6,18.6751842498779,24,107,35.0776532851743,0.815201719033563,348
1624.18017578125,1810,34,20,18.324333190918,14,87,34.6651532858345,0.813118385703563,290
1270.46459960938,1705,21,5,18.6329784393311,16,105,34.8443199522145,0.813118385703563,292
1085.74658203125,1420,15,10,17.793062210083,9,101,34.4255699528847,0.811035052373563,190
1330.05651855469,1630,20,8,17.8733196258545,16,86,34.4651532861546,0.811035052373563,248
1197.7265625,1770,22,3,18.7068729400635,11,106,35.0401532852344,0.811035052373563,281
1116.38354492188,1390,11,5,17.7800159454346,19,96,34.4151532862347,0.808951719043563,225
1502.97509765625,1736,29,19,17.9988346099854,22,81,34.5026532860946,0.808951719043563,282
1669.01013183594,1729,23,6,18.4314804077148,35,94,34.6964032857845,0.808951719043563,248
1547.69458007812,1776,14,3,18.6316833496094,7,103,34.8734866188344,0.808951719043563,253
1109.21496582031,1825,22,4,18.656322479248,9,111,35.1339032850843,0.808951719043563,358
1518.91772460938,1733,23,3,18.4131507873535,26,97,34.6922366191245,0.806868385713563,275
1298.23864746094,1677,20,6,18.5809669494629,16,105,34.8109866189345,0.806868385713563,293
1162.29907226562,1712,22,1,18.7419414520264,21,101,34.9839032853244,0.806868385713563,367
1285.91284179688,1808,20,2,18.6827049255371,10,104,35.0234866185944,0.806868385713563,273
1946.74829101562,2099,39,13,17.7646999359131,27,72,34.5547366193446,0.804785052383563,343
1333.67614746094,1685,19,3,18.5235481262207,22,106,34.7651532856745,0.804785052383563,247
1141.20227050781,1374,12,6,17.7467784881592,16,100,34.4047366195847,0.802701719053563,219
1415.41247558594,1706,17,5,18.5754585266113,12,108,34.8026532856145,0.800618385723563,222
1113.18737792969,1847,20,4,18.6465644836426,9,111,35.1443199517343,0.800618385723563,428
1374.94616699219,1693,15,2,18.6391201019287,16,102,34.8547366188645,0.798535052393563,211
1166.97021484375,1688,21,5,18.7011127471924,14,102,34.9234866187544,0.798535052393563,330
1389.21862792969,1800,18,4,18.6715774536133,12,107,35.0339032852444,0.798535052393563,285
1437.62951660156,1656,26,6,18.2265338897705,37,90,34.6172366192446,0.796451719063563,207
1493.94396972656,1691,21,4,18.4119033813477,49,98,34.7005699524445,0.796451719063563,238
1460.03540039062,1684,20,4,18.5065078735352,24,110,34.7589032856845,0.796451719063563,266
1154.64367675781,1747,15,4,18.7241363525391,13,102,35.0026532852944,0.796451719063563,246
1374.94616699219,1693,15,2,18.6391201019287,16,102,34.8568199521945,0.794368385733563,204
1279.70483398438,1684,19,4,18.6874866485596,24,104,34.9068199521144,0.794368385733563,312
1233.92846679688,1710,18,3,18.7218036651611,13,105,34.9484866187144,0.794368385733563,279
1119.11682128906,1844,18,4,18.6482448577881,4,112,35.1380699517443,0.794368385733563,396
1499.71655273438,1690,18,5,18.442455291748,19,107,34.7193199524145,0.792285052403563,218
1273.70495605469,1495,16,4,17.7245845794678,21,104,34.4380699528647,0.790201719073563,199
1285.05126953125,1520,16,7,17.797191619873,28,92,34.4734866194746,0.788118385743563,216
1838.62414550781,1805,34,29,18.0784397125244,43,76,34.5776532859746,0.788118385743563,289
1280.83117675781,1689,21,3,18.6819553375244,16,106,34.9047366187844,0.786035052413563,250
1255.74475097656,1469,14,3,17.7022972106934,9,110,34.4255699528847,0.783951719083563,205
1287.63586425781,1606,15,7,17.8628387451172,11,97,34.4943199527746,0.783951719083563,229
1520.38061523438,1697,19,3,18.4863681793213,19,112,34.7484866190345,0.783951719083563,251
1157.38073730469,1701,20,2,18.7360801696777,36,104,34.9714032853444,0.783951719083563,311
1071.78063964844,1339,9,5,17.6538543701172,17,106,34.3818199529547,0.781868385753563,213
1111.59545898438,1782,15,2,18.7026805877686,13,108,35.0901532851543,0.781868385753563,438
1308.49169921875,1486,16,7,17.7101230621338,16,104,34.4401532861947,0.779785052423563,214
1217.86889648438,1482,15,5,17.7806282043457,28,96,34.4714032861446,0.779785052423563,219
1078.06994628906,1306,8,7,17.6294174194336,16,103,34.3693199529747,0.777701719093563,225
1226.96984863281,1405,12,7,17.6544284820557,17,102,34.3964032862647,0.777701719093563,200
1387.0537109375,1639,18,5,18.2633056640625,26,105,34.6464032858646,0.777701719093563,177
1161.47888183594,1736,15,5,18.7342548370361,11,97,35.0026532852944,0.775618385763563,231
1195.21447753906,1774,18,7,18.7154026031494,12,96,35.0047366186244,0.773535052433563,239
1086.72180175781,1768,22,3,18.7307415008545,10,106,35.0755699518444,0.773535052433563,424
1217.7763671875,1579,14,9,17.8632431030273,17,95,34.5047366194246,0.771451719103563,210
1377.41796875,1617,17,5,18.2423686981201,18,106,34.6464032858646,0.771451719103563,147
1217.7763671875,1579,14,9,17.8632431030273,17,95,34.5047366194246,0.769368385773563,205
1429.26379394531,1673,21,3,18.6744537353516,22,102,34.9109866187744,0.769368385773563,233
1156.0400390625,1848,16,5,18.6564846038818,4,106,35.1068199517943,0.767285052443563,396
1551.42517089844,1643,22,4,18.0472984313965,35,89,34.5672366193246,0.765201719113563,217
1110.62438964844,1678,22,3,18.7122535705566,12,106,34.9568199520344,0.765201719113563,237
1113.78100585938,1719,16,5,18.7422943115234,11,98,34.9964032853044,0.763118385783563,258
1177.16345214844,1872,17,5,18.6365947723389,7,106,35.1047366184643,0.763118385783563,431
1508.48559570312,1712,19,0,18.5228061676025,19,111,34.7880699523045,0.761035052453563,180
1331.91418457031,1713,16,4,18.6367454528809,16,104,34.8755699521644,0.761035052453563,224
1303.97692871094,1649,22,2,18.4668273925781,14,112,34.7651532856745,0.758951719123563,160
1175.49584960938,1645,15,3,18.5922393798828,14,106,34.8464032855445,0.758951719123563,195
1124.12768554688,1708,16,5,18.7267475128174,8,102,34.9734866186744,0.758951719123563,256
1236.67492675781,1895,20,5,18.613109588623,8,108,35.1214032851043,0.758951719123563,443
1228.69360351562,1424,12,7,17.7145118713379,13,97,34.4568199528346,0.756868385793563,222
1639.26733398438,1621,19,3,18.0639476776123,33,92,34.5859866192946,0.756868385793563,199
1583.25854492188,1608,15,1,18.1524658203125,37,113,34.6276532858946,0.756868385793563,125
1174.61462402344,1523,17,10,17.7555198669434,11,99,34.4943199527746,0.754785052463563,180
1609.86535644531,1627,19,2,18.0433578491211,18,92,34.5776532859746,0.752701719133563,200
1382.04724121094,1661,19,6,18.3871612548828,20,104,34.7276532857345,0.752701719133563,229
1302.23425292969,1645,14,6,18.5375308990479,11,107,34.8151532855945,0.752701719133563,172
1076.47094726562,1646,23,3,18.7066955566406,13,107,34.9547366187044,0.752701719133563,241
1572.48400878906,1678,20,2,18.44260597229,29,116,34.7464032857045,0.750618385803563,230
1162.607421875,1639,15,4,18.5850372314453,14,106,34.8526532855345,0.750618385803563,215
1617.09924316406,1594,18,2,18.1320819854736,28,111,34.6234866192346,0.748535052473563,132
1169.64562988281,1659,26,5,18.7197532653809,12,98,34.9755699520044,0.748535052473563,257
1213.03356933594,1627,14,4,18.340482711792,19,103,34.7172366190845,0.746451719143563,124
1490.82397460938,1714,16,5,18.6438827514648,21,101,34.8901532854744,0.746451719143563,232
1152.82336425781,1468,14,6,17.7124767303467,30,103,34.4630699528246,0.744368385813563,208
1720.38439941406,1704,19,9,17.9430732727051,22,87,34.5318199527146,0.744368385813563,178
1410.22155761719,1622,20,1,18.4464092254639,22,112,34.7651532856745,0.744368385813563,182
1290.51538085938,1561,16,3,18.1642208099365,35,103,34.6526532858546,0.742285052483563,124
1221.73400878906,1659,20,5,18.6801509857178,12,100,34.9318199520744,0.742285052483563,224
1248.08520507812,1391,12,5,17.658935546875,17,107,34.4401532861947,0.740201719153563,210
1186.38208007812,1407,12,6,17.6753005981445,8,109,34.4464032861847,0.740201719153563,201
1395.47668457031,1670,17,6,18.3976249694824,12,105,34.7422366190445,0.740201719153563,130
1531.01489257812,1678,20,3,18.420482635498,28,111,34.7464032857045,0.740201719153563,154
1282.93395996094,1689,22,4,18.7231311798096,8,94,34.9922366186444,0.740201719153563,345
1159.18859863281,1673,23,5,18.7351531982422,13,98,34.9984866186344,0.740201719153563,319
1145.07885742188,1380,10,3,17.6974277496338,15,99,34.4589032861646,0.738118385823563,203
1321.85388183594,1605,19,5,18.4862823486328,22,111,34.7964032856245,0.738118385823563,185
1334.12341308594,1705,22,4,18.706880569458,23,94,34.9734866186744,0.738118385823563,237
1334.12341308594,1705,22,4,18.706880569458,23,94,34.9755699520044,0.738118385823563,244
1055.75476074219,1690,18,7,18.751880645752,15,96,35.0297366185844,0.738118385823563,268
1262.23449707031,1683,16,4,18.6050682067871,10,103,34.8651532855145,0.736035052493563,216
1187.54699707031,1917,18,5,18.6146259307861,5,111,35.1401532850743,0.736035052493563,429
1321.83581542969,1514,18,3,18.1447563171387,21,102,34.6484866191946,0.733951719163563,109
1586.49487304688,1572,16,3,18.0308494567871,25,105,34.6026532859346,0.731868385833563,117
1595.61511230469,1669,18,4,18.4416732788086,20,116,34.7651532856745,0.731868385833563,184
1186.75805664062,1376,9,3,17.6488304138184,11,106,34.4380699528647,0.729785052503563,184
1300.36926269531,1554,17,13,17.6957702636719,13,92,34.4859866194546,0.729785052503563,155
1076.71813964844,1737,17,3,18.7459812164307,11,102,35.0214032852644,0.727701719173563,333
1186.75805664062,1376,9,3,17.6488304138184,11,106,34.4422366195247,0.725618385843563,218
1441.71508789062,1658,17,5,18.4053115844727,20,109,34.7484866190345,0.725618385843563,144
1164.65222167969,1640,14,4,18.5479793548584,16,109,34.8443199522145,0.725618385843563,213
1161.34948730469,1894,22,3,18.6241779327393,27,110,35.1443199517343,0.725618385843563,441
1545.44848632812,1549,16,2,18.1090087890625,18,114,34.6380699525446,0.723535052513563,127
1136.697265625,1508,16,4,18.1892433166504,20,106,34.6797366191445,0.723535052513563,116
1350.43713378906,1526,14,4,17.8779602050781,33,92,34.5609866193346,0.721451719183563,168
1218.25622558594,1607,14,3,18.281810760498,23,109,34.7068199524345,0.721451719183563,130
1181.39318847656,1856,33,7,18.6496391296387,58,99,35.0526532852144,0.721451719183563,302
1284.62145996094,1884,23,2,18.6216678619385,13,107,35.0589032852044,0.721451719183563,326
1296.84497070312,1885,21,3,18.6252918243408,21,108,35.0734866185144,0.721451719183563,384
1264.13598632812,1627,15,4,18.3656234741211,19,108,34.7401532857145,0.719368385853563,179
1221.5166015625,1849,24,3,18.6405029296875,6,110,35.0859866184943,0.719368385853563,379
1420.40148925781,1524,12,6,17.7730255126953,9,91,34.5255699527246,0.717285052523563,149
1183.52954101562,1507,16,4,18.1686534881592,32,110,34.6776532858145,0.717285052523563,118
1136.697265625,1508,16,4,18.1892433166504,20,106,34.6839032858045,0.717285052523563,132
1285.07690429688,1519,17,7,17.8494243621826,16,94,34.5609866193346,0.715201719193563,162
1641.59350585938,1618,16,3,17.9428882598877,19,101,34.5755699526446,0.715201719193563,119
1578.0244140625,1548,17,2,17.9879302978516,16,105,34.6005699526046,0.715201719193563,131
1391.29467773438,1680,13,3,18.6170349121094,9,99,34.8901532854744,0.715201719193563,228
1240.06323242188,1882,21,4,18.6269912719727,13,113,35.0839032851643,0.715201719193563,423
1309.4521484375,1497,14,2,17.6925354003906,16,96,34.4964032861046,0.713118385863563,198
1668.54418945312,1577,15,2,17.9752368927002,11,106,34.5901532859546,0.711035052533563,121
1190.91711425781,1373,15,3,17.6393089294434,21,108,34.4547366195047,0.708951719203563,195
1256.80969238281,1502,16,3,18.1568641662598,15,110,34.6714032858245,0.708951719203563,116
1375.63427734375,1699,16,2,18.5971927642822,10,103,34.8734866188344,0.708951719203563,211
1188.83435058594,1855,26,3,18.6405811309814,82,105,35.0484866185544,0.708951719203563,279
1275.0830078125,1493,11,5,17.7126960754395,11,99,34.5193199527346,0.706868385873563,160
1601.40588378906,1670,18,1,18.4547290802002,16,115,34.7880699523045,0.706868385873563,215
1156.7685546875,1488,16,2,18.1843128204346,27,109,34.6922366191245,0.704785052543563,125
1469.64721679688,1846,18,2,18.6010608673096,10,113,34.9839032853244,0.704785052543563,378
1214.68603515625,1638,15,7,18.295316696167,9,99,34.7276532857345,0.702701719213564,141
1557.17700195312,1655,17,3,18.4221572875977,30,113,34.7734866189945,0.702701719213564,196
1349.63269042969,1681,14,4,18.5865535736084,11,104,34.8734866188344,0.702701719213564,215
1121.61975097656,1638,21,4,18.6429004669189,14,101,34.9255699520844,0.702701719213564,234
1158.2216796875,1579,14,4,18.4989185333252,22,107,34.8359866188945,0.700618385883564,178
1406.15856933594,1530,18,4,18.1116981506348,16,112,34.6672366191645,0.698535052553564,114
1299.83312988281,1585,15,3,18.4792976379395,17,107,34.8276532855745,0.698535052553564,163
1311.693359375,1827,26,3,18.6145801544189,7,101,34.9734866186744,0.698535052553564,402
1384.12194824219,1867,23,2,18.6088905334473,14,114,35.0172366186044,0.698535052553564,453
1189.20837402344,1393,9,3,17.6586971282959,9,101,34.4839032861246,0.694368385893564,198
1332.72204589844,1529,17,3,18.1538944244385,19,112,34.6859866191345,0.694368385893564,112
1237.32849121094,1501,15,2,18.1703796386719,16,111,34.6901532857945,0.694368385893564,120
1174.4716796875,1627,18,4,18.6035499572754,22,102,34.8984866187944,0.694368385893564,194
1422.28625488281,1856,17,1,18.6035594940186,7,110,34.9964032853044,0.694368385893564,445
1246.75268554688,1886,17,2,18.6184787750244,17,117,35.0568199518744,0.694368385893564,298
1524.81921386719,1668,20,4,18.3562660217285,15,117,34.7464032857045,0.690201719233564,165
1199.98046875,1589,15,4,18.4805946350098,31,106,34.8339032855645,0.690201719233564,178
1616.00695800781,1537,18,2,17.9300975799561,17,110,34.6026532859346,0.688118385903564,136
1597.68579101562,1635,16,3,18.3699588775635,14,109,34.7568199523545,0.688118385903564,162
1333.01770019531,1841,20,0,18.6051216125488,11,112,34.9901532853144,0.688118385903564,395
1501.72680664062,1639,18,3,18.425464630127,19,108,34.7922366189645,0.686035052573564,161
1157.01403808594,1339,12,3,17.562593460083,20,110,34.4401532861947,0.683951719243564,180
1699.62451171875,1571,17,2,17.9005661010742,17,111,34.5839032859646,0.683951719243564,157
1458.07556152344,1550,18,4,17.7912101745605,13,101,34.5609866193346,0.681868385913564,160
1583.81213378906,1560,18,2,18.0070781707764,15,112,34.6297366192246,0.681868385913564,123
1563.49389648438,1643,15,1,18.4472827911377,20,112,34.8109866189345,0.681868385913564,164
1264.90148925781,1852,20,3,18.6176605224609,52,110,35.0172366186044,0.681868385913564,369
1156.31982421875,1340,10,4,17.5603656768799,19,110,34.4505699528447,0.679785052583564,175
1085.01904296875,1470,15,1,18.2133102416992,18,104,34.7193199524145,0.679785052583564,137
1170.11730957031,1345,11,2,17.5761451721191,26,111,34.4568199528346,0.677701719253564,165
1158.67749023438,1595,13,5,18.5170555114746,15,101,34.8547366188645,0.677701719253564,177
1239.54675292969,1885,19,2,18.6210346221924,7,113,35.0630699518644,0.677701719253564,406
1278.87121582031,1914,18,3,18.6138706207275,11,115,35.0964032851443,0.677701719253564,407
1156.31982421875,1340,10,4,17.5603656768799,19,110,34.4526532861747,0.675618385923564,167
1227.14233398438,1569,16,4,18.4698505401611,16,105,34.8318199522345,0.675618385923564,193
1179.81970214844,1600,15,5,18.5035552978516,33,102,34.8505699522045,0.675618385923564,183
1135.36999511719,1604,20,2,18.6031303405762,19,104,34.9109866187744,0.675618385923564,206
1410.13525390625,1544,18,5,17.7379245758057,14,98,34.5505699526846,0.673535052593564,158
1431.22692871094,1520,17,1,17.7636947631836,27,102,34.5589032860046,0.673535052593564,147
1480.8759765625,1617,14,2,18.3827171325684,30,110,34.7839032856445,0.673535052593564,187
1424.21228027344,1336,10,6,17.4669456481934,23,95,34.4234866195547,0.669368385933564,159
1626.97802734375,1649,19,4,18.3532848358154,23,106,34.7547366190245,0.669368385933564,156
1139.42163085938,1730,18,2,18.6573047637939,23,99,34.9401532853944,0.667285052603564,235
1501.79821777344,1507,17,5,17.9360275268555,27,107,34.6214032859046,0.665201719273564,107
1129.2666015625,1528,16,4,18.2225494384766,15,101,34.7297366190645,0.665201719273564,116
1566.84106445312,1640,17,2,18.4427814483643,19,110,34.8151532855945,0.663118385943564,192
1348.91625976562,1894,21,3,18.6076927185059,9,112,35.0526532852144,0.663118385943564,313
1193.74340820312,1807,22,2,18.6358833312988,12,97,34.9943199519744,0.661035052613564,410
1139.23132324219,1694,20,5,18.6376190185547,21,101,34.9297366187444,0.658951719283564,232
1283.8388671875,1891,19,0,18.620304107666,12,116,35.0651532851944,0.658951719283564,418
1692.30554199219,1664,16,5,18.3509159088135,19,103,34.7630699523445,0.656868385953564,171
1150.67492675781,1640,18,7,18.5879135131836,20,99,34.9047366187844,0.656868385953564,223
1207.14965820312,1886,27,3,18.6456336975098,8,112,35.1068199517943,0.656868385953564,398
1119.16442871094,1691,15,7,18.6405906677246,12,100,34.9422366187244,0.654785052623564,244
1248.22790527344,1807,23,4,18.6121940612793,15,98,34.9922366186444,0.654785052623564,395
1458.62255859375,1525,14,3,17.5795841217041,13,101,34.5193199527346,0.648535052633564,184
1393.66723632812,1490,15,6,17.6555919647217,12,97,34.5443199526946,0.648535052633564,156
1720.3505859375,1553,19,3,17.8465366363525,13,102,34.6026532859346,0.648535052633564,147
1479.6494140625,1496,16,4,18.0253124237061,15,112,34.6651532858345,0.648535052633564,119
1513.85400390625,1597,19,7,17.698070526123,16,87,34.5464032860246,0.644368385973564,153
1298.05993652344,1478,16,3,18.0814361572266,25,109,34.6797366191445,0.644368385973564,110
1320.93041992188,1484,16,3,18.1190395355225,16,113,34.7026532857745,0.644368385973564,106
1323.20397949219,1899,26,2,18.6202220916748,59,114,35.0568199518744,0.644368385973564,338
1323.20397949219,1899,26,2,18.6202220916748,59,114,35.0589032852044,0.644368385973564,325
1369.05859375,1473,14,10,17.5463180541992,16,95,34.4964032861046,0.642285052643564,195
1102.87866210938,1615,14,3,18.6106948852539,15,99,34.9318199520744,0.640201719313564,254
1413.29870605469,1465,17,2,17.63796043396,30,101,34.5443199526946,0.638118385983564,174
1728.8046875,1524,16,6,17.7769355773926,11,92,34.5859866192946,0.638118385983564,159
1518.54467773438,1495,15,4,18.0110836029053,37,112,34.6693199524945,0.638118385983564,113
1335.05834960938,1341,9,1,17.3864002227783,10,113,34.4255699528847,0.636035052653564,167
1617.95568847656,1517,18,4,17.8911590576172,18,106,34.6214032859046,0.636035052653564,142
1124.76928710938,1456,17,1,18.1619682312012,43,109,34.7193199524145,0.636035052653564,107
1129.10949707031,1710,19,2,18.6670932769775,19,99,34.9693199520144,0.636035052653564,267
1246.69934082031,1885,16,3,18.6422672271729,7,101,35.0547366185444,0.636035052653564,377
1728.8046875,1524,16,6,17.7769355773926,11,92,34.5818199526346,0.633951719323564,155
1128.20776367188,1620,15,7,18.6001815795898,14,99,34.9214032854244,0.633951719323564,261
1106.09704589844,1474,17,2,18.1858749389648,22,106,34.7339032857245,0.631868385993564,110
1293.89428710938,1556,22,17,18.2493286132812,29,92,34.7609866190145,0.631868385993564,144
1151.69677734375,1822,21,4,18.6729202270508,25,105,35.0714032851844,0.631868385993564,303
1151.69677734375,1822,21,4,18.6729202270508,25,105,35.0734866185144,0.631868385993564,322
1544.35205078125,1499,17,2,17.9978065490723,16,114,34.6630699525046,0.627701719333564,123
1265.07763671875,1475,15,3,18.1014232635498,18,115,34.7026532857745,0.627701719333564,131
1460.71069335938,1468,16,4,17.622220993042,12,103,34.5401532860346,0.625618386003564,159
1632.06396484375,1506,18,4,17.8743133544922,15,106,34.6255699525646,0.625618386003564,127
1340.396484375,1317,9,2,17.3787021636963,11,111,34.4339032862047,0.623535052673564,171
1499.86389160156,1479,16,3,17.9402961730957,17,110,34.6505699525246,0.623535052673564,122
1246.08581542969,1464,16,3,18.0706920623779,16,113,34.6922366191245,0.623535052673564,121
1607.04016113281,1505,16,5,17.5709037780762,12,103,34.5339032860446,0.621451719343564,132
1291.45874023438,1323,11,4,17.427038192749,11,106,34.4484866195147,0.619368386013564,175
1128.25317382812,1487,16,2,18.191032409668,16,105,34.7380699523845,0.619368386013564,118
1312.15246582031,1704,17,4,18.5573654174805,13,98,34.8901532854744,0.619368386013564,227
1107.90991210938,1702,21,6,18.6538848876953,21,102,34.9651532853544,0.619368386013564,300
1397.27453613281,1310,9,3,17.2307987213135,6,105,34.3901532862747,0.615201719353564,152
1381.79565429688,1289,11,1,17.2605609893799,12,109,34.3984866195947,0.613118386023564,167
1580.50793457031,1481,17,5,17.5503578186035,16,100,34.5297366193846,0.608951719363564,133
1563.61169433594,1489,16,2,17.935474395752,10,125,34.6547366191846,0.608951719363564,114
1393.23657226562,1462,16,3,17.9964733123779,12,113,34.6734866191545,0.608951719363564,107
1354.39147949219,1529,22,10,18.2468757629395,17,91,34.7776532856545,0.608951719363564,140
1304.02661132812,1280,9,4,17.222635269165,8,108,34.3922366196047,0.602701719373564,164
1332.50329589844,1432,17,10,17.531909942627,12,93,34.5193199527346,0.602701719373564,174
1462.84326171875,1555,18,8,18.3017959594727,14,92,34.7901532856345,0.602701719373564,142
1383.50817871094,1464,15,6,17.5329303741455,11,96,34.5214032860646,0.596451719383564,176
1327.044921875,1511,15,0,18.1447353363037,21,114,34.7380699523845,0.596451719383564,160
1295.89367675781,1269,10,1,17.1984996795654,18,115,34.3943199529347,0.594368386053564,165
1175.12451171875,1355,14,5,17.5131340026855,17,100,34.5047366194246,0.592285052723564,161
1606.17114257812,1497,15,4,17.7735900878906,12,106,34.6151532859146,0.592285052723564,106
1331.34704589844,1290,11,2,17.2532520294189,15,115,34.4172366195647,0.590201719393564,158
1218.46740722656,1320,13,3,17.4513339996338,17,107,34.4797366194646,0.590201719393564,150
1319.75720214844,1498,15,2,18.1164569854736,14,114,34.7339032857245,0.590201719393564,145
1375.78942871094,1494,15,1,18.1352481842041,24,113,34.7401532857145,0.590201719393564,152
1420.33068847656,1503,14,4,18.1759452819824,18,108,34.7609866190145,0.590201719393564,148
1223.78601074219,1394,15,4,17.5227355957031,11,98,34.5172366194046,0.588118386063564,200
1636.88391113281,1492,19,3,17.826868057251,16,109,34.6339032858846,0.586035052733564,112
1504.61535644531,1452,17,1,17.8506183624268,16,108,34.6422366192046,0.581868386073564,109
1307.02905273438,1267,10,3,17.2089290618896,13,116,34.4068199529147,0.579785052743564,175
1176.84313964844,1308,13,3,17.4153804779053,18,110,34.4734866194746,0.579785052743564,189
1310.44604492188,1466,17,3,18.0458755493164,28,114,34.7068199524345,0.579785052743564,160
1461.34826660156,1509,15,4,18.1647777557373,14,110,34.7547366190245,0.579785052743564,151
1148.16857910156,1612,16,4,18.4364738464355,18,106,34.8651532855145,0.573535052753564,202
1426.52600097656,1505,15,0,18.1131839752197,14,116,34.7443199523745,0.571451719423564,138
1166.94299316406,1347,13,3,17.5012683868408,11,101,34.5193199527346,0.569368386093564,122
1092.44396972656,1461,16,2,18.2286128997803,15,105,34.7859866189745,0.567285052763564,117
1254.6875,1249,13,1,17.1437854766846,25,113,34.3964032862647,0.563118386103564,169
1220.05004882812,1264,13,3,17.1943340301514,14,112,34.4151532862347,0.563118386103564,185
1294.48864746094,1411,17,1,17.5035705566406,11,103,34.5339032860446,0.563118386103564,120
1435.9375,1433,14,1,17.5621604919434,12,109,34.5547366193446,0.563118386103564,132
1330.38671875,1429,19,2,17.6426658630371,17,111,34.5797366193046,0.563118386103564,134
1098.2431640625,1499,15,2,18.2730884552002,29,110,34.8047366189445,0.563118386103564,118
1359.85766601562,1250,11,1,17.050142288208,14,116,34.3755699529647,0.561035052773564,167
1334.07727050781,1246,13,2,17.0279579162598,14,116,34.3755699529647,0.558951719443564,150
1223.75354003906,1279,13,1,17.168758392334,17,114,34.4172366195647,0.558951719443564,172
1122.01843261719,1465,16,4,18.2347602844238,19,105,34.7922366189645,0.558951719443564,120
1190.87231445312,1298,14,2,17.3515243530273,12,108,34.4734866194746,0.556868386113564,169
1421.28552246094,1407,14,1,17.576488494873,9,106,34.5630699526646,0.556868386113564,134
1617.72644042969,1475,16,3,17.8794136047363,26,111,34.6672366191645,0.556868386113564,159
1223.75354003906,1279,13,1,17.168758392334,17,114,34.4130699529047,0.554785052783564,164
1300.77856445312,1450,16,2,17.9925556182861,18,113,34.7026532857745,0.554785052783564,174
1221.33227539062,1355,14,3,17.4347152709961,13,105,34.5089032860846,0.552701719453564,110
1389.6591796875,1480,15,3,18.0080261230469,17,111,34.7047366191045,0.552701719453564,209
1374.39965820312,1489,17,3,18.0901317596436,16,111,34.7401532857145,0.550618386123564,117
1260.99572753906,1320,17,2,17.2711334228516,15,111,34.4568199528346,0.548535052793564,207
1326.84265136719,1261,11,1,17.0289554595947,13,119,34.3839032862847,0.546451719463564,155
1471.64392089844,1456,16,2,17.9024639129639,36,112,34.6734866191545,0.546451719463564,139
1383.3154296875,1478,14,2,18.0677433013916,22,110,34.7359866190545,0.546451719463564,109
1276.85437011719,1321,16,4,17.274471282959,20,107,34.4693199528146,0.542285052803564,172
1312.20166015625,1366,16,2,17.4171257019043,12,104,34.5130699527446,0.542285052803564,128
1150.75476074219,1452,16,2,18.1534366607666,11,106,34.7672366190045,0.542285052803564,106
1550.41967773438,1440,19,4,17.4578266143799,12,99,34.5401532860346,0.540201719473564,153
1299.70520019531,1425,18,1,17.9250583648682,26,113,34.6839032858045,0.540201719473564,125
1199.18591308594,1440,18,3,18.1143531799316,13,106,34.7484866190345,0.540201719473564,102
1610.74304199219,1464,17,3,17.8594970703125,17,111,34.6651532858345,0.538118386143564,153
1334.8212890625,1380,15,3,17.4331760406494,13,101,34.5276532860546,0.536035052813564,116
1465.650390625,1413,18,1,17.7050457000732,9,104,34.6151532859146,0.536035052813564,115
1153.46008300781,1720,29,27,18.4132690429688,37,81,34.8651532855145,0.533951719483564,179
1277.33764648438,1275,13,2,17.1240634918213,14,112,34.4214032862247,0.531868386153564,182
1316.9736328125,1320,15,3,17.1936283111572,16,108,34.4484866195147,0.531868386153564,173
1346.89013671875,1395,17,5,17.4168319702148,10,100,34.5234866193946,0.531868386153564,111
1277.33764648438,1275,13,2,17.1240634918213,14,112,34.4276532862147,0.529785052823564,147
1172.26794433594,1503,16,1,18.2300186157227,15,113,34.8047366189445,0.529785052823564,133
1555.76879882812,1435,17,4,17.4454727172852,11,103,34.5380699527046,0.527701719493564,118
1448.01611328125,1428,16,2,17.8817977905273,69,113,34.6776532858145,0.527701719493564,128
1293.71557617188,1446,12,3,17.9472579956055,8,113,34.7026532857745,0.525618386163564,122
1510.2705078125,1405,15,5,17.4913101196289,9,103,34.5609866193346,0.521451719503564,113
1554.04467773438,1486,17,5,17.6376399993896,27,103,34.6047366192646,0.521451719503564,145
1058.46545410156,1508,17,1,18.3190822601318,13,95,34.8526532855345,0.521451719503564,143
1260.70471191406,1272,13,2,17.0749778747559,12,113,34.4172366195647,0.519368386173564,182
1161.84423828125,1433,15,2,18.0576553344727,22,109,34.7401532857145,0.517285052843564,104
1155.20190429688,1502,17,3,18.2482643127441,18,108,34.8276532855745,0.517285052843564,115
1451.83361816406,1421,17,3,17.5471687316895,26,107,34.5839032859646,0.515201719513564,131
1405.89074707031,1356,18,3,17.3160381317139,15,106,34.5005699527646,0.513118386183564,133
1450.61511230469,1451,17,5,17.7442150115967,15,104,34.6380699525446,0.513118386183564,122
1195.63061523438,1433,15,2,18.0130672454834,16,110,34.7276532857345,0.513118386183564,110
1253.76770019531,1326,16,2,17.3781681060791,16,105,34.5151532860746,0.511035052853564,122
1102.40759277344,1496,18,1,18.2898635864258,16,101,34.8401532855545,0.511035052853564,121
1310.80322265625,1402,15,2,17.8539276123047,29,109,34.6776532858145,0.504785052863564,126
1544.77709960938,1445,13,2,17.7571907043457,20,110,34.6484866191946,0.502701719533564,108
1204.36083984375,1431,15,4,17.9374809265137,11,109,34.7047366191045,0.500618386203564,106
1256.32397460938,1243,12,1,16.9804172515869,14,111,34.4089032862447,0.498535052873564,132
1223.35803222656,1476,13,3,18.0421504974365,26,109,34.7484866190345,0.496451719543564,97
1288.05834960938,1362,11,3,17.6286926269531,18,109,34.6047366192646,0.494368386213564,121
1478.03857421875,1437,14,4,17.6788272857666,21,107,34.6359866192146,0.492285052883564,109
1416.2734375,1441,13,8,17.6530742645264,16,106,34.6255699525646,0.490201719553564,124
1315.75598144531,1299,14,1,17.0705146789551,9,114,34.4380699528647,0.488118386223564,140
1190.1298828125,1290,16,2,17.2569751739502,16,108,34.4901532861146,0.486035052893564,134
1137.95288085938,1535,13,4,18.3113765716553,13,104,34.8547366188645,0.486035052893564,136
1242.08178710938,1254,11,3,16.9980602264404,13,110,34.4234866195547,0.481868386233564,135
1177.75927734375,1403,14,3,17.8694477081299,19,111,34.6943199524545,0.481868386233564,118
1328.63159179688,1540,13,4,18.1802711486816,19,100,34.8109866189345,0.481868386233564,119
1131.75183105469,1666,21,13,18.4670677185059,16,80,34.9151532854344,0.481868386233564,223
1244.73840332031,1497,13,4,18.0547370910645,20,104,34.7693199523345,0.479785052903564,116
1249.00842285156,1277,13,2,17.0266437530518,25,109,34.4339032862047,0.477701719573564,137
1337.35668945312,1551,15,2,18.1140689849854,25,103,34.7859866189745,0.477701719573564,108
1199.10046386719,1302,17,3,17.1842060089111,21,109,34.4839032861246,0.475618386243564,133
1248.33764648438,1322,17,4,17.2354526519775,14,108,34.4964032861046,0.475618386243564,133
1169.85815429688,1394,15,4,17.8343181610107,15,111,34.6839032858045,0.475618386243564,112
1222.18615722656,1240,12,1,16.945592880249,17,110,34.4130699529047,0.473535052913564,128
1599.82238769531,1384,18,3,17.3234901428223,36,105,34.5297366193846,0.473535052913564,116
1200.92529296875,1558,15,2,18.2371387481689,20,107,34.8339032855645,0.473535052913564,140
1441.75891113281,1360,18,2,17.2746067047119,17,107,34.5151532860746,0.471451719583564,119
1278.37451171875,1366,15,4,17.646764755249,25,108,34.6214032859046,0.469368386253564,101
1223.84692382812,1447,12,2,17.8939552307129,14,111,34.7089032857645,0.469368386253564,102
1194.54321289062,1562,15,4,18.2610549926758,12,102,34.8380699522245,0.469368386253564,118
1204.08618164062,1559,18,2,18.2581939697266,18,97,34.8443199522145,0.467285052923564,126
1317.94506835938,1313,15,2,17.2101593017578,15,109,34.5005699527646,0.465201719593564,127
1429.98828125,1337,17,4,17.3785285949707,24,108,34.5526532860146,0.465201719593564,114
1168.45983886719,1397,12,3,17.7439880371094,11,108,34.6589032858446,0.463118386263564,115
1132.73449707031,1655,19,5,18.4667797088623,22,81,34.9214032854244,0.463118386263564,207
1226.64916992188,1442,12,4,17.8916015625,20,105,34.7172366190845,0.456868386273564,107
1224.59875488281,1269,11,2,16.9330368041992,11,112,34.4339032862047,0.450618386283564,128
1591.56689453125,1368,16,1,17.1823596954346,18,109,34.5068199527546,0.448535052953564,174
1250.4541015625,1241,11,2,16.7291259765625,13,109,34.3839032862847,0.446451719623564,105
1378.15148925781,1659,22,4,18.3315773010254,20,96,34.8651532855145,0.446451719623564,173
1177.25659179688,1346,15,5,17.6922760009766,12,104,34.6505699525246,0.444368386293564,145
1650.92358398438,1358,18,4,17.2299423217773,4,108,34.5214032860646,0.442285052963564,138
1164.5146484375,1328,16,2,17.5135078430176,18,114,34.5964032859446,0.442285052963564,134
1138.2021484375,1677,17,10,18.4784450531006,8,79,34.9401532853944,0.442285052963564,213
1191.82824707031,1317,15,5,17.4863262176514,20,116,34.5943199526146,0.440201719633564,134
1211.939453125,1374,14,6,17.6126270294189,19,102,34.6297366192246,0.440201719633564,143
1356.34936523438,1270,10,1,16.7249641418457,11,111,34.3943199529347,0.438118386303564,118
1255.37866210938,1442,14,4,17.8405838012695,13,104,34.7109866190945,0.436035052973564,109
1187.451171875,1514,14,5,18.0959396362305,13,102,34.8005699522845,0.436035052973564,136
1618.66101074219,1352,15,2,17.2169361114502,14,107,34.5234866193946,0.433951719643564,123
1197.34643554688,1545,13,4,18.1139221191406,18,104,34.8068199522745,0.431868386313565,139
1396.68969726562,1626,20,4,18.3109188079834,14,106,34.8693199521745,0.431868386313565,140
1216.8994140625,1575,15,4,18.1736793518066,15,100,34.8255699522445,0.429785052983565,138
1241.57360839844,1384,16,7,17.5938854217529,20,100,34.6318199525546,0.427701719653565,132
1216.8994140625,1575,15,4,18.1736793518066,15,100,34.8255699522445,0.427701719653565,140
1350.44970703125,1279,9,3,16.7099609375,11,110,34.3984866195947,0.425618386323565,114
1324.77551269531,1282,11,3,16.7469348907471,16,109,34.4047366195847,0.425618386323565,129
1562.91223144531,1347,12,1,16.9317398071289,23,108,34.4547366195047,0.425618386323565,131
1144.85119628906,1331,15,5,17.5126724243164,18,107,34.6068199525946,0.425618386323565,114
1341.88366699219,1479,12,2,17.8070697784424,18,113,34.7047366191045,0.425618386323565,98
1375.77563476562,1633,18,4,18.2800140380859,18,99,34.8609866188545,0.425618386323565,130
1204.68994140625,1544,15,4,18.1571464538574,15,102,34.8214032855845,0.423535052993565,142
1275.41955566406,1587,16,4,18.24560546875,9,97,34.8526532855345,0.423535052993565,123
1156.34484863281,1616,16,5,18.3837642669678,13,102,34.9047366187844,0.423535052993565,148
1554.79565429688,1334,16,2,17.2081851959229,16,106,34.5234866193946,0.421451719663565,113
1223.36291503906,1384,16,2,17.5512180328369,12,107,34.6276532858946,0.421451719663565,146
1156.34484863281,1616,16,5,18.3837642669678,13,102,34.9089032854444,0.421451719663565,154
1296.63452148438,1258,9,3,16.6899929046631,19,107,34.4026532862547,0.417285053003565,113
1144.14221191406,1299,17,1,17.4464130401611,18,112,34.5880699526246,0.417285053003565,120
1458.02600097656,1464,12,2,17.7624359130859,18,106,34.7026532857745,0.417285053003565,98
1245.57531738281,1530,13,4,18.1255702972412,27,102,34.8130699522645,0.417285053003565,134
1261.4208984375,1597,13,2,18.318265914917,16,107,34.8859866188144,0.417285053003565,111
1596.59985351562,1349,13,3,16.9111251831055,23,108,34.4609866194946,0.415201719673565,122
1163.13562011719,1343,18,4,17.5229816436768,13,105,34.6130699525846,0.415201719673565,106
1250.69921875,1475,14,4,17.8514595031738,26,108,34.7276532857345,0.415201719673565,115
1296.39868164062,1598,16,3,18.2362060546875,13,95,34.8526532855345,0.415201719673565,125
1338.74011230469,1461,12,2,17.7988834381104,24,109,34.7047366191045,0.413118386343565,112
1353.78454589844,1610,12,3,18.303747177124,17,106,34.8714032855044,0.413118386343565,111
1211.66809082031,1567,15,3,18.1789512634277,17,103,34.8359866188945,0.411035053013565,133
1120.65551757812,1640,16,4,18.4432029724121,13,93,34.9297366187444,0.411035053013565,155
1420.87768554688,1305,14,2,17.1848697662354,10,108,34.5214032860646,0.408951719683565,108
1342.44140625,1474,15,7,17.6137733459473,24,95,34.6609866191746,0.408951719683565,114
1573.22937011719,1508,14,2,17.6817874908447,15,104,34.6839032858045,0.408951719683565,115
1559.58728027344,1313,11,2,16.9372158050537,15,106,34.4693199528146,0.406868386353565,130
1235.28503417969,1478,15,1,17.8883666992188,28,107,34.7401532857145,0.406868386353565,117
1249.70324707031,1253,8,3,16.6316318511963,14,107,34.3901532862747,0.404785053023565,144
1390.95812988281,1302,9,2,16.7251739501953,10,104,34.4193199528947,0.404785053023565,131
1420.87768554688,1305,14,2,17.1848697662354,10,108,34.5234866193946,0.404785053023565,122
1123.55920410156,1309,15,1,17.4567356109619,16,111,34.5984866192746,0.404785053023565,166
1275.3857421875,1495,12,4,17.9553833007812,18,105,34.7693199523345,0.404785053023565,127
1328.84057617188,1593,17,5,18.2305431365967,17,95,34.8484866188745,0.404785053023565,127
1110.61145019531,1643,16,3,18.4555034637451,14,90,34.9401532853944,0.404785053023565,158
1326.67626953125,1316,15,3,17.2782802581787,11,111,34.5505699526846,0.402701719693565,127
1116.51013183594,1624,16,3,18.4300537109375,16,92,34.9359866187344,0.402701719693565,157
1154.79113769531,1351,13,2,17.521858215332,15,108,34.6214032859046,0.400618386363565,119
1187.23950195312,1291,19,1,17.3308048248291,10,112,34.5630699526646,0.398535053033565,139
1178.46435546875,1298,17,6,17.38401222229,16,110,34.5859866192946,0.398535053033565,123
1256.8818359375,1441,15,2,17.7807559967041,33,107,34.7047366191045,0.398535053033565,121
1511.25695800781,1301,9,2,16.8094005584717,16,107,34.4443199528547,0.396451719703565,129
1544.17785644531,1313,14,3,17.0278015136719,16,106,34.4922366194446,0.396451719703565,129
1419.65490722656,1604,14,2,18.2663745880127,16,100,34.8693199521745,0.394368386373565,104
1222.04553222656,1298,17,2,17.2227382659912,15,112,34.5443199526946,0.392285053043565,262
1419.77624511719,1603,13,3,18.2557411193848,15,101,34.8672366188445,0.392285053043565,105
1194.84118652344,1371,16,3,17.5542163848877,28,103,34.6443199525346,0.390201719713565,130
1419.77624511719,1603,13,3,18.2557411193848,15,101,34.8672366188445,0.388118386383565,102
1541.39208984375,1310,14,2,16.8992595672607,17,106,34.4651532861546,0.386035053053565,125
1374.98205566406,1461,15,5,17.6147689819336,24,97,34.6651532858345,0.386035053053565,110
1617.11791992188,1325,13,1,16.911111831665,28,112,34.4734866194746,0.383951719723565,120
1214.79772949219,1301,18,3,17.2616157531738,10,110,34.5547366193446,0.383951719723565,136
1281.04370117188,1504,13,6,17.866325378418,21,101,34.7505699523645,0.383951719723565,104
1353.07604980469,1578,16,4,18.0515022277832,14,102,34.8005699522845,0.383951719723565,110
1455.72290039062,1295,14,1,16.7707042694092,9,105,34.4401532861947,0.381868386393565,113
1295.57141113281,1540,13,2,17.9870567321777,15,106,34.7839032856445,0.381868386393565,135
1584.64904785156,1307,11,2,16.8760757446289,17,109,34.4651532861546,0.379785053063565,121
1294.48986816406,1505,16,4,17.813497543335,18,102,34.7297366190645,0.379785053063565,103
1137.72802734375,1626,16,7,18.389684677124,20,98,34.9234866187544,0.379785053063565,137
1402.88586425781,1603,16,3,18.1486701965332,14,98,34.8359866188945,0.375618386403565,135
1291.59655761719,1558,15,3,18.2444591522217,17,100,34.8734866188344,0.375618386403565,135
1473.58020019531,1302,12,2,16.7476692199707,15,106,34.4380699528647,0.371451719743565,119
1507.67541503906,1609,14,4,18.1979560852051,20,99,34.8464032855445,0.371451719743565,123
1520.05627441406,1629,14,5,18.2217674255371,1,102,34.8609866188545,0.369368386413565,114
1257.67736816406,1289,13,2,17.032039642334,10,109,34.5047366194246,0.367285053083565,146
1334.96557617188,1429,15,2,17.553014755249,18,106,34.6609866191746,0.367285053083565,120
1291.31909179688,1536,14,5,17.9902858734131,15,104,34.7943199522945,0.367285053083565,132
1115.96533203125,1567,17,2,18.3382015228271,18,100,34.9151532854344,0.367285053083565,141
1269.59106445312,1330,15,4,17.2756519317627,24,107,34.5734866193146,0.365201719753565,119
1309.1611328125,1406,14,1,17.4326972961426,29,107,34.6276532858946,0.365201719753565,106
1355.29736328125,1502,15,3,17.7595634460449,36,106,34.7234866190745,0.365201719753565,106
1272.83972167969,1537,13,3,17.9301414489746,13,109,34.7714032856645,0.365201719753565,114
1319.27966308594,1565,16,5,18.1019077301025,15,98,34.8214032855845,0.365201719753565,130
1284.01892089844,1453,14,4,17.6427364349365,18,99,34.6797366191445,0.363118386423565,130
1511.06188964844,1612,16,1,18.209005355835,24,102,34.8609866188545,0.363118386423565,205
1274.54821777344,1360,13,3,17.3817596435547,23,106,34.6047366192646,0.361035053093565,123
1309.1611328125,1406,14,1,17.4326972961426,29,107,34.6255699525646,0.361035053093565,108
1332.5849609375,1582,19,5,18.2316036224365,19,99,34.8714032855044,0.358951719763565,138
1314.2939453125,1348,15,3,17.2508983612061,18,108,34.5755699526446,0.354785053103565,128
1324.05249023438,1399,11,0,17.4179344177246,21,111,34.6276532858946,0.354785053103565,141
1272.87084960938,1538,14,4,17.9505081176758,21,99,34.7839032856445,0.354785053103565,128
1324.05249023438,1399,11,0,17.4179344177246,21,111,34.6234866192346,0.352701719773565,135
1262.53735351562,1517,14,5,17.8867263793945,22,103,34.7651532856745,0.352701719773565,117
1296.48205566406,1552,15,5,17.9830913543701,28,104,34.7901532856345,0.352701719773565,130
1445.62133789062,1298,16,3,16.7269554138184,13,102,34.4526532861747,0.350618386443565,128
1297.86389160156,1289,9,3,16.9193382263184,15,106,34.4880699527846,0.350618386443565,120
1330.67919921875,1308,15,0,17.0505485534668,50,107,34.5255699527246,0.350618386443565,169
1139.6455078125,1725,26,24,18.4091777801514,39,74,34.9380699520644,0.350618386443565,191
1562.39123535156,1286,13,4,16.5608043670654,16,104,34.4130699529047,0.348535053113565,124
1330.67919921875,1308,15,0,17.0505485534668,50,107,34.5214032860646,0.348535053113565,186
1455.58911132812,1587,14,3,18.1835041046143,99,99,34.8589032855245,0.348535053113565,177
1369.23413085938,1378,15,4,17.310567855835,19,104,34.5964032859446,0.346451719783565,141
1325.79797363281,1390,15,4,17.3750896453857,21,106,34.6193199525746,0.346451719783565,126
1308.0751953125,1496,14,4,17.7485027313232,23,102,34.7234866190745,0.346451719783565,112
1413.89721679688,1612,16,6,18.2070827484131,98,99,34.8693199521745,0.346451719783565,153
1387.27490234375,1293,16,4,16.7701950073242,15,104,34.4547366195047,0.344368386453565,129
1362.98352050781,1377,15,4,17.2550315856934,22,104,34.5797366193046,0.344368386453565,151
1245.44653320312,1560,14,5,18.23850440979,98,105,34.8818199521544,0.344368386453565,214
1276.56188964844,1422,14,3,17.6127376556396,22,101,34.6839032858045,0.342285053123565,136
1518.24365234375,1288,18,4,16.5402774810791,18,103,34.4151532862347,0.340201719793565,149
1374.9580078125,1277,13,2,16.631233215332,14,106,34.4359866195347,0.340201719793565,149
1366.87817382812,1455,13,2,17.5411167144775,20,102,34.6693199524945,0.340201719793565,118
1361.56115722656,1372,15,4,17.3296909332275,18,104,34.6068199525946,0.338118386463565,127
1459.5361328125,1585,18,1,18.1298427581787,17,99,34.8380699522245,0.336035053133565,172
1543.15295410156,1279,11,2,16.3892440795898,18,107,34.3880699529447,0.333951719803565,132
1433.1982421875,1271,15,2,16.5251331329346,16,103,34.4130699529047,0.331868386473565,119
1350.62097167969,1423,14,2,17.4048595428467,19,104,34.6359866192146,0.329785053143565,116
1179.48510742188,1574,14,4,18.2883052825928,97,103,34.9068199521144,0.329785053143565,246
1377.28442382812,1347,16,4,17.1003456115723,15,105,34.5464032860246,0.327701719813565,109
1141.27648925781,1564,16,1,18.3062877655029,77,96,34.9130699521044,0.327701719813565,231
1132.37084960938,1664,23,28,18.392541885376,26,78,34.9380699520644,0.327701719813565,189
1136.41711425781,1576,18,3,18.3214473724365,37,93,34.9255699520844,0.325618386483565,155
1255.06188964844,1576,15,0,18.1894092559814,98,101,34.8734866188344,0.323535053153565,202
1203.44372558594,1596,15,6,18.2849559783936,96,101,34.9047366187844,0.323535053153565,222
1255.06188964844,1576,15,0,18.1894092559814,98,101,34.8734866188344,0.319368386493565,210
1322.20935058594,1367,16,9,17.3531227111816,17,102,34.6234866192346,0.317285053163565,108
1441.65454101562,1556,18,4,17.9058895111084,14,103,34.7797366189845,0.315201719833565,115
1469.59716796875,1557,16,4,17.9340953826904,13,102,34.7901532856345,0.315201719833565,126
1405.54870605469,1552,18,3,17.9837913513184,13,100,34.8109866189345,0.315201719833565,162
1267.39111328125,1302,10,5,16.839729309082,27,104,34.4943199527746,0.313118386503565,114
1369.38977050781,1400,13,5,17.3792476654053,27,103,34.6318199525546,0.313118386503565,123
1352.17639160156,1575,15,3,18.115104675293,98,100,34.8464032855445,0.313118386503565,197
1244.58435058594,1476,15,5,17.7075614929199,14,97,34.7234866190745,0.311035053173565,121
1291.68127441406,1498,14,2,17.8024768829346,14,104,34.7568199523545,0.311035053173565,108
1130.95678710938,1592,18,4,18.3385028839111,23,96,34.9318199520744,0.311035053173565,179
1253.71130371094,1307,13,4,16.8579349517822,15,102,34.5005699527646,0.306868386513565,109
1425.93896484375,1530,19,2,17.9431476593018,57,101,34.8026532856145,0.306868386513565,201
1125.79577636719,1601,17,3,18.3519020080566,24,87,34.9443199520544,0.306868386513565,198
1247.330078125,1478,13,5,17.6964645385742,28,98,34.7214032857445,0.304785053183565,138
1278.36975097656,1547,17,4,18.1229782104492,98,102,34.8609866188545,0.304785053183565,208
1334.31604003906,1350,11,4,17.1745433807373,14,104,34.5818199526346,0.300618386523565,116
1334.31604003906,1350,11,4,17.1745433807373,14,104,34.5839032859646,0.300618386523565,120
1177.81799316406,1598,15,5,18.3066692352295,100,98,34.9214032854244,0.300618386523565,221
1137.83801269531,1597,20,1,18.3469753265381,21,92,34.9380699520644,0.300618386523565,169
1321.20544433594,1402,12,2,17.3233394622803,10,105,34.6276532858946,0.298535053193565,120
1213.42309570312,1385,13,2,17.4950103759766,27,105,34.6651532858345,0.298535053193565,108
1450.57153320312,1576,24,3,17.9093685150146,98,109,34.7901532856345,0.298535053193565,253
1205.92736816406,1377,13,2,17.5264053344727,20,102,34.6734866191545,0.296451719863565,112
1258.34008789062,1251,15,4,16.4437084197998,17,103,34.4172366195647,0.294368386533565,143
1300.46179199219,1290,14,5,16.5944671630859,19,100,34.4464032861847,0.294368386533565,112
1306.05871582031,1286,11,3,16.7596054077148,20,102,34.4818199527946,0.294368386533565,122
1264.68859863281,1329,12,3,17.1936740875244,20,106,34.5922366192846,0.290201719873565,116
1294.74145507812,1574,15,5,18.1389636993408,99,99,34.8672366188445,0.290201719873565,190
1240.681640625,1568,24,3,18.2044296264648,100,101,34.8943199521344,0.290201719873565,188
1346.06726074219,1263,11,3,16.3250942230225,13,107,34.4026532862547,0.288118386543565,132
1229.68444824219,1404,13,3,17.5065021514893,22,102,34.6755699524845,0.288118386543565,146
1264.88806152344,1548,21,3,18.08034324646,58,100,34.8464032855445,0.288118386543565,239
1240.681640625,1568,24,3,18.2044296264648,100,101,34.8922366188044,0.288118386543565,196
1297.65161132812,1502,14,2,17.6543636322021,33,100,34.7234866190745,0.286035053213565,121
1430.25988769531,1535,18,1,17.8619079589844,93,101,34.7859866189745,0.286035053213565,176
1205.46716308594,1591,15,4,18.2525081634521,97,102,34.9047366187844,0.286035053213565,186
1265.37561035156,1322,10,3,17.0846157073975,21,103,34.5672366193246,0.283951719883565,111
1250.10339355469,1420,11,4,17.4892635345459,22,106,34.6755699524845,0.283951719883565,145
1252.08374023438,1415,11,6,17.5183925628662,14,104,34.6797366191445,0.283951719883565,126
1338.05200195312,1513,17,4,17.8720436096191,28,102,34.7880699523045,0.283951719883565,135
1244.89770507812,1320,12,6,17.1168060302734,17,104,34.5776532859746,0.279785053223565,113
1253.61901855469,1366,11,1,17.1764430999756,26,109,34.5943199526146,0.279785053223565,120
1400.26049804688,1530,14,3,17.7014350891113,13,101,34.7422366190445,0.277701719893565,111
1294.52026367188,1293,11,1,16.7354431152344,16,102,34.4880699527846,0.273535053233565,124
1253.71105957031,1415,12,3,17.4752178192139,13,103,34.6714032858245,0.273535053233565,124
1453.95141601562,1530,16,4,17.7211647033691,44,101,34.7464032857045,0.273535053233565,156
1424.97265625,1524,15,5,17.8085098266602,11,100,34.7714032856645,0.273535053233565,126
1315.96765136719,1532,16,3,17.9220428466797,26,102,34.8068199522745,0.271451719903565,127
1181.09924316406,1604,15,5,18.2793006896973,98,99,34.9255699520844,0.271451719903565,236
1226.89624023438,1596,17,5,18.2374401092529,97,100,34.9068199521144,0.269368386573565,199
1360.84741210938,1342,10,4,16.8570709228516,24,98,34.5234866193946,0.267285053243565,110
1312.73291015625,1539,16,2,17.8566608428955,21,103,34.7880699523045,0.267285053243565,122
1395.74145507812,1329,10,3,16.6636047363281,20,104,34.4839032861246,0.265201719913565,118
1165.48095703125,1673,25,27,18.3841438293457,17,75,34.9693199520144,0.265201719913565,228
1447.83264160156,1327,10,5,16.4863624572754,28,96,34.4505699528447,0.263118386583565,126
1333.58435058594,1325,10,4,16.9716014862061,24,100,34.5526532860146,0.263118386583565,104
1335.29760742188,1513,15,5,17.7944412231445,16,101,34.7714032856645,0.263118386583565,117
1260.32641601562,1555,17,4,18.0532073974609,17,101,34.8505699522045,0.263118386583565,194
1187.5263671875,1590,19,5,18.2718868255615,28,99,34.9234866187544,0.261035053253565,187
1357.22314453125,1340,12,3,17.0173931121826,26,103,34.5672366193246,0.258951719923565,115
1168.81481933594,1621,19,5,18.3163509368896,14,98,34.9422366187244,0.258951719923565,162
1148.52319335938,1632,18,6,18.3385181427002,27,92,34.9484866187144,0.258951719923565,156
1148.52319335938,1632,18,6,18.3385181427002,27,92,34.9526532853744,0.258951719923565,168
1284.23889160156,1519,16,4,17.8408374786377,17,101,34.7901532856345,0.256868386593565,126
1319.58825683594,1480,15,1,17.7051734924316,34,104,34.7526532856945,0.254785053263565,137
1289.42785644531,1457,17,3,17.440128326416,21,95,34.6755699524845,0.252701719933565,109
1382.61560058594,1317,12,4,16.6575374603271,18,97,34.4880699527846,0.250618386603565,116
1438.13415527344,1425,12,2,17.1797409057617,27,103,34.6151532859146,0.250618386603565,113
1508.32604980469,1385,14,5,16.9074058532715,24,97,34.5464032860246,0.248535053273565,117
1419.45581054688,1378,14,5,17.0210819244385,20,103,34.5755699526446,0.248535053273565,123
1423.42810058594,1404,12,3,17.0506744384766,17,103,34.5839032859646,0.248535053273565,117
1438.13415527344,1425,12,2,17.1797409057617,27,103,34.6151532859146,0.248535053273565,111
1312.322265625,1600,13,3,18.0733470916748,98,104,34.8547366188645,0.248535053273565,192
1508.32604980469,1385,14,5,16.9074058532715,24,97,34.5484866193546,0.246451719943565,128
1294.99597167969,1477,15,2,17.7492790222168,13,104,34.7651532856745,0.246451719943565,111
1350.52661132812,1575,18,2,18.0195693969727,16,99,34.8443199522145,0.246451719943565,163
1225.00793457031,1650,18,4,18.2733402252197,98,103,34.9234866187544,0.246451719943565,212
1351.15148925781,1298,10,1,16.2778816223145,15,109,34.4130699529047,0.244368386613565,124
1337.78540039062,1311,10,4,16.4529056549072,13,99,34.4464032861847,0.244368386613565,113
1406.19982910156,1342,11,4,16.6912364959717,23,96,34.5005699527646,0.244368386613565,112
1303.33959960938,1292,11,4,16.3911418914795,17,100,34.4443199528547,0.242285053283565,121
1306.30590820312,1443,16,4,17.4778671264648,14,105,34.6922366191245,0.242285053283565,135
1371.77124023438,1323,13,3,16.4664783477783,18,96,34.4568199528346,0.236035053293565,120
1459.818359375,1368,13,5,16.5802192687988,21,99,34.4839032861246,0.236035053293565,117
1432.8681640625,1570,18,4,17.9820194244385,37,101,34.8359866188945,0.236035053293565,150
1486.24426269531,1379,14,4,16.6801834106445,31,100,34.5068199527546,0.233951719963565,122
1510.99169921875,1394,12,3,16.7161350250244,7,104,34.5193199527346,0.233951719963565,130
1451.31640625,1430,14,5,17.0063495635986,15,110,34.5839032859646,0.233951719963565,115
1422.01196289062,1425,15,4,17.2885246276855,16,97,34.6464032858646,0.233951719963565,193
1564.94030761719,1586,19,2,17.9516334533691,19,102,34.8234866189145,0.233951719963565,134
1366.55578613281,1598,16,4,18.1112022399902,99,102,34.8714032855044,0.233951719963565,230
1454.25219726562,1432,15,4,16.9731826782227,29,111,34.5776532859746,0.231868386633565,129
1353.3388671875,1508,18,6,17.6283874511719,26,102,34.7422366190445,0.231868386633565,161
1472.40698242188,1422,14,2,16.9028568267822,20,104,34.5547366193446,0.229785053303565,123
1505.55090332031,1442,16,5,17.2410507202148,44,95,34.6401532858746,0.229785053303565,190
1435.15710449219,1447,13,2,17.0709190368652,17,107,34.6026532859346,0.227701719973565,95
1372.88488769531,1511,15,2,17.658317565918,17,106,34.7484866190345,0.227701719973565,154
1372.88488769531,1511,15,2,17.658317565918,17,106,34.7526532856945,0.227701719973565,143
1280.60754394531,1266,10,2,16.2133674621582,15,102,34.4130699529047,0.225618386643565,104
1377.25085449219,1435,15,5,17.0606555938721,12,106,34.6005699526046,0.225618386643565,96
1533.88671875,1492,18,3,17.137788772583,51,100,34.6234866192346,0.225618386643565,189
1561.16357421875,1589,16,5,17.8829078674316,15,99,34.8109866189345,0.225618386643565,121
1571.60095214844,1575,18,4,17.9369659423828,50,100,34.8214032855845,0.225618386643565,133
1445.17358398438,1558,17,4,17.9548816680908,21,99,34.8339032855645,0.225618386643565,137
1273.79223632812,1439,18,4,17.4534683227539,14,101,34.6943199524545,0.221451719983565,125
1413.50695800781,1537,16,5,17.8117847442627,25,99,34.7880699523045,0.221451719983565,134
1462.97277832031,1544,16,3,17.8447418212891,23,101,34.7984866189545,0.221451719983565,120
1271.46655273438,1595,18,7,18.141565322876,99,97,34.8943199521344,0.221451719983565,247
1292.68505859375,1286,11,5,16.2555599212646,12,99,34.4255699528847,0.219368386653565,105
1368.45629882812,1531,16,6,17.6195011138916,27,100,34.7443199523745,0.219368386653565,166
1310.451171875,1456,16,3,17.4342174530029,14,102,34.6922366191245,0.217285053323565,118
1371.85375976562,1532,18,4,17.6051273345947,37,98,34.7443199523745,0.217285053323565,138
1386.44323730469,1344,10,1,16.3526020050049,15,104,34.4484866195147,0.215201719993565,112
1375.33825683594,1539,15,4,17.9358997344971,26,97,34.8318199522345,0.215201719993565,129
1389.5791015625,1362,12,5,16.5655384063721,20,99,34.4901532861146,0.213118386663565,110
1654.76867675781,1505,19,2,17.1817665100098,19,104,34.6380699525446,0.213118386663565,216
1299.16345214844,1602,17,3,18.0791549682617,99,104,34.8755699521644,0.211035053333565,236
1287.13500976562,1396,17,2,17.0086116790771,14,103,34.5922366192846,0.204785053343565,110
1355.36157226562,1372,8,6,16.5496978759766,16,98,34.4880699527846,0.202701720013565,124
1547.10388183594,1567,15,5,17.6631336212158,25,98,34.7568199523545,0.200618386683565,124
1157.88452148438,1566,16,8,18.1496963500977,98,102,34.9089032854444,0.200618386683565,241
1391.70910644531,1456,16,5,17.0357723236084,19,96,34.6109866192546,0.194368386693565,119
1552.04211425781,1486,18,3,17.0854091644287,17,103,34.6255699525646,0.194368386693565,118
1581.52062988281,1512,18,3,17.1213607788086,26,99,34.6339032858846,0.194368386693565,152
1491.51171875,1544,16,5,17.8011512756348,14,97,34.7964032856245,0.194368386693565,137
1347.43737792969,1341,9,2,16.2435188293457,17,98,34.4443199528547,0.192285053363565,107
1373.07495117188,1350,10,4,16.2836570739746,16,103,34.4464032861847,0.192285053363565,107
1327.53881835938,1399,14,2,16.9693946838379,15,100,34.5943199526146,0.192285053363565,120
1480.81628417969,1503,16,8,17.3665313720703,21,98,34.6943199524545,0.192285053363565,132
1406.18176269531,1396,15,6,16.817834854126,21,99,34.5568199526746,0.190201720033565,100
1469.53771972656,1497,18,6,17.3392124176025,25,96,34.6797366191445,0.190201720033565,113
1636.17944335938,1551,17,3,17.7088832855225,16,95,34.7734866189945,0.190201720033565,133
1230.16821289062,1494,14,2,17.8554973602295,24,99,34.8193199522545,0.188118386703565,133
1291.16528320312,1314,9,4,16.1610946655273,17,101,34.4276532862147,0.186035053373565,110
1446.40637207031,1483,15,5,17.0159893035889,20,95,34.6068199525946,0.186035053373565,117
1522.18432617188,1492,17,6,17.0413513183594,17,104,34.6130699525846,0.186035053373565,118
1328.9560546875,1305,9,3,16.1803321838379,8,102,34.4297366195447,0.183951720043565,105
1352.56164550781,1480,19,7,17.5716686248779,25,99,34.7443199523745,0.181868386713565,124
1412.70007324219,1447,16,2,17.3078651428223,18,101,34.6714032858245,0.179785053383565,163
1358.20031738281,1365,12,3,16.633373260498,16,99,34.5255699527246,0.175618386723565,101
1259.21948242188,1513,13,3,17.7966079711914,13,99,34.8047366189445,0.175618386723565,144
1522.35314941406,1396,12,4,16.4480400085449,21,101,34.4880699527846,0.171451720063565,124
1337.755859375,1380,13,6,16.6733226776123,21,99,34.5318199527146,0.171451720063565,105
1406.42736816406,1454,14,3,17.1886444091797,18,97,34.6484866191946,0.171451720063565,119
1522.35314941406,1396,12,4,16.4480400085449,21,101,34.4901532861146,0.169368386733565,126
1442.68237304688,1425,10,3,16.5584335327148,12,101,34.5172366194046,0.167285053403565,103
1488.85791015625,1454,19,6,17.0160598754883,17,98,34.6151532859146,0.165201720073565,131
1310.25280761719,1457,16,5,17.3274307250977,15,101,34.6797366191445,0.165201720073565,129
1222.92639160156,1447,16,1,17.6909351348877,9,97,34.7755699523245,0.165201720073565,115
1458.60302734375,1452,15,3,17.0935535430908,34,98,34.6297366192246,0.163118386743565,128
1508.64208984375,1446,16,8,16.6955585479736,31,93,34.5505699526846,0.158951720083566,107
1513.56286621094,1543,18,7,17.3946151733398,52,95,34.7089032857645,0.156868386753566,149
1545.24877929688,1539,16,10,17.4291248321533,42,94,34.7172366190845,0.156868386753566,163
1508.64208984375,1446,16,8,16.6955585479736,31,93,34.5464032860246,0.154785053423566,118
1476.67517089844,1419,13,2,16.8476238250732,9,97,34.5797366193046,0.144368386773566,115
1388.47277832031,1399,11,3,16.5094833374023,16,99,34.5130699527446,0.142285053443566,124
1536.12329101562,1447,12,5,16.5779476165771,19,97,34.5318199527146,0.138118386783566,148
1494.74060058594,1521,13,8,17.2429981231689,14,99,34.6797366191445,0.133951720123566,123
