"X","Y","ProfileID","ExMg","ExK","annual_ppt","bareground","driest_ppt","land_elevation","temp_annual_range","temp_seasonality","terrain_slope","topo_pst_index","treecover","valley_depth","veg_index","wetness_index","wettest_ppt"
37.79482,-0.1688,"KE SOTER_122/1-3",9.2,0.08,1188.50805664062,1,18.0496578216553,889,15.5304956436157,77.3534622192383,2,1,19,3278,2052,101,264.279876708984
37.67,-0.08,"KE SOTER_122/1-30",1.6,0.32,1556.51049804688,1,27.2667961120605,1453,15.7807006835938,77.4895477294922,4,-5,18,459,1607,88,334.699279785156
37.57632,-0.11767,"KE SOTER_122/1-47",0.26,0.23,1879.29077148438,0,37.5767707824707,2091,16.2939605712891,85.4107971191406,7,-22,42,-1412,2090,78,398.589294433594
37.60053,-0.22186,"KE SOTER_122/1-55",0.8,0.11,1782.25183105469,0,34.7473907470703,1762,16.1772174835205,82.5736923217773,9,7,41,150,2106,90,382.764801025391
37.88503,-0.11952,"KE SOTER_122/2-12",3.05342465753425,0.456027397260274,1049.60864257812,5,13.3294401168823,733,15.4314336776733,78.439567565918,2,-18,11,3715,1069,110,247.773498535156
37.85934,-0.06698,"KE SOTER_122/2-14",0.9,0.456027397260274,1225.12280273438,7,16.55029296875,899,15.524435043335,77.1218109130859,1,62,12,2430,1176,120,275.767364501953
37.9737,-0.322,"KE SOTER_122/4-112",3.05342465753425,0.456027397260274,821.913330078125,8,9.16051292419434,516,15.3706674575806,81.5956192016602,5,-58,1,4540,1245,99,189.685775756836
37.7953,-0.4671,"KE SOTER_122/4-2",3.05342465753425,0.456027397260274,1260.26123046875,7,17.9311504364014,825,15.8192462921143,81.7963943481445,4,40,4,4542,1215,104,284.848999023438
37.87,-0.47,"KE SOTER_122/4-5",2.3,0.08,1105.02575683594,10,14.1969013214111,712,15.6680126190186,81.6182708740234,3,-90,5,5451,1082,108,244.667892456055
37.8614,-0.3419,"KE SOTER_122/4-7",3.05342465753425,0.456027397260274,1007.93853759766,5,12.3567361831665,723,15.563570022583,80.1440353393555,6,102,15,6181,1099,118,237.188980102539
37.90994,-0.46947,"KE SOTER_122/4-82",4.9,0.2,736.811096191406,9,8.53749370574951,589,15.6113338470459,82.0826873779297,9,-32,1,5802,1233,102,165.131546020508
37.9333,-0.4821,"KE SOTER_122/4-98",3.05342465753425,0.456027397260274,600.757873535156,10,6.33929443359375,687,15.5704679489136,81.9229431152344,12,120,1,4343,963,88,135.706176757812
37.2888,-0.661,"KE SOTER_135/2-2",8,0.14,1366.44311523438,9,36.9454193115234,1190,16.9692802429199,90.9794921875,1,12,8,2611,1348,115,302.565002441406
37.5118,-0.7398,"KE SOTER_136/1-18",3.4,0.4,1024.787109375,20,17.2033443450928,1066,16.5200386047363,85.5257873535156,2,-27,1,2279,1631,116,224.19352722168
37.5475,-0.6176,"KE SOTER_136/1-2",1,0.2,1043.38586425781,2,23.6968212127686,1147,16.3990612030029,84.3233108520508,5,-100,15,1099,1260,110,233.864822387695
37.6403,-0.5565,"KE SOTER_136/1-4",0.6,0.1,942.202697753906,5,16.8789768218994,1150,16.1616992950439,82.1510391235352,2,-41,8,1213,1277,99,204.477584838867
37.6176,-0.5814,"KE SOTER_136/1-5",1,0.2,1173.87133789062,9,18.7793960571289,1177,16.2696743011475,83.9060363769531,1,-43,3,1073,1934,102,280.649261474609
37.7262,-0.7159,"KE SOTER_136/1-53",4,0.9,1341.9169921875,3,17.9158039093018,1028,16.0101375579834,80.5582962036133,2,-34,13,4108,1145,97,302.876861572266
37.699,-0.6357,"KE SOTER_136/1-59",3.05342465753425,0.456027397260274,1268.34875488281,1,19.1575565338135,1114,16.0218448638916,80.3043212890625,6,225,17,3012,1128,93,295.127227783203
37.6448,-0.6923,"KE SOTER_136/1-60",0.6,0.1,1364.30432128906,20,20.3222484588623,1159,16.286262512207,85.2021026611328,4,-42,0,1622,1220,96,301.163879394531
37.9796,-0.638,"KE SOTER_136/2-29",0.9,0.7,638.213623046875,11,6.28097724914551,820,15.6180086135864,84.0081253051758,6,-91,1,7005,837,91,151.40202331543
37.7737,-0.6097,"KE SOTER_136/2-58",3.05342465753425,0.456027397260274,1029.72631835938,5,11.1613616943359,824,15.9956407546997,83.9699935913086,4,-100,8,5624,1600,96,256.462219238281
37.5158,-0.7624,"KE SOTER_136/3-16",15.6,0.2,1281.3095703125,17,20.771448135376,1103,16.565336227417,86.8280487060547,4,41,6,1859,1768,111,275.078002929688
37.28604,-0.1644,"KE SOTER_ASS/P44",3.05342465753425,0.456027397260274,1202.91687011719,33,32.9472808837891,4379,15.9104881286621,60.8461837768555,21,239,0,1473,1112,68,248.890579223633
37.2617,-0.1779,"KE SOTER_ASS/P45",3.05342465753425,0.456027397260274,1104.7236328125,7,29.3705501556396,4012,15.9859533309937,64.0210952758789,22,163,10,1622,1547,69,226.374816894531
37.2918,-0.25,"KE SOTER_ASS/P57",1.7,0.8,1978.59558105469,9,56.9770660400391,3437,16.1511211395264,76.5834045410156,17,-209,10,3154,2387,74,415.520355224609
37.2919,-0.28828,"KE SOTER_ASS/P58",0.5,0.2,2133.68017578125,2,61.3133773803711,3083,16.5118808746338,87.3086013793945,20,293,30,1990,1495,76,446.666961669922
37.461111,-0.172222,"KE wasp_38",0.3,0.2,2157.50756835938,0,50.7822532653809,2830,16.4100360870361,89.4234085083008,12,72,58,-705,1592,80,455.459533691406
37.511111,-0.209722,"KE wasp_39",3.05342465753425,0.3,2014.2939453125,0,44.1924591064453,2340,16.5369319915771,90.9652786254883,8,177,92,294,1617,93,432.274230957031
37.538889,-0.354167,"KE wasp_40",3.05342465753425,0.456027397260274,1834.91296386719,0,38.7509231567383,1687,16.4011039733887,85.6267852783203,10,-283,74,2173,1438,97,398.824645996094
37.541667,-0.354167,"KE wasp_41",2.6,1.5,1834.91296386719,0,38.7509231567383,1687,16.4011039733887,85.6267852783203,10,-283,74,2173,1438,97,398.824645996094
37.536111,-0.355556,"KE wasp_42",1.3,0.8,1834.91296386719,0,38.7509231567383,1687,16.4011039733887,85.6267852783203,10,-283,74,2173,1438,97,398.824645996094
37.576389,-0.380556,"KE wasp_43",0.3,0.1,1715.15759277344,1,34.8766059875488,1583,16.308723449707,84.4563064575195,3,8,24,1259,1907,95,375.871917724609
37.627778,-0.411111,"KE wasp_44",2.2,1.5,1622.92700195312,0,30.5923843383789,1406,16.1842098236084,83.5384216308594,4,107,23,-565,1909,100,357.054504394531
37.625,-0.413889,"KE wasp_45",3.3,0.1,1627.44079589844,0,31.148889541626,1416,16.2010478973389,83.6187896728516,4,-14,27,-397,1939,97,358.772186279297
37.623611,-0.416667,"KE wasp_46",2.9,0.1,1614.18481445312,0,31.0114364624023,1373,16.205322265625,83.7076263427734,5,-64,40,-143,1751,99,357.207397460938
37.7,-0.451389,"KE wasp_47",2.1,0.1,1460.14501953125,1,22.9430618286133,1151,15.9349813461304,79.6252517700195,2,-12,20,160,1908,105,324.081024169922
37.698611,-0.451389,"KE wasp_48",0.8,0.7,1460.14501953125,1,22.9430618286133,1151,15.9349813461304,79.6252517700195,2,-12,20,160,1908,105,324.081024169922
37.698611,-0.452778,"KE wasp_49",4.1,0.7,1460.14501953125,1,22.9430618286133,1151,15.9349813461304,79.6252517700195,2,-12,20,160,1908,105,324.081024169922
37.451667,-0.552222,"KE wasp_5",1.1,0.4,1515.16455078125,5,37.2063217163086,1336,16.644401550293,87.8820877075195,4,77,15,2807,1732,104,349.225280761719
37.772222,-0.452778,"KE wasp_50",6.4,0.2,1393.65588378906,2,20.6671085357666,932,15.7671918869019,79.1850051879883,5,57,20,3438,1171,92,308.714263916016
37.790278,-0.461111,"KE wasp_51",4.3,0.1,1296.73559570312,11,18.7419815063477,868,15.8055305480957,81.0577392578125,3,113,3,4255,1113,110,290.722991943359
37.805556,-0.444444,"KE wasp_52",12.5,0.4,1229.416015625,6,17.0392055511475,818,15.7775964736938,81.3843612670898,2,-33,8,4933,1084,108,275.209228515625
37.972222,-0.152222,"KE wasp_53",3.4,0.1,923.479064941406,7,11.2882480621338,585,15.2631521224976,79.4344482421875,2,-56,6,3395,1075,115,216.090087890625
38.244444,-0.227778,"KE wasp_55",3,0.4,619.359497070312,24,3.37298727035522,579,14.775408744812,80.7205200195312,2,71,0,-79,1461,108,152.059982299805
37.466667,-0.533333,"KE wasp_6",0.4,0.4,1499.13500976562,7,36.9178886413574,1346,16.6003322601318,87.3717956542969,7,19,11,2703,1144,101,352.365112304688
37.916667,-0.666667,"KE wasp_7",2,0.3,630.992858886719,25,6.68649196624756,706,15.7622909545898,84.3458938598633,4,-89,0,7297,921,102,143.323867797852
37.786111,-0.316667,"KE wasp_70",3.05342465753425,0.456027397260274,1302.00939941406,5,19.7231292724609,862,15.6442403793335,78.7006607055664,2,-100,13,4615,1484,102,291.394805908203
37.68,0.0344,"KE SOTER_108/3-2",1.13,0.06,1461.75891113281,1,24.5272407531738,1422,15.8704872131348,76.4416656494141,4,53,26,322,1177,95,312.582397460938
37.71,-0.02,"KE SOTER_122/1-28",3.65,0.15,1418.82189941406,2,22.7682151794434,1307,15.7943544387817,77.1942749023438,8,88,19,699,1555,99,305.170471191406
37.67,-0.09,"KE SOTER_122/1-34",1.05,0.67,1552.86560058594,0,27.3470973968506,1411,15.7734842300415,77.7457504272461,5,-40,38,-125,1759,89,335.47021484375
37.74,-0.09,"KE SOTER_122/1-35",1.55,0.21,1439.43395996094,2,23.1486721038818,1205,15.679102897644,76.6276245117188,13,1,16,228,1506,96,312.593811035156
37.72,-0.11,"KE SOTER_122/1-37",1.4,0.63,1416.72937011719,5,23.4622497558594,1144,15.6937351226807,76.0583801269531,18,-243,10,323,1680,94,311.33984375
37.69,-0.15,"KE SOTER_122/1-39",2.15,1.15,1350.38208007812,2,21.265682220459,1177,15.7224378585815,77.5660247802734,3,-178,17,851,1536,102,303.713684082031
37.63,-0.08,"KE SOTER_122/1-42",2.35,2,1671.37573242188,0,30.8418140411377,1719,15.9636497497559,79.6638412475586,12,262,37,-273,2202,91,356.907684326172
37.58,-0.08,"KE SOTER_122/1-46",0.26,0.77,1828.51745605469,0,35.9487762451172,2034,16.2136096954346,83.4728469848633,9,28,43,-536,1424,77,387.251556396484
37.61,-0.13,"KE SOTER_122/1-48",0.26,1.91,1705.95166015625,0,31.9997024536133,1843,16.0869998931885,81.0648422241211,19,-13,24,-1075,1636,86,364.308349609375
37.62,-0.15,"KE SOTER_122/1-49",0.66,0.63,1749.58654785156,0,32.734619140625,1807,16.0871276855469,81.5964889526367,7,278,58,-1769,1471,81,373.146148681641
37.67,-0.17,"KE SOTER_122/1-53",0.66,0.03,1481.20007324219,0,24.6219577789307,1329,15.8373107910156,78.872200012207,21,164,17,335,1622,91,319.927429199219
37.53,-0.22,"KE SOTER_122/1-54",0.22,0.53,1983.80871582031,0,42.1677284240723,2177,16.4741477966309,88.9366302490234,11,44,73,225,2047,89,423.019775390625
37.59,-0.03,"KE SOTER_122/1-58",1.42,1.41,1755.11254882812,0,33.8774299621582,1946,16.1125087738037,81.2941665649414,5,2,35,-929,1393,82,371.022125244141
37.57,-0.11,"KE SOTER_122/1-60",3.05342465753425,0.456027397260274,1864.05285644531,0,37.1899299621582,2044,16.2777061462402,84.9207077026367,8,-234,40,-771,2475,78,395.764282226562
37.87,-0.217,"KE SOTER_122/2-10",18.6,0.01,1152.67687988281,8,15.1536617279053,807,15.4394035339355,79.2351303100586,2,8,9,4016,1216,113,267.224456787109
37.78,-0.08,"KE SOTER_122/2-131",1.88,0.06,1292.73034667969,1,19.0225238800049,983,15.6351680755615,74.5478744506836,12,-136,19,2912,1374,97,286.783081054688
37.91,-0.056,"KE SOTER_122/2-15",2.7,0.27,1114.72229003906,4,13.8469247817993,805,15.4501838684082,78.5033493041992,9,96,10,2979,1367,101,256.422607421875
37.78,-0.12,"KE SOTER_122/2-2",2.8,0.9,1312.47229003906,0,20.0010070800781,1004,15.5984315872192,74.9296188354492,2,4,31,2448,1711,100,287.983093261719
37.73,-0.05,"KE SOTER_122/2-24",2,0.7,1411.75927734375,1,22.2094459533691,1248,15.7274341583252,77.3860244750977,7,46,24,1429,1247,99,305.684448242188
37.85,-0.16,"KE SOTER_122/2-26",3.5,0.1,1130.25122070312,4,14.3368606567383,804,15.4539613723755,78.5081024169922,2,-131,11,3794,1499,101,262.893524169922
37.83,-0.198,"KE SOTER_122/2-5",0.3,0.01,1141.47314453125,10,16.7744407653809,849,15.4744510650635,78.3801193237305,1,32,9,3588,1743,114,254.552017211914
37.86,-0.22,"KE SOTER_122/2-6a",6.2,0.01,1088.611328125,4,15.49485206604,807,15.4701824188232,79.2023086547852,1,-24,10,3986,1461,109,248.007019042969
37.86,-0.22,"KE SOTER_122/2-6b",2.2,0.92,1088.611328125,4,15.49485206604,807,15.4701824188232,79.2023086547852,1,-24,10,3986,1461,109,248.007019042969
37.5207,-0.4139,"KE SOTER_122/3-128",0.1,0.1,1882.58703613281,0,40.3298263549805,1762,16.4825267791748,86.937629699707,17,222,36,-232,1593,88,408.631866455078
37.538,-0.369,"KE SOTER_122/3-13",0.7,0.1,1833.28918457031,0,38.6580238342285,1744,16.4145565032959,85.9310836791992,9,125,38,991,1223,95,398.051391601562
37.64945,-0.4185,"KE SOTER_122/3-17",0.5,0.2,1597.78308105469,1,29.2605247497559,1351,16.1491889953613,83.3690338134766,9,165,23,-697,1321,94,351.534790039062
37.7264,-0.4404,"KE SOTER_122/3-3",2.3,0.7,1455.20361328125,2,23.2098236083984,1119,15.8175373077393,77.7618865966797,3,79,17,391,1724,99,322.408172607422
37.688,-0.4507,"KE SOTER_122/3-30",0.7,0.2,1466.56420898438,7,22.6983451843262,1168,15.9786720275879,80.4249954223633,4,17,10,96,1747,104,325.381225585938
37.749,-0.4514,"KE SOTER_122/3-4",1.2,0.2,1460.91845703125,3,22.5985794067383,1040,15.712215423584,76.1683349609375,13,70,13,2363,1389,90,324.321228027344
37.5362,-0.3507,"KE SOTER_122/3-48",3.05342465753425,0.456027397260274,1834.91296386719,0,38.7509231567383,1687,16.4011039733887,85.6267852783203,10,-283,74,2173,1438,97,398.824645996094
37.6983,-0.4514,"KE SOTER_122/3-53",0.5,0.7,1460.14501953125,1,22.9430618286133,1151,15.9349813461304,79.6252517700195,2,-12,20,160,1908,105,324.081024169922
37.6983,-0.4549,"KE SOTER_122/3-54",4.4,1,1460.14501953125,1,22.9430618286133,1151,15.9349813461304,79.6252517700195,2,-12,20,160,1908,105,324.081024169922
37.9592,-0.3296,"KE SOTER_122/4-114",1.2,0.2,1133.56970214844,8,12.6620578765869,660,15.3719339370728,80.1136245727539,17,-146,3,4085,1224,85,259.83740234375
37.7663,-0.3086,"KE SOTER_122/4-40",3.5,1,1394.32153320312,4,21.901180267334,988,15.5912656784058,76.1725616455078,3,-26,14,3273,1794,100,306.571655273438
37.8541,-0.3956,"KE SOTER_122/4-6",11.8,0.4,1026.32971191406,16,12.3293752670288,739,15.6295795440674,80.6447219848633,4,-88,2,6070,1351,110,250.326766967773
37.5407,-0.73,"KE SOTER_136/1-22",15,0.5,997.570434570312,17,17.4638519287109,1071,16.4377746582031,84.2729873657227,3,22,5,3420,1818,116,232.862411499023
37.6923,-0.7058,"KE SOTER_136/1-51",3,0.2,1426.51452636719,7,20.271125793457,1151,16.1650466918945,83.5791549682617,4,128,5,2706,1553,98,319.555725097656
37.55,-0.61,"KE SOTER_136/1-8",2.1,0.9,1054.53210449219,9,23.9873199462891,1159,16.3964366912842,84.3131790161133,3,-75,7,1071,1156,107,237.276519775391
37.5803,-0.77782,"KE SOTER_136/3-23",8.7,0.4,1185.09533691406,13,17.9812870025635,1071,16.4107322692871,85.0962982177734,4,-68,7,3412,1477,112,264.696441650391
