"X","Y","mg","annual_ppt","bareground","elevation","occ","ph20","slope","temp_annual_range","topo_pst_index","treecover","valley_depth","veg_index","wetness_index"
34.5776532859746,1.10686838523357,401,1660.96826171875,1,4083,127,60,28,17.3284225463867,-113,50,-1145,1915,69
34.6359866192146,1.07561838528357,358,1933.00756835938,0,3318,52,62,12,17.5900192260742,-282,29,-2486,1718,74
34.6234866192346,1.02561838536356,333,1958.04992675781,5,3273,30,61,8,17.5800819396973,244,15,-38,1890,80
34.5005699527646,1.01728505204356,335,1539.50573730469,0,3186,36,55,9,17.4819297790527,60,95,4952,1287,83
34.6089032859246,1.01728505204356,363,1899.77014160156,1,3204,26,60,8,17.5692043304443,120,26,1146,2053,85
34.6234866192346,1.00686838539356,269,1964.42456054688,1,3083,33,58,9,17.5693035125732,132,31,1181,1507,93
34.6630699525046,1.00686838539356,254,2070.24780273438,0,2987,42,57,10,17.5887031555176,238,34,-223,1514,80
34.6818199524745,1.00478505206356,257,2092.78979492188,0,2836,34,54,17,17.5647430419922,82,60,-1673,1500,77
34.5089032860846,1.00061838540356,365,1527.00805664062,0,3008,32,54,8,17.456579208374,0,48,5088,2057,81
34.6089032859246,1.00061838540356,277,1922.4462890625,0,3080,25,58,9,17.5614948272705,-14,60,1752,1383,88
34.5505699526846,0.994368385413562,309,1789.71801757812,3,3217,31,58,7,17.5053424835205,353,21,563,1843,81
34.6443199525346,0.994368385413562,266,2008.45642089844,0,2926,26,56,17,17.5515098571777,7,95,1260,1814,84
34.5797366193046,0.990201718753562,347,1902.97509765625,0,2982,31,56,14,17.502571105957,-439,64,1563,1928,80
34.5984866192746,0.988118385423562,295,1932.92248535156,0,3017,31,56,8,17.52197265625,162,84,1394,1641,90
34.6964032857845,0.988118385423562,243,2099.23217773438,0,2661,51,56,9,17.5403327941895,-73,50,-1797,1480,90
34.5922366192846,0.983951718763562,278,1899.40026855469,0,3040,27,57,2,17.5147380828857,110,30,1199,1769,85
34.5130699527446,0.981868385433562,372,1517.79431152344,0,2928,55,54,8,17.3871002197266,160,89,3898,1277,85
34.6859866191345,0.981868385433562,242,2074.43090820312,0,2753,31,55,13,17.5291576385498,-129,93,-1410,1386,90
34.6922366191245,0.981868385433562,241,2089.33081054688,0,2721,41,54,9,17.5371723175049,113,48,-2067,1440,97
34.5214032860646,0.977701718773562,353,1583.14086914062,0,2943,55,55,14,17.415922164917,-17,95,3386,1160,81
34.5339032860446,0.975618385443562,370,1646.01477050781,0,3008,41,54,10,17.4412879943848,160,39,2239,1156,83
34.6672366191645,0.963118385463563,269,2105.64428710938,0,2770,29,55,7,17.5205154418945,-10,96,-1449,1839,93
34.6797366191445,0.963118385463563,281,2093.62622070312,0,2674,38,53,20,17.5172595977783,43,95,-1436,1372,92
34.6943199524545,0.961035052133563,244,2079.080078125,0,2603,45,56,16,17.5125045776367,-389,67,-1727,1504,92
34.5880699526246,0.954785052143563,307,1680.62963867188,0,2726,38,53,15,17.428035736084,-460,83,2078,1468,82
34.6297366192246,0.954785052143563,241,1972.11437988281,0,2891,34,54,2,17.4937057495117,322,54,-1001,1584,93
34.6526532858546,0.952701718813563,280,2091.7001953125,0,2850,36,53,9,17.5051403045654,142,97,-1402,1696,87
34.6797366191445,0.950618385483563,270,2115.77807617188,0,2646,30,55,3,17.5151500701904,-142,90,-1707,1422,93
34.5401532860346,0.944368385493563,385,1674.17565917969,0,2710,40,52,20,17.3395462036133,-98,97,3758,1103,85
34.5109866194146,0.942285052163563,377,1703.10693359375,0,2695,44,51,4,17.2915363311768,91,77,5087,1886,92
34.5943199526146,0.940201718833563,300,1728.67858886719,0,2726,44,52,19,17.3961086273193,24,78,1659,1201,83
34.4984866194346,0.936035052173563,379,1681.9873046875,0,2646,50,52,15,17.2497444152832,162,94,5074,2322,89
34.4880699527846,0.929785052183563,369,1628.84973144531,0,2536,46,51,20,17.2020835876465,262,96,5156,2138,91
34.6297366192246,0.929785052183563,310,1936.64123535156,0,2755,46,53,25,17.4417400360107,518,76,-1594,1790,79
34.6776532858145,0.927701718853563,290,1976.64636230469,0,2512,39,54,26,17.4582004547119,-380,97,-614,1230,78
34.5318199527146,0.925618385523563,341,1651.00122070312,0,2549,45,52,30,17.2736110687256,-374,97,5426,1323,85
34.7047366191045,0.921451718863563,298,2027.4892578125,0,2482,30,54,18,17.4814605712891,179,68,-1298,1155,88
34.6880699524645,0.919368385533563,275,1973.79943847656,0,2436,40,54,13,17.456693649292,-236,62,-367,1799,84
34.6568199525146,0.913118385543563,327,1949.12414550781,0,2364,34,53,14,17.4165744781494,-355,98,732,1992,81
34.7130699524245,0.913118385543563,312,2021.41931152344,0,2453,25,54,12,17.4879512786865,252,97,22,1210,89
34.6901532857945,0.906868385553563,342,1854.23950195312,0,2357,25,54,14,17.4986228942871,142,82,464,1877,83
34.5672366193246,0.904785052223563,289,1756.68444824219,0,2412,31,55,11,17.2733707427979,-11,95,2645,1644,92
34.6818199524745,0.902701718893563,331,1828.21423339844,0,2451,28,53,12,17.4867839813232,562,98,-618,1725,84
34.5026532860946,0.890201718913563,351,1840.02038574219,0,2366,35,52,10,17.2433662414551,3,98,4946,2105,96
34.5297366193846,0.888118385583563,378,1877.83276367188,0,2449,40,57,4,17.2190036773682,142,87,2703,1580,83
34.5339032860446,0.888118385583563,374,1877.83276367188,0,2449,40,57,4,17.2190036773682,142,87,2703,1580,83
34.6443199525346,0.881868385593563,325,1757.69702148438,0,2267,30,55,6,17.5810317993164,-40,98,1202,2175,85
34.4734866194746,0.873535052273563,293,1649.29345703125,0,2229,30,54,20,17.3913536071777,-82,99,6269,1493,87
35.0068199519544,0.873535052273563,302,1348.87390136719,8,1809,25,61,5,18.6683654785156,100,11,987,1205,109
34.5255699527246,0.869368385613563,312,1658.4990234375,0,2283,39,57,15,17.434139251709,-131,47,3653,2270,84
34.5568199526746,0.865201718953563,298,1882.826171875,0,2241,40,58,4,17.5010604858398,-2,27,1618,1517,95
34.7422366190445,0.865201718953563,389,1852.2646484375,3,2012,29,59,9,18.1990222930908,-14,23,1895,1740,87
34.4964032861046,0.863118385623563,238,1873.00939941406,0,2300,27,53,14,17.3803997039795,-13,97,4264,2133,91
34.5693199526546,0.858951718963563,295,1823.55651855469,1,2233,36,58,7,17.5309009552002,-8,17,1443,1659,97
35.0401532852344,0.856868385633563,317,1182.22509765625,1,1783,21,59,3,18.683988571167,-100,21,1229,1330,103
35.1109866184543,0.852701718973563,321,1149.20971679688,4,1823,21,57,16,18.6482219696045,-91,12,884,1953,100
34.7255699524045,0.850618385643563,384,1772.01940917969,4,1975,30,60,8,18.2294483184814,25,15,2579,1429,90
35.0214032852644,0.850618385643563,290,1198.02905273438,3,1767,21,60,2,18.7010402679443,-113,12,1432,1429,104
35.1109866184543,0.850618385643563,316,1149.20971679688,4,1823,21,57,16,18.6482219696045,-91,12,884,1953,100
34.5026532860946,0.846451718983563,274,1823.72717285156,0,2244,31,55,11,17.5092506408691,433,98,3233,1530,81
34.7818199523145,0.846451718983563,376,1401.28698730469,3,1729,19,60,5,18.5794639587402,-236,25,2872,1411,95
35.0193199519344,0.838118385663563,280,1348.70080566406,3,1803,23,62,3,18.6729736328125,72,17,968,1216,103
34.4297366195447,0.833951719003563,332,1156.05603027344,1,1531,16,57,12,17.8236408233643,52,18,9612,1675,96
34.8068199522745,0.833951719003563,381,1323.87158203125,2,1682,19,59,3,18.61301612854,-173,18,2553,1276,97
35.0234866185944,0.833951719003563,330,1230.74584960938,1,1771,20,60,4,18.6995697021484,-51,21,1304,1193,103
35.0839032851643,0.833951719003563,289,1305.20690917969,3,1863,18,57,3,18.6189250946045,49,14,617,2201,108
34.7964032856245,0.829785052343563,310,1468.12060546875,2,1720,18,59,5,18.6012592315674,80,19,2165,2770,106
35.0380699519044,0.829785052343563,299,1160.29870605469,5,1794,17,59,2,18.6956958770752,37,10,1123,1821,106
34.4443199528547,0.827701719013563,371,1157.08703613281,1,1524,18,57,5,17.8203430175781,-11,21,8282,1717,94
34.4568199528346,0.825618385683563,367,1257.79028320312,1,1643,31,57,9,17.8988742828369,-29,27,7312,1270,85
35.0047366186244,0.825618385683563,288,1328.36499023438,11,1804,22,61,2,18.6808605194092,49,6,836,1127,102
35.0255699519244,0.825618385683563,301,1219.888671875,4,1765,20,60,1,18.7043724060059,-75,13,1383,1453,106
34.8047366189445,0.823535052353563,329,1371.38806152344,1,1686,18,60,4,18.599235534668,-41,20,2217,2262,104
34.8630699521845,0.823535052353563,303,1439.66674804688,1,1739,17,59,5,18.6436023712158,-74,20,667,2467,104
34.4464032861847,0.821451719023563,323,1183.96887207031,1,1558,17,59,6,17.8255252838135,71,17,6001,2016,90
35.1401532850743,0.819368385693563,282,1112.01159667969,6,1855,22,61,4,18.6390933990479,50,9,1002,1392,111
34.7172366190845,0.817285052363563,382,1560.35229492188,3,1693,22,58,6,18.4667682647705,-330,23,4202,1591,95
34.7797366189845,0.817285052363563,314,1324.37133789062,3,1696,18,59,3,18.56764793396,-36,16,2768,1815,107
34.8901532854744,0.817285052363563,234,1522.1259765625,0,1736,16,59,4,18.6745777130127,-98,40,791,1610,103
34.8943199521344,0.817285052363563,254,1522.1259765625,0,1736,16,59,4,18.6745777130127,-98,40,791,1610,103
34.7464032857045,0.808951719043563,301,1486.341796875,2,1697,21,58,4,18.5146789550781,6,19,3098,1946,106
34.8651532855145,0.802701719053563,222,1427.70336914062,6,1735,16,60,4,18.6516418457031,-16,8,661,1480,103
35.0380699519044,0.800618385723563,284,1273.82446289062,6,1776,19,60,3,18.698543548584,-38,10,1237,1232,107
34.7339032857245,0.798535052393563,281,1469.97595214844,3,1708,20,58,4,18.4686489105225,57,19,2623,2143,106
35.0734866185144,0.796451719063563,303,1131.90710449219,5,1780,16,58,2,18.7148056030273,-28,9,1472,1328,108
34.9797366186644,0.794368385733563,313,1147.38146972656,3,1708,20,60,2,18.7411041259766,-115,22,1559,1450,103
34.4255699528847,0.792285052403563,271,1173.33557128906,4,1438,13,59,4,17.7329883575439,64,13,1840,1750,106
34.4922366194446,0.792285052403563,299,1376.60217285156,3,1627,20,58,5,17.9064598083496,99,11,5142,1698,99
34.5214032860646,0.792285052403563,328,1249.04858398438,2,1626,24,57,4,18.0037899017334,-107,22,6195,2208,91
35.0359866185744,0.792285052403563,292,1389.21862792969,3,1800,18,59,4,18.6715774536133,1,12,1102,1071,107
35.0839032851643,0.792285052403563,345,1137.61901855469,3,1804,15,58,3,18.7043304443359,70,14,1374,1736,111
34.8693199521745,0.788118385743563,225,1313.70983886719,4,1702,18,61,4,18.6420230865479,-12,9,864,1454,101
35.0943199518143,0.788118385743563,317,1109.58959960938,3,1771,17,62,4,18.71435546875,-106,16,1942,1466,110
35.0505699518844,0.783951719083563,253,1375.47216796875,11,1808,16,60,6,18.6787738800049,103,8,1135,1459,106
35.0172366186044,0.781868385753563,231,1287.37915039062,3,1820,22,58,4,18.6763305664062,213,14,670,1514,106
35.0964032851443,0.779785052423563,308,1119.21228027344,9,1810,15,58,3,18.6910552978516,4,4,1710,1596,109
34.5172366194046,0.775618385763563,286,1248.42077636719,0,1627,17,58,5,17.9260234832764,129,20,5192,1486,98
34.9672366186844,0.775618385763563,270,1160.55920410156,12,1710,15,58,2,18.7277050018311,25,1,1444,1571,106
35.1234866184343,0.773535052433563,343,1178.91284179688,4,1862,22,60,4,18.6383476257324,31,11,1586,2056,104
35.0859866184943,0.771451719103563,287,1100.1279296875,5,1797,18,58,3,18.7063636779785,39,11,1714,2005,105
34.7339032857245,0.769368385773563,291,1525.68627929688,4,1671,19,58,5,18.4341278076172,-5,15,2284,2167,109
34.9984866186344,0.769368385773563,255,1147.82434082031,4,1738,14,57,4,18.7374458312988,30,12,1065,1663,99
35.0026532852944,0.769368385773563,276,1147.82434082031,4,1738,14,57,4,18.7374458312988,30,12,1065,1663,99
34.7318199523945,0.767285052443563,296,1525.68627929688,4,1671,19,58,5,18.4341278076172,-5,15,2284,2167,109
35.1380699517443,0.767285052443563,366,1164.03540039062,8,1869,19,58,1,18.6301612854004,-26,4,1574,2235,113
34.5255699527246,0.763118385783563,229,1283.95007324219,0,1635,20,56,8,17.9127235412598,163,15,4060,1746,91
34.5609866193346,0.763118385783563,324,1601.84558105469,1,1645,22,57,4,18.0362567901611,-4,23,3322,1635,96
34.4984866194346,0.761035052453563,246,1178.66235351562,1,1561,15,58,7,17.8034191131592,142,16,4878,1988,99
34.6026532859346,0.761035052453563,277,1797.73388671875,0,1675,25,56,7,18.1443195343018,87,31,3044,1573,91
34.7380699523845,0.761035052453563,294,1541.10546875,2,1660,20,59,4,18.4367084503174,-55,18,2011,2404,111
34.9547366187044,0.761035052453563,283,1110.62438964844,4,1678,22,60,3,18.7122535705566,28,12,1686,1857,106
34.4609866194946,0.758951719123563,304,1279.95849609375,0,1473,15,60,6,17.7150077819824,106,25,983,1863,103
34.9422366187244,0.756868385793563,291,1119.25891113281,2,1640,22,62,4,18.6910095214844,-105,21,2094,2038,107
35.0693199518544,0.756868385793563,304,1105.6376953125,7,1759,20,59,8,18.7242107391357,-36,5,2104,1452,104
34.4922366194446,0.754785052463563,271,1174.61462402344,1,1523,17,58,10,17.7555198669434,49,11,3969,1488,99
34.7818199523145,0.754785052463563,211,1342.49816894531,2,1663,22,59,4,18.4878082275391,42,17,736,2093,109
35.1318199517543,0.752701719133563,383,1252.90515136719,6,1918,20,58,2,18.6015949249268,70,6,1296,1370,117
34.5318199527146,0.750618385803563,268,1632.89990234375,1,1652,20,56,20,17.9623413085938,45,16,3159,1887,85
34.6026532859346,0.750618385803563,239,1716.79870605469,1,1642,19,57,6,18.1119766235352,19,31,2492,1848,95
34.6193199525746,0.750618385803563,217,1660.83166503906,0,1626,17,58,2,18.1410846710205,87,35,3278,1411,108
34.5380699527046,0.748535052473563,243,1739.95703125,1,1654,18,56,7,17.9562435150146,65,8,2042,1564,88
34.8234866189145,0.748535052473563,256,1201.4306640625,1,1610,15,59,5,18.5350646972656,-116,33,1843,1693,108
34.8318199522345,0.746451719143563,250,1170.79870605469,5,1631,15,60,4,18.5490741729736,3,12,1541,1710,109
34.4422366195247,0.744368385813563,305,1307.38818359375,1,1413,13,60,7,17.6658630371094,-43,21,1874,1592,104
35.0339032852444,0.744368385813563,318,1032.97692871094,5,1676,18,57,5,18.7584457397461,-219,13,2063,1209,99
34.8068199522745,0.742285052483563,192,1335.70397949219,2,1649,19,59,2,18.5152111053467,40,21,1241,2103,112
34.8443199522145,0.742285052483563,242,1164.09765625,1,1620,14,60,2,18.563419342041,-118,29,1707,2496,107
34.9651532853544,0.742285052483563,314,1145.70324707031,3,1648,22,61,5,18.7120361328125,-153,16,2062,1535,100
35.0172366186044,0.742285052483563,302,1037.8662109375,1,1680,18,59,4,18.7496185302734,-88,18,1850,1533,101
34.5943199526146,0.740201719153563,297,1644.279296875,0,1586,15,56,3,18.0373401641846,-77,30,1563,1320,100
34.7505699523645,0.740201719153563,195,1531.01489257812,1,1678,20,58,3,18.420482635498,47,28,980,1677,111
34.7818199523145,0.738118385823563,260,1376.15063476562,0,1610,16,59,4,18.4624423980713,-113,37,1098,2057,113
34.9297366187444,0.738118385823563,339,1142.90393066406,2,1631,19,61,1,18.6731834411621,-119,15,2058,1310,103
34.4797366194646,0.736035052493563,240,1238.46643066406,2,1474,15,58,5,17.7085762023926,-89,16,3274,1629,95
35.0234866185944,0.736035052493563,326,1054.52124023438,3,1680,18,58,7,18.7516326904297,-74,14,1974,1486,100
34.6297366192246,0.733951719163563,164,1560.61511230469,1,1577,15,60,5,18.1276741027832,78,20,3327,2594,113
34.7380699523845,0.733951719163563,228,1395.47668457031,3,1670,17,58,6,18.3976249694824,77,12,1021,2018,105
34.8151532855945,0.733951719163563,239,1236.12939453125,1,1624,15,60,3,18.5140743255615,38,21,1453,1772,110
34.9026532854544,0.733951719163563,258,1583.81396484375,1,1738,14,59,2,18.645975112915,62,22,958,1223,108
34.9797366186644,0.733951719163563,306,1351.73413085938,2,1712,22,60,6,18.710786819458,-2,19,1334,1632,93
35.0276532852544,0.731868385833563,346,1076.71813964844,2,1737,17,59,3,18.7459812164307,97,11,1486,1421,102
34.8297366189045,0.729785052503563,212,1168.5556640625,4,1640,12,58,3,18.5330772399902,102,9,1458,1741,109
34.7797366189845,0.727701719173563,219,1509.98999023438,1,1640,18,57,4,18.4621315002441,-51,30,915,2016,112
34.9422366187244,0.727701719173563,294,1103.55102539062,4,1664,19,59,3,18.6803665161133,-8,10,1880,1439,102
35.0734866185144,0.725618385843563,306,1251.71569824219,5,1865,22,59,6,18.641393661499,56,11,1251,2189,102
34.9526532853744,0.723535052513563,323,1143.0078125,2,1702,21,60,6,18.6816215515137,11,14,1578,1445,95
34.6609866191746,0.721451719183563,259,1381.28186035156,0,1536,16,58,5,18.1395244598389,46,18,3229,1979,114
34.7776532856545,0.721451719183563,218,1614.96643066406,0,1670,22,59,3,18.4482345581055,40,52,484,1540,118
34.7984866189545,0.721451719183563,190,1556.18322753906,2,1656,21,59,4,18.4844665527344,90,18,866,1735,111
35.0464032852244,0.721451719183563,293,1181.39318847656,0,1856,33,59,7,18.6496391296387,158,58,1010,1345,99
35.0547366185444,0.721451719183563,315,1284.62145996094,4,1884,23,61,2,18.6216678619385,136,13,537,1460,107
34.4484866195147,0.719368385853563,373,1129.13696289062,0,1365,17,60,1,17.6499900817871,-44,34,2904,1796,101
34.9901532853144,0.719368385853563,315,1507.12719726562,4,1814,27,61,10,18.6454582214355,225,12,47,1439,95
34.6255699525646,0.715201719193563,167,1590.97277832031,0,1567,17,57,3,18.0564098358154,17,29,1879,2054,117
34.5318199527146,0.713118385863563,221,1263.478515625,1,1490,14,58,6,17.7742366790771,-130,20,2402,1556,94
34.5943199526146,0.713118385863563,199,1668.54418945312,0,1577,15,59,2,17.9752368927002,-7,11,788,1564,106
34.9693199520144,0.713118385863563,311,1304.8681640625,1,1781,29,60,11,18.6428909301758,-64,19,750,2326,96
34.9172366187644,0.706868385873563,259,1213.58862304688,4,1677,20,60,5,18.6371040344238,165,11,1504,2027,102
34.5547366193446,0.702701719213564,209,1287.9267578125,2,1503,14,58,11,17.8344898223877,-192,13,2028,1416,94
34.7984866189545,0.702701719213564,215,1624.15881347656,2,1654,18,58,4,18.4671764373779,15,24,572,2017,111
34.9964032853044,0.702701719213564,338,1451.966796875,7,1837,22,59,3,18.617546081543,68,8,-12,1623,105
34.4193199528947,0.700618385883564,276,1507.64416503906,1,1387,13,56,3,17.5136241912842,-13,17,1659,3002,108
35.0672366185244,0.700618385883564,322,1283.85498046875,10,1896,20,57,2,18.6155319213867,70,5,528,1364,116
34.5443199526946,0.698535052553564,219,1193.80407714844,1,1455,13,59,5,17.7680149078369,-179,19,2658,1583,96
34.8255699522445,0.696451719223564,245,1299.83312988281,2,1585,15,59,3,18.4792976379395,-69,17,1636,1939,107
34.6339032858846,0.694368385893564,206,1557.60229492188,0,1540,18,58,3,18.0376586914062,-21,19,1983,2413,113
34.5380699527046,0.692285052563564,191,1193.80407714844,1,1455,13,59,5,17.7680149078369,-179,19,2658,1583,96
34.5526532860146,0.692285052563564,204,1263.99926757812,1,1497,14,58,7,17.7918853759766,-134,18,2316,1589,95
34.8130699522645,0.690201719233564,181,1519.34594726562,1,1626,19,58,2,18.4672603607178,44,33,1022,1884,106
34.8464032855445,0.690201719233564,267,1234.62756347656,4,1638,14,60,2,18.5200862884521,128,10,1580,1975,108
34.4755699528046,0.686035052573564,307,1183.08874511719,0,1396,9,59,3,17.6245441436768,52,28,2830,1670,113
34.5922366192846,0.686035052573564,218,1695.64599609375,4,1560,18,57,3,17.9169845581055,-6,13,1342,2303,109
34.6672366191645,0.683951719243564,308,1401.05932617188,1,1506,17,58,3,18.0936603546143,-98,14,2058,2045,112
35.0047366186244,0.681868385913564,391,1266.84289550781,10,1853,22,59,7,18.6152877807617,72,8,-233,1146,108
34.5380699527046,0.679785052583564,222,1407.02661132812,2,1554,15,60,3,17.7385406494141,135,12,1707,2387,100
34.7797366189845,0.679785052583564,192,1475.45239257812,0,1632,15,58,3,18.397087097168,41,39,436,1886,111
34.8109866189345,0.679785052583564,211,1563.49389648438,3,1643,15,58,1,18.4472827911377,58,20,726,1641,112
34.5464032860246,0.677701719253564,207,1461.82690429688,1,1568,16,60,3,17.7704315185547,172,14,1503,2375,105
34.5547366193446,0.677701719253564,210,1458.07556152344,3,1550,18,59,4,17.7912101745605,46,13,1598,2817,101
34.5797366193046,0.677701719253564,212,1733.60424804688,0,1586,17,56,3,17.8870410919189,131,25,1223,1996,119
34.6339032858846,0.677701719253564,169,1583.81213378906,2,1560,18,57,2,18.0070781707764,116,15,1170,2033,112
34.8380699522245,0.675618385923564,272,1180.40124511719,2,1597,16,60,4,18.4873008728027,39,20,1674,1751,104
34.8401532855545,0.675618385923564,279,1180.40124511719,2,1597,16,60,4,18.4873008728027,39,20,1674,1751,104
34.8818199521544,0.675618385923564,272,1148.67150878906,3,1593,15,61,3,18.5624828338623,-94,12,2115,1332,104
34.7547366190245,0.673535052593564,207,1626.97802734375,0,1649,19,57,4,18.3532848358154,59,23,211,1615,106
34.5630699526646,0.671451719263564,214,1521.02673339844,1,1537,17,58,4,17.7995643615723,-98,17,2033,1788,102
34.6109866192546,0.671451719263564,181,1586.91027832031,1,1525,18,58,4,17.9107418060303,-73,26,1422,2383,108
34.8109866189345,0.669368385933564,224,1515.40356445312,1,1637,14,58,2,18.4346523284912,70,20,518,1735,108
34.8901532854744,0.669368385933564,234,1176.60766601562,0,1654,17,56,3,18.5758762359619,103,30,1508,1515,103
34.9089032854444,0.669368385933564,336,1181.51721191406,0,1651,17,56,4,18.6042957305908,25,97,1705,1294,103
34.9234866187544,0.669368385933564,337,1127.05676269531,3,1656,18,55,3,18.6269912719727,-68,18,1712,1328,103
35.0109866186144,0.667285052603564,388,1238.97473144531,0,1839,18,57,4,18.6166248321533,37,38,-16,1617,112
34.8880699521444,0.663118385943564,286,1174.10754394531,0,1637,20,56,5,18.5704727172852,-8,82,1728,1383,100
34.4922366194446,0.661035052613564,226,1164.57751464844,0,1397,11,58,5,17.600887298584,-110,22,2793,1949,100
34.5526532860146,0.661035052613564,215,1397.88317871094,1,1501,17,59,5,17.7150001525879,-169,18,2398,1748,99
34.7401532857145,0.661035052613564,220,1195.01501464844,0,1547,18,58,4,18.2536239624023,-66,22,1505,2160,97
34.6526532858546,0.658951719283564,201,1572.54602050781,3,1512,16,58,3,18.0069847106934,-9,12,588,2023,110
34.9797366186644,0.656868385953564,297,1188.75854492188,0,1820,26,59,9,18.6235389709473,147,23,315,2299,92
34.8359866188945,0.652701719293564,285,1334.77331542969,0,1591,16,59,5,18.4461860656738,48,22,1102,2185,102
34.8943199521344,0.652701719293564,287,1145.80603027344,0,1618,22,56,4,18.5573139190674,-25,46,1677,1471,99
34.4318199528747,0.650618385963564,229,1195.67346191406,1,1320,12,57,3,17.4630279541016,-39,20,2487,1934,110
34.5005699527646,0.650618385963564,263,1255.66625976562,0,1423,12,57,6,17.5837211608887,-141,13,2585,1871,97
34.6651532858345,0.650618385963564,193,1439.84899902344,0,1494,16,56,4,18.0390148162842,35,20,481,2947,112
35.0464032852244,0.650618385963564,357,1350.09936523438,1,1885,18,57,2,18.6116733551025,18,23,451,1435,116
34.5089032860846,0.648535052633564,195,1413.48010253906,0,1519,14,58,6,17.5600547790527,162,19,1690,2060,99
34.7214032857445,0.648535052633564,252,1093.20678710938,1,1470,16,59,2,18.191255569458,-28,18,2180,1990,106
34.7734866189945,0.648535052633564,202,1726.78662109375,4,1645,17,58,4,18.3521118164062,58,15,33,2212,101
34.9880699519844,0.648535052633564,340,1259.41467285156,2,1841,21,59,2,18.6105442047119,156,25,-223,1870,104
34.7464032857045,0.646451719303564,224,1220.71887207031,0,1544,18,57,10,18.247241973877,-141,13,1389,1947,94
34.7526532856945,0.644368385973564,215,1220.71887207031,0,1544,18,57,10,18.247241973877,-141,13,1389,1947,94
35.0089032852844,0.640201719313564,319,1235.00854492188,1,1794,23,60,0,18.6367931365967,-133,17,355,1494,101
35.0589032852044,0.640201719313564,319,1246.69934082031,7,1885,16,59,3,18.6422672271729,169,7,544,1394,101
34.5401532860346,0.638118385983564,256,1413.29870605469,0,1465,17,56,2,17.63796043396,-187,30,1992,1680,101
34.8089032856045,0.638118385983564,251,1372.04370117188,0,1577,13,58,3,18.3782482147217,-85,29,759,1910,107
34.5693199526546,0.636035052653564,196,1784.98156738281,0,1611,17,54,5,17.7481689453125,245,21,1078,2189,96
34.7172366190845,0.636035052653564,285,1124.76928710938,0,1456,17,59,1,18.1619682312012,-31,43,2249,2002,109
34.8609866188545,0.636035052653564,225,1149.03967285156,3,1613,17,59,5,18.4818305969238,138,13,1853,1373,104
34.6964032857845,0.633951719323564,210,1305.24633789062,2,1487,17,58,2,18.1094169616699,79,13,792,2957,116
34.3922366196047,0.631868385993564,237,1297.91003417969,1,1285,12,56,7,17.2812023162842,48,22,2397,2655,100
34.7734866189945,0.631868385993564,200,1709.24438476562,4,1661,19,56,5,18.3358573913574,202,12,141,2174,96
35.0172366186044,0.631868385993564,368,1280.05883789062,4,1828,22,60,4,18.6271457672119,35,12,434,1578,104
34.8339032855645,0.629785052663564,305,1151.1513671875,2,1556,15,59,8,18.4087295532227,57,13,1356,1351,102
35.0297366185844,0.629785052663564,356,1245.48254394531,4,1807,23,59,5,18.6485061645508,-48,13,895,1422,99
34.9005699521244,0.623535052673564,249,1316.75048828125,2,1678,15,57,6,18.568338394165,-84,17,1018,1859,98
34.9130699521044,0.623535052673564,278,1297.93469238281,2,1683,17,59,3,18.5936088562012,-65,16,1055,1749,96
34.3880699529447,0.619368386013564,209,1426.79248046875,6,1326,9,58,3,17.244047164917,191,3,1794,1995,111
34.5651532859946,0.619368386013564,161,1574.35705566406,0,1493,15,57,4,17.676025390625,-10,11,1566,2228,97
34.4672366194846,0.617285052683564,292,1269.25903320312,1,1341,10,57,4,17.452564239502,-27,8,2064,1563,101
34.8818199521544,0.617285052683564,238,1206.37487792969,1,1682,18,58,9,18.5260448455811,20,21,511,1908,89
34.5609866193346,0.615201719353564,170,1490.55993652344,2,1460,18,55,6,17.6442832946777,-87,14,1366,2549,99
34.7797366189845,0.613118386023564,187,1606.99768066406,0,1636,18,56,8,18.3158798217773,297,33,341,1488,99
34.9505699520444,0.611035052693564,274,1285.29333496094,2,1685,18,59,7,18.6292858123779,-20,14,1070,1867,99
34.4422366195247,0.608951719363564,313,1290.00805664062,1,1301,9,58,3,17.3715171813965,-19,14,2250,2196,109
34.5672366193246,0.606868386033564,172,1424.8837890625,0,1443,19,56,4,17.6626567840576,-71,22,1444,1991,102
34.8276532855745,0.606868386033564,212,1139.19189453125,2,1565,16,59,2,18.3625164031982,132,13,1545,1696,106
34.7193199524145,0.604785052703564,237,1179.79992675781,2,1466,16,58,2,18.110746383667,0,16,1936,1920,112
34.4422366195247,0.602701719373564,296,1290.00805664062,1,1301,9,58,3,17.3715171813965,-19,14,2250,2196,109
34.4443199528547,0.600618386043564,288,1258.2978515625,1,1296,10,56,3,17.3541564941406,-19,24,2368,2084,112
34.6901532857945,0.600618386043564,260,1184.71276855469,0,1443,15,61,3,18.0365581512451,-34,26,1418,1807,111
34.8526532855345,0.600618386043564,245,1121.9833984375,0,1576,16,58,6,18.411714553833,29,14,1586,1750,102
34.7880699523045,0.598535052713564,233,1293.98901367188,3,1575,20,56,12,18.2775173187256,190,11,941,1469,91
34.8859866188144,0.598535052713564,261,1133.38610839844,0,1623,16,58,5,18.4994163513184,-102,19,1065,1658,93
34.8880699521444,0.598535052713564,255,1151.12963867188,2,1677,18,58,12,18.5225296020508,-42,14,760,1658,88
34.4547366195047,0.596451719383564,328,1203.80615234375,0,1294,12,58,1,17.40553855896,-42,16,2331,1551,107
34.6484866191946,0.596451719383564,190,1515.47473144531,1,1480,17,57,2,17.9020805358887,16,19,247,1939,110
34.7172366190845,0.596451719383564,233,1229.53686523438,0,1458,16,58,1,18.0955257415771,-65,17,1923,1692,113
34.7922366189645,0.594368386053564,248,1293.98901367188,3,1575,20,56,12,18.2775173187256,190,11,941,1469,91
34.8714032855044,0.594368386053564,264,1138.16369628906,2,1677,16,57,14,18.4861221313477,464,17,614,1646,90
34.9172366187644,0.594368386053564,257,1422.87255859375,2,1768,21,59,3,18.5459384918213,14,16,204,1713,93
34.8818199521544,0.592285052723564,282,1102.92517089844,1,1587,16,58,3,18.48215675354,-167,19,1407,1389,93
34.6526532858546,0.588118386063564,182,1508.96264648438,1,1461,15,56,4,17.8904514312744,-86,18,522,1548,111
34.6859866191345,0.588118386063564,273,1197.88708496094,0,1435,20,60,1,18.0029602050781,-40,32,1266,1612,113
34.8172366189245,0.586035052733564,227,1095.39807128906,1,1512,18,56,5,18.3197822570801,-98,16,2122,1293,101
34.4734866194746,0.583951719403564,226,1176.84313964844,0,1308,13,56,3,17.4153804779053,17,18,1980,2197,110
34.8026532856145,0.579785052743564,212,1058.10314941406,0,1452,15,56,2,18.2871246337891,-128,64,2454,1346,100
34.3901532862747,0.577701719413564,268,1365.79638671875,2,1270,13,58,2,17.1501655578613,-10,14,2333,2368,117
34.8672366188445,0.577701719413564,279,1127.8837890625,0,1576,14,58,5,18.4391136169434,-16,20,1649,1367,100
34.6318199525546,0.575618386083564,168,1515.64379882812,2,1480,18,58,3,17.8052024841309,89,16,196,2011,110
34.7568199523545,0.567285052763564,187,1367.58618164062,2,1489,15,58,1,18.1552505493164,47,10,1913,1789,109
34.6630699525046,0.565201719433564,203,1567.50378417969,11,1459,17,57,3,17.8976058959961,-19,6,981,1518,111
34.5484866193546,0.563118386103564,176,1383.58862304688,0,1420,16,54,2,17.5448131561279,-4,16,704,1798,105
34.6630699525046,0.558951719443564,203,1617.72644042969,0,1475,16,56,3,17.8794136047363,63,26,939,1500,111
34.4276532862147,0.556868386113564,266,1240.7421875,1,1288,14,55,2,17.1934032440186,62,16,1665,1531,115
34.4922366194446,0.556868386113564,236,1164.19384765625,1,1313,15,55,3,17.4009799957275,-69,18,1575,2103,107
34.6922366191245,0.556868386113564,213,1230.50512695312,0,1443,15,56,3,17.9744434356689,-23,23,1745,1835,113
34.5859866192946,0.554785052783564,187,1330.31140136719,2,1425,17,56,3,17.6267509460449,37,11,695,3213,114
34.6630699525046,0.550618386123564,192,1627.99865722656,1,1474,15,56,3,17.8671474456787,57,19,972,1431,111
34.7443199523745,0.550618386123564,171,1374.39965820312,0,1489,17,57,3,18.0901317596436,120,16,1954,1874,111
34.8193199522545,0.548535052793564,220,1084.26354980469,2,1474,15,59,2,18.2800426483154,-88,8,2603,1645,105
34.4984866194346,0.546451719463564,222,1270.82849121094,0,1339,16,55,4,17.3921985626221,-61,19,1272,2196,104
34.7651532856745,0.546451719463564,207,1146.62707519531,1,1442,15,58,5,18.1666812896729,-102,17,2646,1354,105
34.4880699527846,0.544368386133564,244,1246.95129394531,1,1329,18,56,3,17.3705635070801,-22,18,1306,1807,104
34.4339032862047,0.542285052803564,311,1267.44885253906,0,1296,14,56,4,17.1701259613037,69,11,1166,1899,110
34.6505699525246,0.538118386143564,197,1626.67517089844,2,1489,16,56,1,17.7943248748779,78,16,785,1677,117
34.7734866189945,0.525618386163564,210,1164.93908691406,5,1463,13,57,2,18.1507244110107,-55,10,2591,1997,109
34.4193199528947,0.521451719503564,214,1260.70471191406,2,1272,13,56,2,17.0749778747559,12,12,1024,1886,113
34.6276532858946,0.521451719503564,180,1295.75061035156,2,1402,15,55,4,17.7178478240967,-137,18,1402,1958,110
34.6401532858746,0.519368386173564,159,1486.59924316406,0,1480,18,53,3,17.7486896514893,125,21,1003,2239,106
34.7214032857445,0.515201719513564,215,1195.63061523438,1,1433,15,58,2,18.0130672454834,-36,16,2634,1689,110
34.4984866194346,0.511035052853564,273,1405.89074707031,1,1356,18,56,3,17.3160381317139,10,15,360,1560,106
34.6839032858045,0.511035052853564,221,1282.32275390625,0,1410,14,56,2,17.8914909362793,-92,25,2338,1844,113
34.6859866191345,0.511035052853564,214,1282.32275390625,0,1410,14,56,2,17.8914909362793,-92,25,2338,1844,113
34.8922366188044,0.508951719523564,334,1124.478515625,0,1641,18,56,18,18.4329376220703,-286,15,3631,1428,80
34.5609866193346,0.506868386193564,196,1501.98352050781,2,1398,16,56,3,17.4648818969727,53,17,290,1731,107
34.8276532855745,0.506868386193564,190,1179.36877441406,1,1510,13,57,3,18.2405166625977,-30,19,3309,2035,106
34.7630699523445,0.500618386203564,177,1245.62390136719,1,1493,13,57,4,18.076639175415,12,15,2549,1703,109
34.3901532862747,0.498535052873564,267,1253.67687988281,1,1235,11,56,3,16.9192962646484,-81,17,1330,1862,111
34.4714032861446,0.498535052873564,216,1370.98254394531,1,1300,15,56,2,17.2080421447754,-62,27,693,1615,107
34.7276532857345,0.496451719543564,186,1194.0927734375,2,1444,15,56,3,17.9843063354492,-10,15,2721,2080,110
34.8318199522345,0.494368386213564,160,1222.99426269531,0,1555,15,55,2,18.2633438110352,100,19,3345,1772,103
34.8005699522845,0.492285052883564,172,1352.70788574219,1,1534,14,56,5,18.1665019989014,62,12,2791,2460,103
34.6318199525546,0.490201719553564,165,1478.03857421875,0,1437,14,54,4,17.6788272857666,85,21,1382,1899,107
34.5651532859946,0.488118386223564,217,1430.59313964844,0,1367,18,56,4,17.4718017578125,-8,14,428,1841,106
34.5901532859546,0.488118386223564,179,1441.333984375,0,1394,13,55,3,17.5459938049316,61,17,687,1979,108
34.6026532859346,0.488118386223564,217,1333.46435546875,1,1368,12,56,5,17.5830078125,-9,15,1182,1910,108
34.7714032856645,0.488118386223564,165,1269.00366210938,1,1517,12,56,2,18.0888328552246,11,16,2457,1810,109
34.8130699522645,0.488118386223564,196,1205.65270996094,0,1518,14,56,5,18.2011604309082,-70,29,3535,1744,104
34.4797366194646,0.486035052893564,214,1223.85571289062,1,1301,17,57,2,17.2276363372803,-12,14,778,1712,109
34.6297366192246,0.486035052893564,168,1478.03857421875,0,1437,14,54,4,17.6788272857666,85,21,1382,1899,107
34.8693199521745,0.479785052903564,232,1141.67419433594,0,1543,16,56,3,18.3289623260498,-87,51,4473,1396,101
34.9068199521144,0.479785052903564,275,1113.67858886719,1,1626,16,58,3,18.4486598968506,-146,12,4329,2386,85
34.4526532861747,0.477701719573564,199,1276.99267578125,2,1279,14,56,3,17.0858039855957,-35,15,947,1786,112
34.5318199527146,0.475618386243564,191,1599.82238769531,0,1384,18,56,3,17.3234901428223,54,36,169,1604,105
34.6776532858145,0.473535052913564,192,1189.93481445312,1,1405,17,57,5,17.8063678741455,47,13,2396,1457,111
34.4151532862347,0.471451719583564,223,1222.18615722656,3,1240,12,56,1,16.945592880249,-91,17,1162,1889,110
34.4047366195847,0.469368386253564,227,1234.4990234375,0,1237,13,57,1,16.9135341644287,-93,37,1242,1397,109
34.4484866195147,0.469368386253564,211,1210.67651367188,3,1282,14,56,2,17.0690021514893,45,12,893,2175,114
34.5651532859946,0.469368386253564,193,1488.60217285156,1,1377,15,54,3,17.4389629364014,41,21,240,1884,107
34.6255699525646,0.469368386253564,194,1278.37451171875,0,1366,15,56,4,17.646764755249,0,25,1802,1894,108
34.3964032862647,0.465201719593564,223,1197.48767089844,1,1239,11,56,3,16.8591270446777,-53,14,1269,1798,109
34.5714032859846,0.463118386263564,177,1500.85034179688,1,1371,16,57,3,17.4555130004883,37,14,492,1587,108
34.7693199523345,0.461035052933564,175,1316.87365722656,0,1553,14,54,3,18.0434074401855,102,12,2723,1696,111
34.4109866195747,0.458951719603564,198,1200.30493164062,0,1250,10,56,3,16.8648242950439,-21,21,1097,1801,110
34.7734866189945,0.458951719603564,182,1345.32666015625,0,1541,14,55,4,18.0593185424805,-10,27,3139,2101,104
34.5672366193246,0.454785052943564,197,1555.54760742188,1,1342,17,56,2,17.4131507873535,-64,18,470,1739,111
34.8130699522645,0.452701719613564,206,1287.37426757812,0,1594,16,54,11,18.1834201812744,167,19,3427,1751,94
34.9318199520744,0.452701719613564,320,1153.58618164062,0,1735,20,57,45,18.4719104766846,-370,54,3044,1466,76
34.5589032860046,0.450618386283564,158,1607.83898925781,2,1382,17,56,1,17.3614635467529,115,15,99,1502,113
34.6568199525146,0.450618386283564,220,1170.40100097656,0,1368,13,57,4,17.7170944213867,-59,27,2753,1293,105
34.8359866188945,0.450618386283564,178,1248.50048828125,0,1592,16,54,5,18.2297496795654,6,16,4096,1720,99
34.9047366187844,0.446451719623564,240,1143.18713378906,3,1607,15,58,5,18.4087944030762,-57,13,4403,2383,97
34.4672366194846,0.444368386293564,213,1280.32458496094,1,1294,14,55,2,17.0545139312744,-48,19,847,1621,109
34.8651532855145,0.444368386293564,187,1378.15148925781,0,1659,22,57,4,18.3315773010254,118,20,3849,2048,96
34.7964032856245,0.442285052963564,203,1187.451171875,1,1514,14,56,5,18.0959396362305,-62,13,4383,2119,102
34.8547366188645,0.442285052963564,184,1336.4384765625,1,1617,19,57,3,18.2962856292725,-12,15,4478,1783,104
34.6672366191645,0.440201719633564,183,1250.36157226562,0,1401,12,56,4,17.7143478393555,-30,14,2605,1979,102
34.9255699520844,0.440201719633564,265,1115.90612792969,1,1617,16,58,3,18.4413070678711,-103,13,4483,2036,88
34.4609866194946,0.438118386303564,200,1344.22192382812,2,1313,15,54,2,16.9920692443848,49,16,690,1542,108
34.7297366190645,0.438118386303564,194,1280.46838378906,1,1476,13,56,4,17.9067058563232,-53,11,3175,1888,110
34.5026532860946,0.436035052973564,209,1539.79370117188,2,1345,15,54,2,17.1392307281494,-26,15,345,2325,110
34.7422366190445,0.436035052973564,176,1271.41430664062,1,1498,13,56,2,17.9294033050537,61,11,3133,1758,113
34.7339032857245,0.431868386313565,167,1258.96704101562,0,1478,14,56,4,17.901876449585,-5,20,3273,2476,110
34.7380699523845,0.431868386313565,175,1247.58056640625,2,1482,13,56,3,17.9259071350098,26,17,3359,2143,109
34.7547366190245,0.431868386313565,180,1227.22192382812,0,1483,15,55,6,17.9749736785889,-46,18,3663,2019,107
34.8047366189445,0.431868386313565,179,1197.34643554688,0,1545,13,55,4,18.1139221191406,22,18,4396,2392,104
34.5047366194246,0.429785052983565,191,1645.14562988281,1,1356,14,54,3,17.1491775512695,18,16,137,2215,109
34.6547366191846,0.425618386323565,161,1409.47814941406,0,1437,14,52,3,17.6321582794189,-70,17,1738,1614,99
34.6818199524745,0.425618386323565,181,1527.46923828125,2,1475,13,53,7,17.707986831665,78,10,2183,1355,98
34.8568199521945,0.425618386323565,197,1375.77563476562,1,1633,18,55,4,18.2800140380859,49,18,4591,2098,99
34.3880699529447,0.423535052993565,178,1368.6787109375,1,1278,8,56,0,16.67138671875,57,12,675,1981,115
34.6109866192546,0.423535052993565,180,1144.85119628906,0,1331,15,56,5,17.5126724243164,-38,18,1683,2045,107
34.8672366188445,0.421451719663565,174,1420.88256835938,1,1641,16,56,3,18.3019638061523,104,13,4395,2143,107
34.4422366195247,0.419368386333565,223,1440.54052734375,2,1303,13,54,3,16.8732051849365,-68,18,716,2034,106
34.4839032861246,0.419368386333565,226,1582.12463378906,1,1334,13,56,4,17.0392322540283,26,15,417,1774,109
34.5714032859846,0.415201719673565,205,1273.57788085938,0,1314,15,58,2,17.3835773468018,-23,24,1120,1761,112
34.3880699529447,0.413118386343565,185,1302.00317382812,2,1268,8,56,3,16.65234375,23,14,732,2360,108
34.9359866187344,0.413118386343565,235,1120.65551757812,1,1640,16,58,4,18.4432029724121,-56,13,4092,1631,93
34.8734866188344,0.411035053013565,201,1353.78454589844,0,1610,12,57,3,18.303747177124,2,17,4593,2612,106
34.6151532859146,0.408951719683565,185,1144.8505859375,0,1336,14,56,3,17.5100688934326,-22,24,1363,2309,107
34.4089032862447,0.406868386353565,190,1321.43676757812,3,1284,10,57,2,16.6958904266357,23,13,757,2140,105
34.7526532856945,0.406868386353565,173,1255.50146484375,1,1490,16,54,5,17.908109664917,-74,17,4050,2210,105
34.4422366195247,0.404785053023565,206,1535.55932617188,1,1309,9,56,2,16.8273010253906,-59,10,609,2077,106
34.5755699526446,0.404785053023565,228,1198.25964355469,0,1306,16,58,1,17.3737754821777,-29,19,1252,1534,113
34.5734866193146,0.400618386363565,204,1178.728515625,0,1293,18,57,1,17.3577766418457,-72,22,1297,1674,113
34.9359866187344,0.400618386363565,252,1117.72741699219,2,1619,16,59,5,18.4221878051758,-82,11,4383,2569,93
34.7130699524245,0.396451719703565,262,1220.01635742188,2,1448,19,55,2,17.8080787658691,-61,16,3932,1262,106
34.8005699522845,0.396451719703565,188,1359.99011230469,0,1569,16,55,5,18.0716800689697,33,46,4273,1625,102
34.8714032855044,0.396451719703565,174,1310.287109375,1,1598,13,56,4,18.2795753479004,8,14,4744,2497,104
34.4526532861747,0.394368386373565,221,1505.63073730469,1,1325,10,55,2,16.8442478179932,32,16,560,2506,106
34.5047366194246,0.394368386373565,195,1517.28100585938,3,1324,19,57,4,17.0943241119385,5,14,713,1663,109
34.6672366191645,0.394368386373565,160,1415.72204589844,0,1485,15,54,4,17.6201362609863,197,13,1334,1756,98
34.5859866192946,0.390201719713565,169,1230.14135742188,2,1315,15,58,4,17.3587741851807,-1,16,1257,2048,109
34.8005699522845,0.390201719713565,193,1377.74353027344,0,1581,15,54,4,18.0663890838623,70,76,4186,2215,104
34.8672366188445,0.383951719723565,174,1426.70324707031,1,1593,12,56,4,18.2442874908447,1,16,4943,2716,99
34.5255699527246,0.381868386393565,249,1252.55798339844,2,1288,21,55,1,17.1409435272217,-41,14,1111,1459,110
34.5047366194246,0.379785053063565,265,1367.4990234375,1,1319,16,57,1,17.0651988983154,101,18,680,1511,106
34.8547366188645,0.379785053063565,157,1513.75744628906,3,1630,14,55,4,18.2334671020508,138,11,4511,2366,103
34.5172366194046,0.375618386403565,262,1253.37231445312,1,1293,17,56,3,17.088680267334,-21,15,964,1438,109
34.6422366192046,0.375618386403565,159,1293.20825195312,0,1408,15,54,5,17.51198387146,-35,28,696,2321,103
34.6547366191846,0.375618386403565,156,1345.54187011719,0,1442,13,54,4,17.5623512268066,94,28,1368,2280,109
34.5734866193146,0.369368386413565,208,1243.18420410156,2,1312,15,55,3,17.2976665496826,-90,15,1267,2016,108
34.9318199520744,0.369368386413565,247,1128.73107910156,1,1686,19,56,18,18.4126605987549,48,16,4167,1923,90
34.5109866194146,0.367285053083565,284,1257.67736816406,6,1289,13,56,2,17.032039642334,-14,10,1061,1063,109
34.7422366190445,0.367285053083565,186,1305.54296875,0,1488,14,54,3,17.8210964202881,-76,17,4403,1962,102
34.7151532857545,0.365201719753565,172,1323.61450195312,2,1489,16,54,3,17.739164352417,12,15,4237,1864,106
34.4255699528847,0.363118386423565,208,1461.84094238281,2,1286,14,57,3,16.6509895324707,-25,14,733,1678,107
34.6130699525846,0.361035053093565,184,1295.685546875,1,1383,13,55,3,17.4058532714844,14,20,568,2284,105
34.7589032856845,0.361035053093565,163,1285.95166015625,2,1518,12,55,3,17.8707656860352,13,16,4574,2205,105
34.7318199523945,0.358951719763565,171,1321.55993652344,1,1486,14,54,5,17.7833042144775,-32,20,4456,1551,104
34.8839032854844,0.358951719763565,231,1240.38586425781,1,1547,16,54,2,18.2457256317139,-107,21,5345,1108,101
34.6984866191145,0.356868386433565,175,1307.22009277344,1,1480,17,54,4,17.6770992279053,81,20,3881,1537,101
34.7984866189545,0.356868386433565,179,1310.087890625,2,1542,14,55,2,18.0100708007812,-53,16,4863,1793,105
34.4401532861947,0.352701719773565,253,1559.689453125,3,1315,15,57,1,16.6989154815674,69,15,479,2622,116
34.8359866188945,0.352701719773565,188,1453.10278320312,1,1614,21,53,17,18.133617401123,44,30,4782,1853,89
34.7318199523945,0.348535053113565,190,1281.48364257812,1,1466,13,54,2,17.7805709838867,-94,14,4881,1572,104
34.4380699528647,0.346451719783565,235,1479.04833984375,1,1306,14,57,2,16.6839790344238,53,22,472,2212,107
34.9172366187644,0.346451719783565,247,1096.9951171875,2,1564,14,56,2,18.3181037902832,-44,17,5283,1721,97
34.6609866191746,0.344368386453565,170,1352.74169921875,2,1429,16,55,4,17.5255832672119,9,16,1692,1330,100
34.6005699526046,0.342285053123565,188,1403.24169921875,1,1395,13,55,4,17.2949199676514,103,16,409,1500,106
34.5422366193646,0.338118386463565,185,1355.63623046875,0,1322,15,55,3,17.0926342010498,-66,15,1040,1912,105
34.3984866195947,0.333951719803565,201,1555.58044433594,0,1294,13,55,0,16.4293212890625,56,15,432,2463,110
34.5547366193446,0.333951719803565,173,1372.06237792969,2,1345,14,56,4,17.1340274810791,-66,14,947,1500,106
34.4151532862347,0.327701719813565,264,1433.1982421875,1,1271,15,59,2,16.5251331329346,-21,16,683,1726,103
34.9005699521244,0.327701719813565,258,1201.12231445312,0,1582,19,53,3,18.2671356201172,55,52,5070,2008,111
34.8214032855845,0.323535053153565,250,1398.36511230469,0,1564,20,54,4,18.052225112915,9,62,5041,1391,101
34.8422366188845,0.323535053153565,200,1376.04345703125,0,1569,15,50,3,18.1014842987061,-42,99,5183,3074,100
34.4359866195347,0.321451719823565,208,1302.43603515625,1,1278,12,55,1,16.5877838134766,55,17,623,3317,110
34.5443199526946,0.321451719823565,176,1428.34558105469,0,1347,13,56,1,17.0487842559814,-50,15,590,1740,106
34.6068199525946,0.321451719823565,177,1308.20104980469,0,1385,13,55,4,17.3052558898926,73,29,489,2063,104
34.6255699525646,0.321451719823565,203,1313.97045898438,3,1388,13,55,3,17.3679370880127,-9,10,659,1775,102
34.6755699524845,0.321451719823565,189,1250.58447265625,0,1401,12,54,5,17.5611972808838,-110,28,3494,1766,99
34.9130699521044,0.317285053163565,248,1180.86499023438,0,1596,14,52,2,18.2966499328613,64,79,4911,2089,102
34.4359866195347,0.315201719833565,205,1248.13403320312,1,1259,12,56,3,16.5727519989014,-28,15,697,1996,104
34.5651532859946,0.315201719833565,176,1537.24780273438,2,1376,10,55,1,17.1239490509033,30,13,630,2223,105
34.6964032857845,0.315201719833565,180,1285.16662597656,0,1475,15,54,4,17.6212692260742,161,15,4780,2181,103
34.7776532856545,0.313118386503565,180,1370.23742675781,1,1537,17,54,4,17.8726425170898,4,16,5202,1736,102
34.5797366193046,0.308951719843565,162,1414.16845703125,0,1366,11,55,4,17.1824932098389,74,20,686,1663,102
34.7089032857645,0.308951719843565,209,1246.66564941406,2,1413,13,55,2,17.6480731964111,-155,15,5943,2072,100
34.7193199524145,0.308951719843565,202,1238.41857910156,0,1446,12,55,3,17.6726112365723,-75,19,5932,1755,100
34.7693199523345,0.308951719843565,182,1374.66967773438,0,1522,14,54,2,17.8281440734863,-57,18,5327,1290,103
34.5547366193446,0.304785053183565,164,1567.32397460938,1,1395,11,54,2,17.070161819458,144,17,429,1644,104
34.8068199522745,0.304785053183565,218,1386.41479492188,0,1551,18,55,1,17.9713191986084,9,17,5257,1847,103
34.6089032859246,0.300618386523565,177,1267.11169433594,1,1366,11,56,3,17.2666893005371,48,13,775,1713,112
34.4547366195047,0.298535053193565,173,1353.6357421875,2,1290,11,54,4,16.632698059082,20,17,666,2507,100
34.4964032861046,0.298535053193565,189,1214.96752929688,1,1283,11,54,1,16.8421173095703,-62,17,956,2135,107
34.9005699521244,0.298535053193565,261,1213.25024414062,0,1593,25,48,1,18.237133026123,52,98,5139,3298,103
34.5880699526246,0.296451719863565,173,1274.55920410156,2,1341,14,57,2,17.2103977203369,-11,14,995,1857,106
34.7922366189645,0.292285053203565,309,1387.82763671875,0,1537,19,53,7,17.8879833221436,1,93,5228,1459,97
34.8526532855345,0.290201719873565,263,1264.88806152344,0,1548,21,54,3,18.08034324646,-85,58,5414,1758,100
34.7026532857745,0.288118386543565,199,1240.76770019531,0,1446,13,54,8,17.5909194946289,34,16,5474,2045,98
34.7484866190345,0.288118386543565,205,1417.78503417969,5,1535,13,54,4,17.74729347229,4,10,5453,992,98
34.7672366190045,0.288118386543565,192,1561.79064941406,0,1552,13,54,4,17.8152847290039,62,14,5134,1280,105
34.5880699526246,0.281868386553565,175,1253.61901855469,0,1366,11,55,1,17.1764430999756,117,26,1021,2521,109
34.5943199526146,0.281868386553565,181,1253.61901855469,0,1366,11,55,1,17.1764430999756,117,26,1021,2521,109
34.6359866192146,0.281868386553565,197,1204.19201660156,1,1357,13,55,5,17.3435077667236,-60,22,1309,1568,103
34.6901532857945,0.281868386553565,202,1254.63000488281,0,1429,14,54,7,17.5461235046387,38,19,4639,1855,99
34.6776532858145,0.279785053223565,184,1250.10339355469,0,1420,11,55,4,17.4892635345459,30,22,3522,1697,106
34.4984866194346,0.277701719893565,171,1243.87670898438,2,1288,12,55,7,16.7974281311035,-23,13,1029,2125,102
34.7005699524445,0.273535053233565,191,1294.01147460938,0,1444,15,54,3,17.5570850372314,-33,20,4636,1440,104
34.7255699524045,0.273535053233565,189,1325.98950195312,0,1490,14,53,8,17.6347751617432,-25,16,4174,1650,97
34.6339032858846,0.271451719903565,202,1203.80383300781,2,1341,13,56,6,17.327808380127,-115,16,1599,1729,104
34.6339032858846,0.269368386573565,208,1203.80383300781,2,1341,13,56,6,17.327808380127,-115,16,1599,1729,104
34.6505699525246,0.269368386573565,200,1200.77294921875,0,1384,13,56,3,17.3924598693848,34,21,1949,3330,105
34.8547366188645,0.269368386573565,283,1274.00439453125,0,1580,15,52,3,18.093900680542,12,98,5042,1654,100
34.7109866190945,0.267285053243565,183,1315.08142089844,0,1475,13,54,2,17.5711898803711,76,15,4319,1694,108
34.6130699525846,0.265201719913565,179,1294.96801757812,1,1363,11,54,4,17.2321510314941,-9,17,1523,2343,104
34.9401532853944,0.265201719913565,251,1156.32434082031,0,1625,16,55,2,18.3183326721191,-24,33,4743,1612,100
34.4943199527746,0.263118386583565,198,1310.51867675781,1,1297,11,56,3,16.7105407714844,-70,12,961,1659,101
34.6547366191846,0.261035053253565,186,1188.34875488281,0,1396,14,55,4,17.4104042053223,3,22,2590,1712,101
34.9443199520544,0.261035053253565,246,1156.32434082031,0,1625,16,55,2,18.3183326721191,-24,33,4743,1612,100
34.4047366195847,0.254785053263565,189,1268.40344238281,0,1258,8,54,5,16.2687606811523,-25,18,1041,1744,103
34.4068199529147,0.254785053263565,178,1268.40344238281,0,1258,8,54,5,16.2687606811523,-25,18,1041,1744,103
34.5609866193346,0.254785053263565,166,1391.7978515625,1,1359,12,54,4,16.9792003631592,32,11,972,1786,101
34.9318199520744,0.254785053263565,230,1189.48974609375,2,1605,20,54,6,18.2947196960449,-55,18,4899,1847,96
34.7651532856745,0.252701719933565,195,1299.13757324219,1,1504,15,56,5,17.7612342834473,-4,19,3382,1750,103
34.5401532860346,0.250618386603565,189,1500.3125,0,1391,13,54,4,16.8713092803955,59,38,656,1901,96
34.4880699527846,0.248535053273565,211,1382.61560058594,0,1317,12,58,4,16.6575374603271,-140,18,926,2023,97
34.5818199526346,0.248535053273565,170,1423.42810058594,0,1404,12,54,3,17.0506744384766,103,17,856,1645,103
34.4651532861546,0.244368386613565,183,1417.24011230469,1,1335,10,56,2,16.530200958252,-17,16,481,1797,100
34.8693199521745,0.244368386613565,227,1328.57604980469,0,1598,16,49,3,18.1013412475586,4,99,4960,2325,98
34.4234866195547,0.242285053283565,206,1320.20910644531,0,1299,12,55,6,16.3014545440674,51,20,552,1342,100
34.4922366194446,0.240201719953565,207,1455.97570800781,0,1350,14,58,6,16.6222152709961,-56,30,712,1916,96
34.5234866193946,0.240201719953565,216,1532.95690917969,0,1400,12,54,5,16.7720241546631,111,17,297,1401,103
34.6714032858245,0.240201719953565,168,1311.34521484375,0,1443,12,55,2,17.4117050170898,50,13,2204,2039,105
34.4630699528246,0.238118386623565,198,1416.25415039062,1,1329,12,56,2,16.5049285888672,-48,26,640,1839,98
34.4943199527746,0.238118386623565,204,1455.97570800781,0,1350,14,58,6,16.6222152709961,-56,30,712,1916,96
34.5776532859746,0.238118386623565,186,1458.18627929688,3,1399,16,54,4,16.9939155578613,-25,22,952,1939,101
34.5818199526346,0.236035053293565,184,1454.26110839844,0,1404,16,55,5,17.027473449707,-37,22,952,1669,104
34.5255699527246,0.231868386633565,204,1511.90466308594,1,1394,12,56,2,16.7548789978027,28,18,419,1370,110
34.4068199529147,0.223535053313565,166,1278.93188476562,1,1280,10,55,3,16.1647891998291,34,26,1037,1685,103
34.4714032861446,0.223535053313565,210,1436.73876953125,1,1362,12,56,3,16.4997329711914,46,21,324,2278,105
34.7255699524045,0.223535053313565,163,1368.96057128906,1,1540,15,54,2,17.5535640716553,193,21,1461,1754,98
34.8318199522345,0.223535053313565,182,1445.17358398438,1,1558,17,53,4,17.9548816680908,12,21,4760,3032,99
34.6672366191645,0.219368386653565,194,1438.9248046875,3,1460,19,56,8,17.3359680175781,34,18,1872,1564,96
34.7818199523145,0.217285053323565,194,1572.92907714844,0,1548,18,54,5,17.7803287506104,-8,29,3935,2517,99
34.5776532859746,0.211035053333565,184,1341.529296875,1,1394,16,55,4,16.95263671875,-4,22,858,2088,103
34.4026532862547,0.208951720003565,169,1439.69079589844,1,1295,10,56,4,16.05637550354,13,13,883,1688,103
34.7130699524245,0.208951720003565,174,1357.0390625,2,1519,15,54,2,17.4959545135498,123,12,1301,1617,97
34.8401532855545,0.208951720003565,216,1215.40319824219,1,1497,14,53,3,17.9482803344727,-113,15,5177,3377,98
34.4630699528246,0.206868386673565,162,1321.93823242188,1,1323,10,57,2,16.4274063110352,-86,20,784,1434,102
34.8568199521945,0.206868386673565,300,1223.72399902344,0,1553,21,52,5,18.0042533874512,94,26,4861,1431,98
34.4922366194446,0.200618386683565,198,1347.25634765625,4,1336,11,55,4,16.5339488983154,-127,10,993,1847,98
34.8401532855545,0.200618386683565,230,1195.71789550781,1,1506,16,53,8,17.9382266998291,-29,19,5370,2864,95
34.7089032857645,0.198535053353565,187,1417.52062988281,1,1497,16,55,3,17.4529628753662,31,18,1007,1272,100
34.7859866189745,0.198535053353565,186,1642.17919921875,0,1564,16,54,5,17.7521705627441,-1,31,3543,1815,99
34.8401532855545,0.194368386693565,233,1195.71789550781,1,1506,16,53,8,17.9382266998291,-29,19,5370,2864,95
34.5276532860546,0.192285053363565,185,1351.80480957031,2,1377,13,55,3,16.6731967926025,-32,20,726,1274,100
34.3901532862747,0.190201720033565,193,1347.41040039062,0,1282,13,58,5,15.9686937332153,-24,23,871,2122,101
34.7255699524045,0.186035053373565,199,1411.01049804688,1,1510,18,56,3,17.5032234191895,32,27,1640,2304,97
34.7234866190745,0.181868386713565,181,1377.11779785156,4,1509,19,55,6,17.5008010864258,170,11,1417,1876,99
34.5797366193046,0.179785053383565,195,1414.13513183594,0,1417,14,54,5,16.9072170257568,-101,44,982,1513,101
34.6464032858646,0.179785053383565,182,1506.79333496094,3,1487,14,55,6,17.1877403259277,37,14,1020,2038,95
34.6859866191345,0.179785053383565,185,1392.21643066406,2,1478,15,56,2,17.3420486450195,23,10,1112,1957,98
34.4359866195347,0.173535053393565,183,1347.23791503906,2,1320,10,57,5,16.151403427124,-1,15,903,1932,105
34.6214032859046,0.173535053393565,183,1568.09924316406,1,1493,16,56,3,17.0543327331543,105,19,727,2860,98
34.7880699523045,0.171451720063565,188,1250.57336425781,3,1502,16,54,8,17.7446918487549,42,11,4097,2173,98
34.4880699527846,0.163118386743565,172,1458.97729492188,2,1417,13,55,3,16.4317016601562,123,14,370,2100,96
34.4922366194446,0.161035053413565,188,1458.97729492188,2,1417,13,55,3,16.4317016601562,123,14,370,2100,96
34.5089032860846,0.158951720083566,196,1404.20776367188,1,1402,13,56,3,16.5056018829346,-13,26,614,1598,99
34.5359866193746,0.154785053423566,193,1409.13745117188,1,1422,12,55,5,16.6245765686035,-17,17,553,1548,98
34.5276532860546,0.140201720113566,236,1447.64855957031,6,1427,12,56,2,16.5439319610596,5,14,560,1800,99
34.6443199525346,0.140201720113566,205,1327.79235839844,0,1445,13,57,5,17.0887794494629,-6,29,1122,1684,100
34.7505699523645,0.140201720113566,201,1387.54162597656,0,1529,15,55,4,17.5395336151123,33,15,1938,1246,99
34.6568199525146,0.133951720123566,194,1358.23022460938,0,1466,14,57,2,17.1416110992432,-107,51,1231,1633,100
34.6297366192246,0.131868386793566,219,1385.71911621094,1,1462,14,56,5,17.0336265563965,-90,24,1008,2705,98
34.6693199524945,0.131868386793566,178,1405.30822753906,2,1488,12,55,4,17.1632022857666,-77,13,889,1703,101
34.4776532861346,0.121451720143566,232,1529.513671875,1,1417,13,56,4,16.2341766357422,-7,19,412,1669,95
34.5609866193346,0.104785053503566,213,1389.42736816406,0,1420,14,56,4,16.6489448547363,-48,24,1356,2115,96
